SMILES,CAN_SMILES,pf_IC50
COc1ccccc1CNC(=O)CCN2C(=O)Nc3ccsc3C2=O,COc1ccccc1CNC(=O)CCn1c(=O)[nH]c2ccsc2c1=O,0.14
CN(C)c1ccc(cc1)C(O)(c2ccc(cc2)N(C)C)c3ccc(cc3)N(C)C,CN(C)c1ccc(C(O)(c2ccc(N(C)C)cc2)c2ccc(N(C)C)cc2)cc1,0.255
c1(cc(c2ccc(C)cc2)n3)n3ccnc1SCC(=O)Nc(c(Cl)ccc4C(F)(F)F)c4,Cc1ccc(-c2cc3c(SCC(=O)Nc4cc(C(F)(F)F)ccc4Cl)nccn3n2)cc1,0.0928
CCOC(=O)C1=C(N=C2SC(=Cc3cc(C)n(c3C)c4ccc(F)cc4)C(=O)N2C1c5cccc(OC)c5OC)c6ccccc6,CCOC(=O)C1=C(c2ccccc2)N=c2sc(=Cc3cc(C)n(-c4ccc(F)cc4)c3C)c(=O)n2C1c1cccc(OC)c1OC,0.154
CCOC(=O)c1cnc2c(C)cc(C)cc2c1Nc3ccc(OC)c(OC)c3,CCOC(=O)c1cnc2c(C)cc(C)cc2c1Nc1ccc(OC)c(OC)c1,0.232
n1(n2)c(nc(C)cc1Nc(cc(C)cc3C)c3)nc2C(F)(F)F,Cc1cc(C)cc(Nc2cc(C)nc3nc(C(F)(F)F)nn23)c1,0.0857
CCC1(C)CC(CCNCc2ccccc2O)(CCO1)c3ccc(C)cc3,CCC1(C)CC(CCNCc2ccccc2O)(c2ccc(C)cc2)CCO1,0.14200000000000002
CCC1=C(C)C(=N)c2ccccc2N1C,CCc1c(C)c(=N)c2ccccc2n1C,0.378
Cc1cc(C=C2SC(=Nc3ccccc3)N(C4CCCC4)C2=O)c(C)n1c5ccc(Cl)cc5,Cc1cc(C=C2SC(=Nc3ccccc3)N(C3CCCC3)C2=O)c(C)n1-c1ccc(Cl)cc1,0.263
Cc1cccc(Nc2nc(N)c3ccccc3n2)c1,Cc1cccc(Nc2nc(N)c3ccccc3n2)c1,0.4
COc1cc(OC)c(cc1Cl)N(C)C(=O)c2cc3CS(=O)(=O)c4ccccc4c3s2,COc1cc(OC)c(N(C)C(=O)c2cc3c(s2)-c2ccccc2S(=O)(=O)C3)cc1Cl,0.0782
Cc1ccc(cc1)N2C(=O)C3C(C2=O)C4(C(=O)C3(C(=C4c5ccccc5)c6ccccc6)c7ccccc7)c8ccccc8,Cc1ccc(N2C(=O)C3C(C2=O)C2(c4ccccc4)C(=O)C3(c3ccccc3)C(c3ccccc3)=C2c2ccccc2)cc1,0.28200000000000003
COc1ccc(Br)cc1C2Nc3ccc4ccccc4c3C5=C2C(=O)CC(C5)c6ccccc6,COc1ccc(Br)cc1C1Nc2ccc3ccccc3c2C2=C1C(=O)CC(c1ccccc1)C2,0.18
CCc1ccc(Nc2cc(C)c3ccc(O)cc3n2)cc1,CCc1ccc(Nc2cc(C)c3ccc(O)cc3n2)cc1,0.194
CCn1c(CN2CCN(Cc3ccccc3)CC2)nc4cc(NC(=O)c5cccs5)ccc14,CCn1c(CN2CCN(Cc3ccccc3)CC2)nc2cc(NC(=O)c3cccs3)ccc21,0.512
C(F)(F)(F)c(cc1)ccc1C(=O)NCC(N2CCCCCC2)c(ccs3)c3,O=C(NCC(c1ccsc1)N1CCCCCC1)c1ccc(C(F)(F)F)cc1,0.433
Fc1ccc2[nH]c3c(NCCCN4CCOCC4)ncnc3c2c1,Fc1ccc2[nH]c3c(NCCCN4CCOCC4)ncnc3c2c1,0.34500000000000003
CCCCCC(=O)N1C(C2=C(O)CC(CC2=Nc3ccccc13)c4ccc(OC)c(OC)c4)c5ccc(cc5)C(F)(F)F,CCCCCC(=O)N1c2ccccc2N=C2CC(c3ccc(OC)c(OC)c3)CC(O)=C2C1c1ccc(C(F)(F)F)cc1,0.23700000000000002
CCCC1=C(CC)C(=N)c2ccccc2N1C,CCCc1c(CC)c(=N)c2ccccc2n1C,0.2425
Cc1cc(Nc2ccc(C)c(Cl)c2)n3nc(nc3n1)C(F)(F)F,Cc1cc(Nc2ccc(C)c(Cl)c2)n2nc(C(F)(F)F)nc2n1,0.00671
Cc1cc(NCCN2CCCCC2)c3ccc4ccccc4c3n1,Cc1cc(NCCN2CCCCC2)c2ccc3ccccc3c2n1,0.3
CCOC(=O)C1=CN(CC)c2cc(N(C)CCc3ccc(OC)c(OC)c3)c(F)cc2C1=O,CCOC(=O)c1cn(CC)c2cc(N(C)CCc3ccc(OC)c(OC)c3)c(F)cc2c1=O,0.20500000000000002
CC1CCN(Cc2ccc(NC(=O)c3cc4ccc5cccnc5c4[nH]3)cc2)CC1,CC1CCN(Cc2ccc(NC(=O)c3cc4ccc5cccnc5c4[nH]3)cc2)CC1,0.274
CSc1ccccc1C(=O)Nc2nc(cs2)c3ccccn3,CSc1ccccc1C(=O)Nc1nc(-c2ccccn2)cs1,0.20600000000000002
[O-][N+](=O)c1ccc(C=NNc2nc3ccccc3[nH]2)cc1,O=[N+]([O-])c1ccc(C=NNc2nc3ccccc3[nH]2)cc1,0.14200000000000002
COc1ccc(cc1)c2nc(NC(=O)CS(=O)(=O)c3ccc(F)cc3)sc2C,COc1ccc(-c2nc(NC(=O)CS(=O)(=O)c3ccc(F)cc3)sc2C)cc1,0.448
COc1ccc(cc1N2C(=O)C3C(C2=O)C4(C(=O)C3(C(=C4c5ccc(C)cc5)c6ccc(C)cc6)c7ccccc7)c8ccccc8)C(=O)C,COc1ccc(C(C)=O)cc1N1C(=O)C2C(C1=O)C1(c3ccccc3)C(=O)C2(c2ccccc2)C(c2ccc(C)cc2)=C1c1ccc(C)cc1,0.179
CN(C)CCCNc1c2ccccc2nc3ccccc13,CN(C)CCCNc1c2ccccc2nc2ccccc12,0.23500000000000001
CNCCCNc1ccnc2cc(Cl)ccc12,CNCCCNc1ccnc2cc(Cl)ccc12,0.08220000000000001
COc1cccc(NC(=O)[C@H](C(C)C)N2C(=O)Nc3ccccc3C2=O)c1,COc1cccc(NC(=O)[C@H](C(C)C)n2c(=O)[nH]c3ccccc3c2=O)c1,0.139
COc1ccc(cc1)C2=C(c3ccc(OC)cc3)C4(C5C(C(=O)N(C5=O)c6ccc(C)cc6)C2(C4=O)c7ccccc7)c8ccccc8,COc1ccc(C2=C(c3ccc(OC)cc3)C3(c4ccccc4)C(=O)C2(c2ccccc2)C2C(=O)N(c4ccc(C)cc4)C(=O)C23)cc1,0.148
CSC1=NC(=Nc2c(C)cccc2C)C3(CCC(CC3)C(C)(C)C)N1c4ccc(Cl)cc4,CSC1=NC(=Nc2c(C)cccc2C)C2(CCC(C(C)(C)C)CC2)N1c1ccc(Cl)cc1,0.135
c1(cc(c2ccc(OC)cc2)n3)n3ccnc1SCC(=O)Nc(c(Cl)ccc4C(F)(F)F)c4,COc1ccc(-c2cc3c(SCC(=O)Nc4cc(C(F)(F)F)ccc4Cl)nccn3n2)cc1,0.08990000000000001
n1(nc(C)c2c3ccc(OC)c(OC)c3)c2ncc(C#N)c1N,COc1ccc(-c2c(C)nn3c(N)c(C#N)cnc23)cc1OC,0.47700000000000004
c12c(CC(C(O)=O)NC1c3ccc(Cl)cc3Cl)c4c(cccc4)[nH]2,O=C(O)C1Cc2c([nH]c3ccccc23)C(c2ccc(Cl)cc2Cl)N1,0.35000000000000003
COc1ccccc1CNC(=O)CCN2C(=O)Nc3ccccc3C2=O,COc1ccccc1CNC(=O)CCn1c(=O)[nH]c2ccccc2c1=O,0.0726
Oc1ccccc1CNCC23CC4CC(CC(C4)C2)C3,Oc1ccccc1CNCC12CC3CC(CC(C3)C1)C2,0.022600000000000002
COc1ccc(C=C2SC(=N)N(C2=O)c3ccccc3OC)cc1,COc1ccc(C=C2SC(=N)N(c3ccccc3OC)C2=O)cc1,0.168
CC(C)(C)c1ccc(O)c(CNC2CCCCC2)c1,CC(C)(C)c1ccc(O)c(CNC2CCCCC2)c1,0.161
CCOC(=O)c1c(NC(=O)c2ccccc2)sc3c(O)c(CN(CC)CC)ccc13,CCOC(=O)c1c(NC(=O)c2ccccc2)sc2c(O)c(CN(CC)CC)ccc12,0.20500000000000002
n1(ncn2)c2nc(C)cc1Nc(ccc(cccc3)c34)c4,Cc1cc(Nc2ccc3ccccc3c2)n2ncnc2n1,0.242
COc1ccc(NC(=O)C2C(N(CC(C)C)C(=O)c3ccccc23)c4cccs4)cc1Cl,COc1ccc(NC(=O)C2c3ccccc3C(=O)N(CC(C)C)C2c2cccs2)cc1Cl,0.0202
CCOC(=O)c1c(C)n(c2ccc(Cl)cc2)c3ccc(OC(=O)C=Cc4ccccc4)cc13,CCOC(=O)c1c(C)n(-c2ccc(Cl)cc2)c2ccc(OC(=O)C=Cc3ccccc3)cc12,0.2155
CN1CCN(CC1)c2ccc(Nc3c4ccccc4nc5ccccc35)cc2,CN1CCN(c2ccc(Nc3c4ccccc4nc4ccccc34)cc2)CC1,0.14150000000000001
CN(C)c1ccc(C=CC2=NC(=O)c3ccccc3O2)cc1,CN(C)c1ccc(C=Cc2nc(=O)c3ccccc3o2)cc1,0.051500000000000004
c(c(ccn1)NCCN(CC)CC)(ccc(Cl)c2)c12,CCN(CC)CCNc1ccnc2cc(Cl)ccc12,0.058100000000000006
CC1CN(CC(C)O1)C(=O)c2sc3ccccc3c2Cl,CC1CN(C(=O)c2sc3ccccc3c2Cl)CC(C)O1,0.025500000000000002
CCCN(CCC)CC(O)COc1ccccc1C(=O)Nc2ccccc2,CCCN(CCC)CC(O)COc1ccccc1C(=O)Nc1ccccc1,0.196
COc1ccc2nccc(C(O)C3CC4(CCN3CC4)C=C)c2c1,C=CC12CCN(CC1)C(C(O)c1ccnc3ccc(OC)cc13)C2,0.0423
CCC(c1ccccc1)c2nn3c(nnc3s2)c4cccs4,CCC(c1ccccc1)c1nn2c(-c3cccs3)nnc2s1,0.259
C(c1ccccc1)n2c(N=Nc3c(Nc4ccccc4)ccc5ccccc35)nc6ccccc26,c1ccc(Cn2c(N=Nc3c(Nc4ccccc4)ccc4ccccc34)nc3ccccc32)cc1,0.0368
OC(CNC1CCCCC1)Cn2c3ccccc3c4ccccc24,OC(CNC1CCCCC1)Cn1c2ccccc2c2ccccc21,0.293
Cc1cc(C)c2CN(Cc3ccccc3Cl)COc2c1,Cc1cc(C)c2c(c1)OCN(Cc1ccccc1Cl)C2,0.268
Cc1ccc(cc1)N2C3N(c4ccccc4C2N(c5ccccc35)S(=O)(=O)c6ccc(C)cc6)S(=O)(=O)c7ccc(C)cc7,Cc1ccc(N2C3c4ccccc4N(S(=O)(=O)c4ccc(C)cc4)C2c2ccccc2N3S(=O)(=O)c2ccc(C)cc2)cc1,0.024800000000000003
CC(C)CN1C(C(C(=O)Nc2cc(C)on2)c3ccccc3C1=O)c4cccs4,Cc1cc(NC(=O)C2c3ccccc3C(=O)N(CC(C)C)C2c2cccs2)no1,0.032799999999999996
c12c(ncnc1NCCN(CC)CC)c3c(ccc(Cl)c3)[nH]2,CCN(CC)CCNc1ncnc2c1[nH]c1ccc(Cl)cc12,0.406
Cc1ccc(cc1)c2cc3nc4CCCCc4c(O)n3n2,Cc1ccc(-c2cc3nc4c(c(O)n3n2)CCCC4)cc1,0.396
COc1ccccc1N=C2C(=O)c3ccccc3C(=C2N4CCCCC4)O,COc1ccccc1N=C1C(=O)c2ccccc2C(O)=C1N1CCCCC1,0.0053
COc1ccc2C(=O)C=C(Oc2c1)C(Cl)(Cl)Cl,COc1ccc2c(=O)cc(C(Cl)(Cl)Cl)oc2c1,0.52
CCCc1cc(O)c2C3=C(CN(C)CC3)C(=O)Oc2c1,CCCc1cc(O)c2c3c(c(=O)oc2c1)CN(C)CC3,0.146
c1(cnc(c2c1O)ccc(CC)c2)C(OCC)=O,CCOC(=O)c1cnc2ccc(CC)cc2c1O,0.35100000000000003
COc1ccc(cc1)c2nc3cc(Cc4ccc5[nH]c(nc5c4)c6ccc(OC)cc6)ccc3[nH]2,COc1ccc(-c2nc3cc(Cc4ccc5[nH]c(-c6ccc(OC)cc6)nc5c4)ccc3[nH]2)cc1,0.1765
CCN1CCN(Cc2ccc(NC(=O)c3cc4ccc5cccnc5c4[nH]3)cc2)CC1,CCN1CCN(Cc2ccc(NC(=O)c3cc4ccc5cccnc5c4[nH]3)cc2)CC1,0.361
COc1ccc(c(OC)c1)n2ccnc2SCC(=O)Nc3cc(C)ccc3C,COc1ccc(-n2ccnc2SCC(=O)Nc2cc(C)ccc2C)c(OC)c1,0.17
CCCCCCOC(=O)C1=C(C)NC(=O)NC1c2ccccc2F,CCCCCCOC(=O)C1=C(C)NC(=O)NC1c1ccccc1F,0.106
n1(n2)c(nc(C)cc1Nc(cc3)ccc3Cl)nc2C(F)(F)F,Cc1cc(Nc2ccc(Cl)cc2)n2nc(C(F)(F)F)nc2n1,0.212
COc1cccc(C=CC2=NC(=O)c3ccccc3O2)c1OC,COc1cccc(C=Cc2nc(=O)c3ccccc3o2)c1OC,0.0238
CCOc1cc2CCNC(c3cc(OC)c(O)cc3Cl)c2cc1OCC,CCOc1cc2c(cc1OCC)C(c1cc(OC)c(O)cc1Cl)NCC2,0.37
CCOC(=O)C1=CN(CC)c2cc(N3CCCCC3)c(F)cc2C1=O,CCOC(=O)c1cn(CC)c2cc(N3CCCCC3)c(F)cc2c1=O,0.11900000000000001
n1c(NCCO)c2c(cccc2)nc1Nc(ccc(C)c3C)c3,Cc1ccc(Nc2nc(NCCO)c3ccccc3n2)cc1C,0.428
C1(O)(CC(=O)c(ccc(OC)c2)c2O1)C(F)(F)C(F)(F)F,COc1ccc2c(c1)OC(O)(C(F)(F)C(F)(F)F)CC2=O,0.28300000000000003
COc1ccc(NC(=O)C2C(N(CC(C)C)C(=O)c3ccccc23)c4cccs4)cc1,COc1ccc(NC(=O)C2c3ccccc3C(=O)N(CC(C)C)C2c2cccs2)cc1,0.0367
c1(cc(c2ccccc2)n3)n3ccnc1SCC(=O)Nc(c(Cl)ccc4C(F)(F)F)c4,O=C(CSc1nccn2nc(-c3ccccc3)cc12)Nc1cc(C(F)(F)F)ccc1Cl,0.218
C1CN(CCO1)c2ccc(Nc3ccnc4cc5ccccc5cc34)cc2,c1ccc2cc3c(Nc4ccc(N5CCOCC5)cc4)ccnc3cc2c1,0.251
CCOC(=O)c1ccc2nc(cc(O)c2c1)c3ccccc3,CCOC(=O)c1ccc2nc(-c3ccccc3)cc(O)c2c1,0.11800000000000001
[n+]1(C)c2c(cccc2)nc(ccc(NCCO)c3)c13,C[n+]1c2ccccc2nc2ccc(NCCO)cc21,0.296
COc1ccc(cc1Cl)C(=O)Nc2nonc2c3ccc(OC)c(OC)c3,COc1ccc(C(=O)Nc2nonc2-c2ccc(OC)c(OC)c2)cc1Cl,0.516
Cc1ccc(Nc2nc(cs2)c3ccccn3)cc1,Cc1ccc(Nc2nc(-c3ccccn3)cs2)cc1,0.35000000000000003
CCOc1ccc(cc1OCC)c2nonc2NC(=O)c3cccc(C)c3,CCOc1ccc(-c2nonc2NC(=O)c2cccc(C)c2)cc1OCC,0.117
Cc1ccc(cc1)c2cc3C(=O)c4ccccc4c3nn2,Cc1ccc(-c2cc3c(nn2)-c2ccccc2C3=O)cc1,0.09440000000000001
CCOc1cc(Cl)c(cc1OCC)C(C)NC(=O)c2ccccc2,CCOc1cc(Cl)c(C(C)NC(=O)c2ccccc2)cc1OCC,1.37
CC1CCCCN1CCCNC(=O)c2ccc3c(c2)sc4nc(cn34)c5ccc(F)cc5,CC1CCCCN1CCCNC(=O)c1ccc2c(c1)sc1nc(-c3ccc(F)cc3)cn12,0.648
CCN1C(=Nc2ccccc2C1=O)SCC(=O)Nc3cc(ccc3Cl)C(F)(F)F,CCn1c(SCC(=O)Nc2cc(C(F)(F)F)ccc2Cl)nc2ccccc2c1=O,1.0
Clc1ccc(C(=O)Nc2ccc(Cl)cc2C(=O)Nc3ccncc3)c(Cl)c1,O=C(Nc1ccc(Cl)cc1C(=O)Nc1ccncc1)c1ccc(Cl)cc1Cl,
Cc1ccc(Cn2c(nc3ccccc23)N4CCC(CC4)C(=O)NCc5cccs5)cc1,Cc1ccc(Cn2c(N3CCC(C(=O)NCc4cccs4)CC3)nc3ccccc32)cc1,0.9470000000000001
CCCCc1ccc(NS(=O)(=O)c2cc3CCN4C(=O)CCc(c2)c34)cc1,CCCCc1ccc(NS(=O)(=O)c2cc3c4c(c2)CCN4C(=O)CC3)cc1,0.538
Clc1ccc(NC(=O)N2CCN(CC2)c3ccc4nncn4n3)cc1,O=C(Nc1ccc(Cl)cc1)N1CCN(c2ccc3nncn3n2)CC1,
COc1ccc(cc1)C2Sc3ccccc3N=C4C2=C(O)c5ccccc45,COc1ccc(C2Sc3ccccc3N=C3C2=C(O)c2ccccc23)cc1,0.845
Oc1ccc(Cl)cc1CNc2nc3ccccc3[nH]2,Oc1ccc(Cl)cc1CNc1nc2ccccc2[nH]1,
CC(C)(C)CC(C)(C)NCC(O)COc1ccc2CCCc2c1,CC(C)(C)CC(C)(C)NCC(O)COc1ccc2c(c1)CCC2,
FC(F)(F)c1cccc(CNC2CCN(CCc3ccccc3)CC2)c1,FC(F)(F)c1cccc(CNC2CCN(CCc3ccccc3)CC2)c1,0.685
CCC(C)NCC(O)(c1ccc(Cl)cc1)c2ccc(Cl)cc2,CCC(C)NCC(O)(c1ccc(Cl)cc1)c1ccc(Cl)cc1,0.642
COCCN(C(C(=O)NCc1ccc(OC)cc1)c2ccc(cc2)C(C)C)C(=O)Cc3cccs3,COCCN(C(=O)Cc1cccs1)C(C(=O)NCc1ccc(OC)cc1)c1ccc(C(C)C)cc1,1.19
COCCNC(=O)c1ccc(OC2CCN(Cc3ccc(F)c(F)c3)CC2)c(Cl)c1,COCCNC(=O)c1ccc(OC2CCN(Cc3ccc(F)c(F)c3)CC2)c(Cl)c1,
CCOc1ccccc1CNC(=O)C2C(N(CC(C)C)C(=O)c3ccccc23)c4cccs4,CCOc1ccccc1CNC(=O)C1c2ccccc2C(=O)N(CC(C)C)C1c1cccs1,1.32
CC(O)(C(CN1CCCCC1)c2ccccc2)c3ccc(Cl)cc3,CC(O)(c1ccc(Cl)cc1)C(CN1CCCCC1)c1ccccc1,
Brc1ccccc1C(=O)Nc2nc(cs2)c3ccccn3,O=C(Nc1nc(-c2ccccn2)cs1)c1ccccc1Br,1.36
CCOc1ccc(C=CC2=NC(=O)c3ccccc3O2)cc1,CCOc1ccc(C=Cc2nc(=O)c3ccccc3o2)cc1,0.56
c1ccc(cc1)c2ccc(cc2)c3nc4ccccc4[nH]3,c1ccc(-c2ccc(-c3nc4ccccc4[nH]3)cc2)cc1,1.07
Fc1ccccc1C(=O)N(Cc2ccc(Cl)cc2)c3ccccn3,O=C(c1ccccc1F)N(Cc1ccc(Cl)cc1)c1ccccn1,
CCN(CC)CCCNc1nc(nc2ccccc12)c3ccc(Cl)cc3,CCN(CC)CCCNc1nc(-c2ccc(Cl)cc2)nc2ccccc12,
CCCCNCC(O)(c1ccc(Cl)cc1)c2ccc(Cl)cc2,CCCCNCC(O)(c1ccc(Cl)cc1)c1ccc(Cl)cc1,0.843
Clc1ccc(cc1)C2(CN3CCC(CC3)NC(=O)CCc4occc4)CCC2,O=C(CCc1ccco1)NC1CCN(CC2(c3ccc(Cl)cc3)CCC2)CC1,1.1400000000000001
Oc1ccccc1NC(=O)c2oc(cc2)c3ccc(Cl)cc3Cl,O=C(Nc1ccccc1O)c1ccc(-c2ccc(Cl)cc2Cl)o1,
Clc1ccc(cc1)S(=O)(=O)N2CCC(CC2)C(=O)NCc3occc3,O=C(NCc1ccco1)C1CCN(S(=O)(=O)c2ccc(Cl)cc2)CC1,0.8905000000000001
CCOc1cccc2sc(nc12)N(Cc3cccnc3)C(=O)C4CCCCC4,CCOc1cccc2sc(N(Cc3cccnc3)C(=O)C3CCCCC3)nc12,
Fc1cccc(c1)c2nnc3ccc(SCC(=O)Nc4ccc5OCOc5c4)nn23,O=C(CSc1ccc2nnc(-c3cccc(F)c3)n2n1)Nc1ccc2c(c1)OCO2,
COc1ccc(cc1)C(=O)Nc2ccc(Cl)cc2C(=O)Nc3ccncc3,COc1ccc(C(=O)Nc2ccc(Cl)cc2C(=O)Nc2ccncc2)cc1,
COc1cccc(NC(=O)Cn2c(C)c(C#N)c3ccccc23)c1,COc1cccc(NC(=O)Cn2c(C)c(C#N)c3ccccc32)c1,1.09
Oc1ccc(Cl)cc1C(=O)Nc2cccc(c2)C(F)(F)F,O=C(Nc1cccc(C(F)(F)F)c1)c1cc(Cl)ccc1O,
CC(=CCN1CCC(CC1)C(=O)Nc2ccc(cc2)c3nc4ccccc4[nH]3)C,CC(C)=CCN1CCC(C(=O)Nc2ccc(-c3nc4ccccc4[nH]3)cc2)CC1,1.16
FC(F)(F)c1ccc(Nc2nnnc3ccccc23)cc1,FC(F)(F)c1ccc(Nc2nnnc3ccccc23)cc1,
CN(C)c1ccc(cc1)c2nc3cc(N)ccc3[nH]2,CN(C)c1ccc(-c2nc3cc(N)ccc3[nH]2)cc1,
COc1cccc(O)c1CN2CCC3(CCCN(Cc4ccc(F)cc4)C3)C2,COc1cccc(O)c1CN1CCC2(CCCN(Cc3ccc(F)cc3)C2)C1,0.53
Cc1c(C)n(Cc2ccc(F)cc2)c3ccc(cc13)C(=O)NCc4occc4,Cc1c(C)n(Cc2ccc(F)cc2)c2ccc(C(=O)NCc3ccco3)cc12,
CCN1CCN(CC1)c2cc(C)c3cc(NC(=O)c4ccc(OC)c(OC)c4)ccc3n2,CCN1CCN(c2cc(C)c3cc(NC(=O)c4ccc(OC)c(OC)c4)ccc3n2)CC1,1.86
COc1ccccc1N2CCN(CC2)C(CNS(=O)(=O)c3ccc(Cl)cc3)c4cccnc4,COc1ccccc1N1CCN(C(CNS(=O)(=O)c2ccc(Cl)cc2)c2cccnc2)CC1,
FC(F)(F)c1cccc(Nc2nc(nc3ncccc23)c4ccccc4)c1,FC(F)(F)c1cccc(Nc2nc(-c3ccccc3)nc3ncccc23)c1,
OC(CN1C(=N)N(CCN2CCCCC2)c3ccccc13)c4cccc(Br)c4,N=c1n(CCN2CCCCC2)c2ccccc2n1CC(O)c1cccc(Br)c1,0.893
Oc1ccccc1NC(=O)c2ccc(Oc3cccc(c3)C(=O)Nc4ccccc4O)cc2,O=C(Nc1ccccc1O)c1ccc(Oc2cccc(C(=O)Nc3ccccc3O)c2)cc1,
COc1ccc(CNC2CCN(CC2)c3ccc(NC(=O)c4cccc(Cl)c4)cc3)cc1OC,COc1ccc(CNC2CCN(c3ccc(NC(=O)c4cccc(Cl)c4)cc3)CC2)cc1OC,0.663
Fc1ccc(cc1)C(=O)Nc2ccsc2C(=O)NC3CCCCC3,O=C(Nc1ccsc1C(=O)NC1CCCCC1)c1ccc(F)cc1,
CCN(CC)c1ccc(NC(=O)c2cccs2)cc1,CCN(CC)c1ccc(NC(=O)c2cccs2)cc1,
CC(CCC(=C)C)N1CCC(CC1)N2CCC(CC2)C(=O)NCCc3ccccc3,C=C(C)CCC(C)N1CCC(N2CCC(C(=O)NCCc3ccccc3)CC2)CC1,1.75
COc1ccc(cc1OC)C(=O)Nc2ccc3nc(cc(C)c3c2)N4CCCCC4,COc1ccc(C(=O)Nc2ccc3nc(N4CCCCC4)cc(C)c3c2)cc1OC,
CCN(CC)c1cc(C)c2cc(NC(=O)c3cccc(OC)c3)ccc2n1,CCN(CC)c1cc(C)c2cc(NC(=O)c3cccc(OC)c3)ccc2n1,
CCOc1ccc(cc1)c2nc(NC(=O)c3cccc(c3)S(=O)(=O)C)sc2C,CCOc1ccc(-c2nc(NC(=O)c3cccc(S(C)(=O)=O)c3)sc2C)cc1,
CC(NCc1ccccc1)c2cc(Cl)ccc2O,CC(NCc1ccccc1)c1cc(Cl)ccc1O,0.603
Brc1ccc(cc1)c2oc(cc2)C(=O)Nc3ccc(CN4CCOCC4)cc3,O=C(Nc1ccc(CN2CCOCC2)cc1)c1ccc(-c2ccc(Br)cc2)o1,1.36
COc1ccc(CCN2CCC(CN(C)Cc3cnn(c3)c4ccccc4)CC2)cc1,COc1ccc(CCN2CCC(CN(C)Cc3cnn(-c4ccccc4)c3)CC2)cc1,1.43
Oc1c(ccc2cccnc12)C(NC(=O)c3ccccc3)c4ccccc4,O=C(NC(c1ccccc1)c1ccc2cccnc2c1O)c1ccccc1,1.17
CCCc1c(C)nc2ccccc2c1O,CCCc1c(C)nc2ccccc2c1O,
CN1C(N(C)c2ccccc12)c3ccc4OCOc4c3,CN1c2ccccc2N(C)C1c1ccc2c(c1)OCO2,0.994
CN1C(=O)c2cc(sc2c3ccccc13)C(=O)NCCCN4CCCCCC4,Cn1c(=O)c2cc(C(=O)NCCCN3CCCCCC3)sc2c2ccccc21,0.669
Cc1ccc(Cl)cc1N2CCN(CCCNC(=O)C3CCN(CC3)c4nc5ccccc5[nH]4)CC2,Cc1ccc(Cl)cc1N1CCN(CCCNC(=O)C2CCN(c3nc4ccccc4[nH]3)CC2)CC1,1.33
COc1cccc(c1)c2nn(C)c3sc(cc23)C(=O)NCCN4CCN(CC4)c5ccccc5F,COc1cccc(-c2nn(C)c3sc(C(=O)NCCN4CCN(c5ccccc5F)CC4)cc23)c1,1.3
n1c(NCCO)c2c(cccc2)nc1Nc3cccc(OC)c3,COc1cccc(Nc2nc(NCCO)c3ccccc3n2)c1,0.854
CCOc1cc(Cl)c(cc1OCC)C(C)NC(=O)c2cccc(OC)c2,CCOc1cc(Cl)c(C(C)NC(=O)c2cccc(OC)c2)cc1OCC,0.728
CCOc1c(Cl)cc(CNC(C)C(O)c2ccccc2)cc1OC,CCOc1c(Cl)cc(CNC(C)C(O)c2ccccc2)cc1OC,
Cc1oc(CN2CCC(CC2)C(=O)Nc3ccc(cc3)c4cc5ccccc5[nH]4)cc1,Cc1ccc(CN2CCC(C(=O)Nc3ccc(-c4cc5ccccc5[nH]4)cc3)CC2)o1,
Cc1cc(C)c2nc(sc2c1)N3CCC(CC3)C(=O)NCCCN4CCC(CC4)N5CCCCC5,Cc1cc(C)c2nc(N3CCC(C(=O)NCCCN4CCC(N5CCCCC5)CC4)CC3)sc2c1,0.6970000000000001
CCCC(N1CCN(CC1)C(=O)c2occc2)c3nnnn3C4CCCCC4,CCCC(c1nnnn1C1CCCCC1)N1CCN(C(=O)c2ccco2)CC1,
Fc1ccc(NC(=O)Nc2ccc(Cl)c(Cl)c2)cc1Cl,O=C(Nc1ccc(F)c(Cl)c1)Nc1ccc(Cl)c(Cl)c1,2.06
COc1ccccc1CNC(=O)C2C(N(CC(C)C)C(=O)c3ccccc23)c4cccs4,COc1ccccc1CNC(=O)C1c2ccccc2C(=O)N(CC(C)C)C1c1cccs1,
COc1ccc(cc1)N2CCN(CC2)C(CNC(=O)C3CCCCC3)c4ccc5OCOc5c4,COc1ccc(N2CCN(C(CNC(=O)C3CCCCC3)c3ccc4c(c3)OCO4)CC2)cc1,1.11
Cc1ccc(CSCc2oc(cc2)C(=O)NC3CC3)cc1,Cc1ccc(CSCc2ccc(C(=O)NC3CC3)o2)cc1,0.635
CC(C)c1ccc(Cn2c(CCNC(=O)C)nc3ccccc23)cc1,CC(=O)NCCc1nc2ccccc2n1Cc1ccc(C(C)C)cc1,1.79
CCOc1cc(Br)c(cc1OCC)C(C)NC(=O)c2cccc(OC)c2,CCOc1cc(Br)c(C(C)NC(=O)c2cccc(OC)c2)cc1OCC,1.43
Cc1ccc(c(O)c1)c2cc([nH]n2)C(=O)Nc3ccc(cc3)S(=O)(=O)N4CCCCC4,Cc1ccc(-c2cc(C(=O)Nc3ccc(S(=O)(=O)N4CCCCC4)cc3)[nH]n2)c(O)c1,0.535
O=C(NCC1Cc2cccc(c2O1)c3ccncc3)c4csc5CCCCc45,O=C(NCC1Cc2cccc(-c3ccncc3)c2O1)c1csc2c1CCCC2,1.72
Cc1[nH]c(cc1C(=O)NC2CCN(Cc3ccccc3)CC2)c4ccc(F)cc4,Cc1[nH]c(-c2ccc(F)cc2)cc1C(=O)NC1CCN(Cc2ccccc2)CC1,0.771
COc1ccc(cc1)C2N(C)c3ccccc3N2C,COc1ccc(C2N(C)c3ccccc3N2C)cc1,
FC(F)(F)c1cccc(CNC2CCN(CC2)c3ccc(cc3)C(=O)NC4CCCC4)c1,O=C(NC1CCCC1)c1ccc(N2CCC(NCc3cccc(C(F)(F)F)c3)CC2)cc1,
CC(C)(C)c1ccc(cc1)C(=O)Nc2nc3ccccc3s2,CC(C)(C)c1ccc(C(=O)Nc2nc3ccccc3s2)cc1,
CC(C)OCc1cc(CN2CCN(CC2)c3cccc(Cl)c3)c(O)c4ncccc14,CC(C)OCc1cc(CN2CCN(c3cccc(Cl)c3)CC2)c(O)c2ncccc12,0.6970000000000001
CCCN(CCC)CCCNC(=O)c1cc2c(nn(C)c2s1)c3ccc(OC)c(OC)c3,CCCN(CCC)CCCNC(=O)c1cc2c(-c3ccc(OC)c(OC)c3)nn(C)c2s1,1.43
CCN(CC)CCN1C(=N)N(CC(O)c2ccc(Cl)c(Cl)c2)c3ccccc13,CCN(CC)CCn1c(=N)n(CC(O)c2ccc(Cl)c(Cl)c2)c2ccccc21,0.7185
CC(C)(C)C(=O)Nc1ccc(cc1)C(=O)Nc2cccc(c2)c3nc4ccccc4[nH]3,CC(C)(C)C(=O)Nc1ccc(C(=O)Nc2cccc(-c3nc4ccccc4[nH]3)c2)cc1,
COc1ccc(cc1OC)c2nonc2NC(=O)c3cccc(C)c3,COc1ccc(-c2nonc2NC(=O)c2cccc(C)c2)cc1OC,
Oc1ccccc1CN2CCC3(CCCN(Cc4ccccc4F)C3)C2,Oc1ccccc1CN1CCC2(CCCN(Cc3ccccc3F)C2)C1,0.548
Cc1nc2ccccc2c(O)c1CC=C,C=CCc1c(C)nc2ccccc2c1O,1.29
CN1CCN(CC1)c2c3CCCc3c(C#N)c4nc5ccccc5n24,CN1CCN(c2c3c(c(C#N)c4nc5ccccc5n24)CCC3)CC1,4.0
c1(c(cnn1c2cccc(C)c2)C(=O)N3)N=C3n4nc(C)cc4NC(=O)c5cc(cccc6)c6o5,Cc1cccc(-n2ncc3c(=O)[nH]c(-n4nc(C)cc4NC(=O)c4cc5ccccc5o4)nc32)c1,0.929
c12c(ncnc1NCCN(CC)CC)c3c(ccc(Br)c3)[nH]2,CCN(CC)CCNc1ncnc2c1[nH]c1ccc(Br)cc12,0.707
Clc1cc(NC(=O)c2oc(Br)cc2)ccc1N3CCCCC3,O=C(Nc1ccc(N2CCCCC2)c(Cl)c1)c1ccc(Br)o1,0.735
O=C(Nc1ccc(cc1)N2CCN(Cc3ccccc3)CC2)c4cccs4,O=C(Nc1ccc(N2CCN(Cc3ccccc3)CC2)cc1)c1cccs1,1.075
CC1CC(C)CN(C1)C(=O)c2ccc(Cl)cc2Cl,CC1CC(C)CN(C(=O)c2ccc(Cl)cc2Cl)C1,0.7555000000000001
Oc1ccccc1CN2CCN(CC2)C(c3ccccc3)c4ccccc4,Oc1ccccc1CN1CCN(C(c2ccccc2)c2ccccc2)CC1,0.611
COc1cc(OC)cc(c1)C(=O)Nc2ccc(cc2)c3nc4ccccc4[nH]3,COc1cc(OC)cc(C(=O)Nc2ccc(-c3nc4ccccc4[nH]3)cc2)c1,1.0895
COc1cc2cc(C(=O)Nc3ccccc3)c(N)nc2cc1OC,COc1cc2cc(C(=O)Nc3ccccc3)c(N)nc2cc1OC,0.927
COc1nc(Nc2ccc(cc2)C(C)C)nc(OC)n1,COc1nc(Nc2ccc(C(C)C)cc2)nc(OC)n1,1.1400000000000001
n(CC(CNCCOC)O)(c1c2cc(Cl)cc1)c3c2cc(Cl)cc3,COCCNCC(O)Cn1c2ccc(Cl)cc2c2cc(Cl)ccc21,1.01
n1(nc(C)cc1NC(=O)c(cccc2C(F)(F)F)c2)c3scc(c(ccc(OCO4)c45)c5)n3,Cc1cc(NC(=O)c2cccc(C(F)(F)F)c2)n(-c2nc(-c3ccc4c(c3)OCO4)cs2)n1,0.9590000000000001
c12c(ncnc1NCCCN(CC3)CCO3)c4c(ccc(Cl)c4)[nH]2,Clc1ccc2[nH]c3c(NCCCN4CCOCC4)ncnc3c2c1,0.7000000000000001
CCOc1cccc(c1)C(=O)Nc2ccc(cc2)c3nc4ccccc4[nH]3,CCOc1cccc(C(=O)Nc2ccc(-c3nc4ccccc4[nH]3)cc2)c1,
OC(CNC1CCCC1)Cn2c3ccccc3c4ccccc24,OC(CNC1CCCC1)Cn1c2ccccc2c2ccccc21,0.66
Clc1ccc2nc(cc(C(=O)NC3CCN(Cc4ccccc4)CC3)c2c1)c5ccncc5,O=C(NC1CCN(Cc2ccccc2)CC1)c1cc(-c2ccncc2)nc2ccc(Cl)cc12,1.02
Clc1cc(Br)ccc1c2oc(CNCC3CCNCC3)cc2,Clc1cc(Br)ccc1-c1ccc(CNCC2CCNCC2)o1,0.8005
CCOc1ccc(cc1)C2N(C)c3ccccc3N2C,CCOc1ccc(C2N(C)c3ccccc3N2C)cc1,0.9410000000000001
c1(OCC)c(OCC)cc(cc1Cl)CN([H])C(C)C(O)c2ccccc2,CCOc1cc(CNC(C)C(O)c2ccccc2)cc(Cl)c1OCC,1.24
CCc1ccc(Nc2cc(C)nc3nc(C)nn23)cc1,CCc1ccc(Nc2cc(C)nc3nc(C)nn23)cc1,4.0
n1(c2c(cccc2)n3)c3c4c(cccc4)NC1(C)c5cccc(OC)c5,COc1cccc(C2(C)Nc3ccccc3-c3nc4ccccc4n32)c1,1.1500000000000001
n1(CCc2ccccc2F)c3c(nc4c(cccc4)n3)c(C(=O)NCC(C)C)c1N,CC(C)CNC(=O)c1c(N)n(CCc2ccccc2F)c2nc3ccccc3nc12,0.8320000000000001
n1(c2c(cccc2)n3)c3c(C#N)c(C)cc1N(CC4)CCN4C5CCCC5,Cc1cc(N2CCN(C3CCCC3)CC2)n2c(nc3ccccc32)c1C#N,0.683
CCN(CC)S(=O)(=O)c1ccc(cc1)c2csc(Nc3ccc(C)c(C)c3)n2,CCN(CC)S(=O)(=O)c1ccc(-c2csc(Nc3ccc(C)c(C)c3)n2)cc1,0.641
CC(=O)Nc1nnc(SCc2c(C)cc(cc2C)C(C)(C)C)s1,CC(=O)Nc1nnc(SCc2c(C)cc(C(C)(C)C)cc2C)s1,0.871
CCCCOc1ccc(cc1)C(=O)Nc2cc(C)on2,CCCCOc1ccc(C(=O)Nc2cc(C)on2)cc1,
Oc1c2CCCCc2nc3cc(nn13)c4ccccc4,Oc1c2c(nc3cc(-c4ccccc4)nn13)CCCC2,
CCN(Cc1ccccc1)C2CCN(Cc3cc(Br)ccc3O)CC2,CCN(Cc1ccccc1)C1CCN(Cc2cc(Br)ccc2O)CC1,0.625
c1(Cl)c(ccc(Cl)c1)OCC(O)CNC(C)(C)CC(C)(C)C,CC(C)(C)CC(C)(C)NCC(O)COc1ccc(Cl)cc1Cl,1.16
n(CC(CNCC1CCCO1)O)(c2c3cc(Cl)cc2)c4c3cc(Cl)cc4,OC(CNCC1CCCO1)Cn1c2ccc(Cl)cc2c2cc(Cl)ccc21,1.06
C1(=NC(N(C)C2=O)=O)C2=NC(=NN1CC)c3ccc(C(=O)OC)cc3,CCn1nc(-c2ccc(C(=O)OC)cc2)nc2c(=O)n(C)c(=O)nc1-2,0.6930000000000001
COc1cc(SC)ccc1C(=O)N2CCCC(C)C2,COc1cc(SC)ccc1C(=O)N1CCCC(C)C1,4.0
c1(cc(C)nc(ccc(OC)c2)c12)Nc3ccccc3O,COc1ccc2nc(C)cc(Nc3ccccc3O)c2c1,0.686
Cc1onc(NC(=O)c2ccc(cc2)c3ccccc3)c1,Cc1cc(NC(=O)c2ccc(-c3ccccc3)cc2)no1,0.6930000000000001
Cc1ccc(NC(=O)Nc2cccc(Cl)c2)cc1F,Cc1ccc(NC(=O)Nc2cccc(Cl)c2)cc1F,
Brc1ccc(cc1)S(=O)(=O)N2CCC(CC2)C(=O)NCc3occc3,O=C(NCc1ccco1)C1CCN(S(=O)(=O)c2ccc(Br)cc2)CC1,0.9390000000000001
Clc1ccc(C=CC2=NC(=O)c3ccccc3O2)cc1,O=c1nc(C=Cc2ccc(Cl)cc2)oc2ccccc12,0.995
CCC(O)c1ccc(Br)cc1NC(=O)c2cccc(Cl)c2,CCC(O)c1ccc(Br)cc1NC(=O)c1cccc(Cl)c1,0.6405
O=C(Nc1cccc(c1)C(=O)Nc2cccc(c2)c3nc4ccccc4[nH]3)c5occc5,O=C(Nc1cccc(-c2nc3ccccc3[nH]2)c1)c1cccc(NC(=O)c2ccco2)c1,0.745
C1(=NC(C)(Cc(cc(OC)c(OC)c2)c23)C)C3=NNC1=O,COc1cc2c(cc1OC)C1=NNC(=O)C1=NC(C)(C)C2,1.04
n1(c2c(cccc2)n3)c3c4c(cccc4)NC1(C)c5ccccc5,CC1(c2ccccc2)Nc2ccccc2-c2nc3ccccc3n21,1.73
n1c(NCc2ccccc2)c3c(cccc3)nc1Nc(cc4)ccc4OC,COc1ccc(Nc2nc(NCc3ccccc3)c3ccccc3n2)cc1,0.589
Cc1cc(Nc2cccc(F)c2)nc(NCc3ccccc3)n1,Cc1cc(Nc2cccc(F)c2)nc(NCc2ccccc2)n1,0.662
OC1(CC(=O)c2ccccc2O1)C(F)(F)C(F)(F)F,O=C1CC(O)(C(F)(F)C(F)(F)F)Oc2ccccc21,
Clc1ccc2nc(cc(C(=O)NC3CCN(Cc4ccccc4)CC3)c2c1)c5cccnc5,O=C(NC1CCN(Cc2ccccc2)CC1)c1cc(-c2cccnc2)nc2ccc(Cl)cc12,1.01
Clc1cccc(NC(=O)Nc2ccc(Br)cc2)c1,O=C(Nc1ccc(Br)cc1)Nc1cccc(Cl)c1,
CCOc1ccc(CCNC(=O)c2cccs2)cc1OCC,CCOc1ccc(CCNC(=O)c2cccs2)cc1OCC,
COc1ccc(cc1OC)c2nonc2NC(=O)c3cccc(Cl)c3,COc1ccc(-c2nonc2NC(=O)c2cccc(Cl)c2)cc1OC,
COCCN1C(=Nc2ccccc2C1=O)C,COCCn1c(C)nc2ccccc2c1=O,
c1(OCC)c(OC)cc(cc1Cl)CN([H])CC(O)c2ccccc2,CCOc1c(Cl)cc(CNCC(O)c2ccccc2)cc1OC,1.05
COc1ccc2nc(C)cc(Nc3ccc(Cl)cc3)c2c1,COc1ccc2nc(C)cc(Nc3ccc(Cl)cc3)c2c1,2.0
CCCCc1c(C)nc2c(OC)cccc2c1O,CCCCc1c(C)nc2c(OC)cccc2c1O,4.0
C12(Nc(cccc3)c3c4n1c5c(cccc5)n4)C(=O)Nc(ccc(OC)c6)c26,COc1ccc2c(c1)C1(Nc3ccccc3-c3nc4ccccc4n31)C(=O)N2,0.928
CCOC(=O)C1CCN(CC1)C(=O)CN2C(c3ccccc3C2=O)c4c[nH]c5ccccc45,CCOC(=O)C1CCN(C(=O)CN2C(=O)c3ccccc3C2c2c[nH]c3ccccc23)CC1,1.175
Clc1ccc(Cl)c(c1)c2oc(cc2)C(=O)Nc3ccc(CN4CCOCC4)cc3,O=C(Nc1ccc(CN2CCOCC2)cc1)c1ccc(-c2cc(Cl)ccc2Cl)o1,1.945
CCOc1cc2CCNC(c3cc(C)c(O)c(C)c3)c2cc1OCC,CCOc1cc2c(cc1OCC)C(c1cc(C)c(O)c(C)c1)NCC2,0.683
Cc1sc2ncnc(Sc3nc4ccccc4[nH]3)c2c1C,Cc1sc2ncnc(Sc3nc4ccccc4[nH]3)c2c1C,0.6145
CC(C)c1ccc(CNCC(O)c2ccccc2)cc1,CC(C)c1ccc(CNCC(O)c2ccccc2)cc1,1.26
CC1CCCCC1NCC(O)Cn2c(C)c(C)c3ccccc23,Cc1c(C)n(CC(O)CNC2CCCCC2C)c2ccccc12,0.769
CN(C)c1ccc(cc1)N2C(=NC(=NC2(C)C)N)N,CN(C)c1ccc(N2C(N)=NC(N)=NC2(C)C)cc1,
c1(cc(Br)ccc1O)CN(CC2)CCN2Cc3cccc(F)c3,Oc1ccc(Br)cc1CN1CCN(Cc2cccc(F)c2)CC1,1.03
c12c(C(=O)N(C)C(=O)N1C)n(Cc3cccc(OC)c3)c(Oc4ccccc4)n2,COc1cccc(Cn2c(Oc3ccccc3)nc3c2c(=O)n(C)c(=O)n3C)c1,1.3900000000000001
CN(C)CCNc1cc(nc2ccccc12)c3ccccc3,CN(C)CCNc1cc(-c2ccccc2)nc2ccccc12,4.0
Oc1c(CN2CCN(CC2)c3ccccc3F)cc(Br)c4cccnc14,Oc1c(CN2CCN(c3ccccc3F)CC2)cc(Br)c2cccnc12,
CCCCN(CCCC)S(=O)(=O)c1ccc(NC(=O)c2occc2)cc1,CCCCN(CCCC)S(=O)(=O)c1ccc(NC(=O)c2ccco2)cc1,
COc1ccc2nc(C)cc(Nc3cccc(O)c3)c2c1,COc1ccc2nc(C)cc(Nc3cccc(O)c3)c2c1,0.969
Clc1ccc2c(ccnc2c1)N3CCCC3,Clc1ccc2c(N3CCCC3)ccnc2c1,0.9440000000000001
CCOc1ccccc1NC(=O)CN2CCN(CC2)C(=O)c3occc3,CCOc1ccccc1NC(=O)CN1CCN(C(=O)c2ccco2)CC1,
Oc1c2CCCCc2nc3ccccc13,Oc1c2c(nc3ccccc13)CCCC2,
n12c(cc(C(C)(C)C)n1)nc(CCN3Cc4ccccc4OCC)c(C3)c2O,CCOc1ccccc1CN1CCc2nc3cc(C(C)(C)C)nn3c(O)c2C1,1.01
n1c(cc(C)nc1Nc(cc2)ccc2NC(CCc3ccccc3)=O)N4CCCC4,Cc1cc(N2CCCC2)nc(Nc2ccc(NC(=O)CCc3ccccc3)cc2)n1,1.07
c12c(ncnc1N(CC3)CCN3C)c4c(ccc(Cl)c4)[nH]2,CN1CCN(c2ncnc3c2[nH]c2ccc(Cl)cc23)CC1,1.19
COc1cccc(c1)C(=O)Nc2ccc(cc2)c3nc4ccccc4[nH]3,COc1cccc(C(=O)Nc2ccc(-c3nc4ccccc4[nH]3)cc2)c1,
CN(C)CCCNCc1oc(cc1)c2ccc(F)c(Cl)c2,CN(C)CCCNCc1ccc(-c2ccc(F)c(Cl)c2)o1,0.8755000000000001
CCC(=O)Nc1nnc(Cc2ccc(OC)c(OC)c2)s1,CCC(=O)Nc1nnc(Cc2ccc(OC)c(OC)c2)s1,
OC(CNCc1ccccc1)Cn2c3ccccc3c4ccccc24,OC(CNCc1ccccc1)Cn1c2ccccc2c2ccccc21,1.08
Brc1ccc(C=CC2=NC(=O)c3ccccc3O2)cc1,O=c1nc(C=Cc2ccc(Br)cc2)oc2ccccc12,
CCOc1cc(cc(Cl)c1O)C2NCCc3cc(OCC)c(OCC)cc23,CCOc1cc2c(cc1OCC)C(c1cc(Cl)c(O)c(OCC)c1)NCC2,1.33
COc1ccc2nc(N)nc(C)c2c1,COc1ccc2nc(N)nc(C)c2c1,
COc1ccc(cc1)N2CCN(CC2)C(CNC(=O)CC(C)(C)C)c3ccc4OCOc4c3,COc1ccc(N2CCN(C(CNC(=O)CC(C)(C)C)c3ccc4c(c3)OCO4)CC2)cc1,
COc1ccc(cc1)C(=O)C2CC2c3ccc(Cl)cc3,COc1ccc(C(=O)C2CC2c2ccc(Cl)cc2)cc1,1.06
COc1ccc(CN2CCN(Cc3ccccc3)CC2)c(O)c1,COc1ccc(CN2CCN(Cc3ccccc3)CC2)c(O)c1,1.08
COc1ccc(cc1)C(=O)NC(c2ccc(Cl)cc2Cl)c3cc(Cl)c4cccnc4c3O,COc1ccc(C(=O)NC(c2ccc(Cl)cc2Cl)c2cc(Cl)c3cccnc3c2O)cc1,0.513
CCN1CCN(CC1)c2c(cnc3cc(OC)c(OC)cc23)C(=O)c4ccccc4,CCN1CCN(c2c(C(=O)c3ccccc3)cnc3cc(OC)c(OC)cc23)CC1,
CCCCCCN1C(=N)N(CC(O)COc2cccc(C)c2)c3ccccc13,CCCCCCn1c(=N)n(CC(O)COc2cccc(C)c2)c2ccccc21,1.135
CCOC(=O)c1cnc2ccc(Cl)cc2c1NCCCN(C)C,CCOC(=O)c1cnc2ccc(Cl)cc2c1NCCCN(C)C,1.19
OC1=C2C(Sc3ccccc3N=C2c4ccccc14)c5ccc(Br)cc5,OC1=C2C(=Nc3ccccc3SC2c2ccc(Br)cc2)c2ccccc21,0.5670000000000001
CC(C)(C)c1ccc(cc1)C(=O)Nc2c3CSCc3nn2c4cccc(Cl)c4,CC(C)(C)c1ccc(C(=O)Nc2c3c(nn2-c2cccc(Cl)c2)CSC3)cc1,
Fc1cccc(c1)C2Sc3ccccc3N=C4C2C(=O)c5ccccc45,O=C1c2ccccc2C2=Nc3ccccc3SC(c3cccc(F)c3)C12,0.41450000000000004
Oc1ccc(cc1)C(=C(Cl)Cl)c2ccc(O)cc2,Oc1ccc(C(=C(Cl)Cl)c2ccc(O)cc2)cc1,
Brc1ccc(cc1)c2cc3C(=O)c4ccccc4c3nn2,O=C1c2ccccc2-c2nnc(-c3ccc(Br)cc3)cc21,1.07
Cc1nc2ccccc2c(O)c1CC=C(Cl)Cl,Cc1nc2ccccc2c(O)c1CC=C(Cl)Cl,0.8355
OC1CCCCC1C2(CCCCC2)NC(=S)Nc3ccccc3,OC1CCCCC1C1(NC(=S)Nc2ccccc2)CCCCC1,
Cc1ccccc1OCCSc2nc3ccc(NC(=O)c4ccccc4)cc3s2,Cc1ccccc1OCCSc1nc2ccc(NC(=O)c3ccccc3)cc2s1,1.12
Brc1ccc2OCC(=Cc2c1)C(=O)NCCCN3CCC(CC3)N4CCCCC4,O=C(NCCCN1CCC(N2CCCCC2)CC1)C1=Cc2cc(Br)ccc2OC1,0.5630000000000001
COc1ccc(OC)c(c1)C2C3=C(CC(C)(C)CC3=O)N(C4=C2C(=O)CC(C)(C)C4)c5ccc(Cl)c(Cl)c5,COc1ccc(OC)c(C2C3=C(CC(C)(C)CC3=O)N(c3ccc(Cl)c(Cl)c3)C3=C2C(=O)CC(C)(C)C3)c1,0.912
CC(C)(C)c1ccc2OCN(Cc3ccc(Cl)cc3)Cc2c1,CC(C)(C)c1ccc2c(c1)CN(Cc1ccc(Cl)cc1)CO2,0.362
CC(=O)c1ccc(NC(=O)CSc2nc(ns2)c3ccccc3Cl)cc1,CC(=O)c1ccc(NC(=O)CSc2nc(-c3ccccc3Cl)ns2)cc1,
CCCCCN1C(=N)N(CC(O)COc2cccc(C)c2)c3ccccc13,CCCCCn1c(=N)n(CC(O)COc2cccc(C)c2)c2ccccc21,
CCOC(=O)C1(Cc2ccccc2)CCN(Cc3cccc(OC)c3O)CC1,CCOC(=O)C1(Cc2ccccc2)CCN(Cc2cccc(OC)c2O)CC1,
Cc1ccc(cc1)S(=O)(=O)c2c(COC(=O)c3cccc(C)c3)c(nn2C)c4ccccc4,Cc1ccc(S(=O)(=O)c2c(COC(=O)c3cccc(C)c3)c(-c3ccccc3)nn2C)cc1,
Cc1ccc(OCCCCCCNCCO)c(C)c1,Cc1ccc(OCCCCCCNCCO)c(C)c1,
CCOC(=O)C1=C(C)N=C2SC(=Cc3cc(Cl)ccc3O)C(=O)N2C1c4ccc(OC)cc4,CCOC(=O)C1=C(C)N=c2sc(=Cc3cc(Cl)ccc3O)c(=O)n2C1c1ccc(OC)cc1,0.489
COc1ccc(C)c2sc(nc12)N(Cc3cccnc3)C(=O)c4ccc(cc4)C#N,COc1ccc(C)c2sc(N(Cc3cccnc3)C(=O)c3ccc(C#N)cc3)nc12,
Cc1ccnc(NC(c2cccc(OCc3ccccc3)c2)c4ccc5cccnc5c4O)c1,Cc1ccnc(NC(c2cccc(OCc3ccccc3)c2)c2ccc3cccnc3c2O)c1,1.0150000000000001
CCCCC(O)(C(CN1CCOCC1)c2ccc(Cl)cc2)c3ccc(Cl)cc3,CCCCC(O)(c1ccc(Cl)cc1)C(CN1CCOCC1)c1ccc(Cl)cc1,1.3800000000000001
CC1=CC(=O)Oc2c1ccc3oc(C(=O)c4ccccc4)c(C)c23,Cc1cc(=O)oc2c1ccc1oc(C(=O)c3ccccc3)c(C)c12,
CC(C)CCNCC(O)Cn1c2ccccc2c3ccccc13,CC(C)CCNCC(O)Cn1c2ccccc2c2ccccc21,0.47300000000000003
FC(F)(F)c1cccc(Nc2nc3ccccc3nc2Nc4cccc(c4)C(F)(F)F)c1,FC(F)(F)c1cccc(Nc2nc3ccccc3nc2Nc2cccc(C(F)(F)F)c2)c1,0.313
COc1ccc2C3CC(=Nc4ccccc4N3C(=O)c2c1OC)c5ccc(C)cc5,COc1ccc2c(c1OC)C(=O)N1c3ccccc3N=C(c3ccc(C)cc3)CC21,1.24
CC1=C(CC(=O)c2cccc(c2)[N+](=O)[O-])C(=O)c3ccccc3C1=O,CC1=C(CC(=O)c2cccc([N+](=O)[O-])c2)C(=O)c2ccccc2C1=O,0.381
CCCCCCc1cc(O)c2C3=C(CCC(C)C3)C(=O)Oc2c1,CCCCCCc1cc(O)c2c3c(c(=O)oc2c1)CCC(C)C3,0.534
O=C(Nc1ccc(cc1)C23CC4CC(CC(C4)(C2)c5ccccc5)C3)c6cccs6,O=C(Nc1ccc(C23CC4CC(CC(c5ccccc5)(C4)C2)C3)cc1)c1cccs1,0.8260000000000001
Cc1ccc2nc(C)cc(Nc3cccc(c3)C(F)(F)F)c2c1,Cc1ccc2nc(C)cc(Nc3cccc(C(F)(F)F)c3)c2c1,1.17
COc1ccc(cc1)C2=CC(=O)Oc3c4CN(Cc5ccc(F)cc5)COc4ccc23,COc1ccc(-c2cc(=O)oc3c4c(ccc23)OCN(Cc2ccc(F)cc2)C4)cc1,0.735
COc1ccc(CCNC(=O)c2cc(ccc2Sc3ccc(F)cc3)S(=O)(=O)N4CC(C)CC(C)C4)cc1OC,COc1ccc(CCNC(=O)c2cc(S(=O)(=O)N3CC(C)CC(C)C3)ccc2Sc2ccc(F)cc2)cc1OC,0.632
Cc1ccc(cc1)C2CC(n3nc(cc3N2)C(=O)N4CCN(CC4)C(c5ccccc5)c6ccccc6)C(F)(F)F,Cc1ccc(C2CC(C(F)(F)F)n3nc(C(=O)N4CCN(C(c5ccccc5)c5ccccc5)CC4)cc3N2)cc1,0.454
CC1CCN(Cc2c(O)ccc3C=C(C(=O)Oc23)c4nc5ccccc5s4)CC1,CC1CCN(Cc2c(O)ccc3cc(-c4nc5ccccc5s4)c(=O)oc23)CC1,1.1320000000000001
Clc1ccc2OC(=O)C=C(NC3CCN(CCCc4ccccc4)CC3)c2c1,O=c1cc(NC2CCN(CCCc3ccccc3)CC2)c2cc(Cl)ccc2o1,0.846
CCOC(=O)c1cnc2c(C)cccc2c1Nc3ccc(cc3)C(=O)C,CCOC(=O)c1cnc2c(C)cccc2c1Nc1ccc(C(C)=O)cc1,0.314
Cc1ccc2cc3c(N)c4c(C)ccc(C)c4nc3nc2c1,Cc1ccc2cc3c(N)c4c(C)ccc(C)c4nc3nc2c1,1.31
COc1cccc(c1)C(=O)NC(c2ccc(C)cc2)c3cc(Cl)c4cccnc4c3O,COc1cccc(C(=O)NC(c2ccc(C)cc2)c2cc(Cl)c3cccnc3c2O)c1,0.393
CCOc1ccc(Nc2c3ccccc3nc4ccccc24)cc1,CCOc1ccc(Nc2c3ccccc3nc3ccccc23)cc1,1.06
CCOc1ccc2OCN(Cc3ccc(Cl)cc3)Cc2c1,CCOc1ccc2c(c1)CN(Cc1ccc(Cl)cc1)CO2,0.439
CCOC(=O)C1=C(C)N=C2SC(=Cc3ccccc3O)C(=O)N2C1c4ccc(OC)c5ccccc45,CCOC(=O)C1=C(C)N=c2sc(=Cc3ccccc3O)c(=O)n2C1c1ccc(OC)c2ccccc12,1.51
COc1ccc(cc1)C2C(C(=O)Nc3cccc(OC)c3)c4ccccc4C(=O)N2C5CCCCC5,COc1ccc(C2C(C(=O)Nc3cccc(OC)c3)c3ccccc3C(=O)N2C2CCCCC2)cc1,1.18
COc1ccccc1N2C(=N)SC(=Cc3ccc(OCc4ccccc4F)cc3)C2=O,COc1ccccc1N1C(=N)SC(=Cc2ccc(OCc3ccccc3F)cc2)C1=O,0.47750000000000004
CCOc1ccc(cc1)n2cc(c3ccccc3)c4c(SCc5cc(C)ccc5C)ncnc24,CCOc1ccc(-n2cc(-c3ccccc3)c3c(SCc4cc(C)ccc4C)ncnc32)cc1,1.705
CCCCOC(=O)c1ccc(Nc2cc(C)nc3ccc(OC)cc23)cc1,CCCCOC(=O)c1ccc(Nc2cc(C)nc3ccc(OC)cc23)cc1,0.584
C(Cc1c[nH]c2ccccc12)Nc3c4ccccc4nc5ccccc35,c1ccc2c(NCCc3c[nH]c4ccccc34)c3ccccc3nc2c1,0.304
CCCc1c(C)nc2ccc(Br)cc2c1O,CCCc1c(C)nc2ccc(Br)cc2c1O,1.19
Nc1ccc(cc1)c2nc3cc(Cc4ccc5[nH]c(nc5c4)c6ccc(N)cc6)ccc3[nH]2,Nc1ccc(-c2nc3cc(Cc4ccc5[nH]c(-c6ccc(N)cc6)nc5c4)ccc3[nH]2)cc1,1.42
C(CCCNc1c2CCCCc2nc3ccccc13)CCNc4c5CCCCc5nc6ccccc46,c1ccc2c(NCCCCCCNc3c4c(nc5ccccc35)CCCC4)c3c(nc2c1)CCCC3,0.376
Cc1ccc(C)c(Cn2c(nc3ccccc23)N4CCC(CC4)C(=O)NCc5cccs5)c1,Cc1ccc(C)c(Cn2c(N3CCC(C(=O)NCc4cccs4)CC3)nc3ccccc32)c1,1.33
COc1ccc(cc1CN2CCN(CC2)c3ccc(F)cc3)C4NCCc5c4[nH]c6ccccc56,COc1ccc(C2NCCc3c2[nH]c2ccccc32)cc1CN1CCN(c2ccc(F)cc2)CC1,0.9345
CCCCCCC(O)(C(CN1CCOCC1)c2ccccc2)c3ccc(F)cc3,CCCCCCC(O)(c1ccc(F)cc1)C(CN1CCOCC1)c1ccccc1,
COc1cc(OC)cc(c1)N2C(=O)N(Cc3ccc(cc3)C(C)(C)C)c4ccccc4S2(=O)=O,COc1cc(OC)cc(N2C(=O)N(Cc3ccc(C(C)(C)C)cc3)c3ccccc3S2(=O)=O)c1,1.43
Brc1cccc(c1)C(=O)Nc2ccc(cc2)c3nc4cc5ccccc5cc4[nH]3,O=C(Nc1ccc(-c2nc3cc4ccccc4cc3[nH]2)cc1)c1cccc(Br)c1,0.45
CCN(CC)CCCNc1ccnc2cc3ccccc3cc12,CCN(CC)CCCNc1ccnc2cc3ccccc3cc12,
CCCOCc1cc(CN2CCN(CC2)c3cccc(Cl)c3)c(O)c4ncccc14,CCCOCc1cc(CN2CCN(c3cccc(Cl)c3)CC2)c(O)c2ncccc12,0.40700000000000003
O=C(NC1CCCCC1)C(N(CCc2ccccc2)C(=O)c3occc3)c4cccs4,O=C(NC1CCCCC1)C(c1cccs1)N(CCc1ccccc1)C(=O)c1ccco1,1.07
COc1ccc(cc1)C(=O)NC(c2ccccc2Cl)c3cc(Cl)c4cccnc4c3O,COc1ccc(C(=O)NC(c2ccccc2Cl)c2cc(Cl)c3cccnc3c2O)cc1,0.8300000000000001
CCOC(=O)c1cnc2c(CC)cccc2c1O,CCOC(=O)c1cnc2c(CC)cccc2c1O,
Cc1ccccc1OCCSc2nc3ccc(NC(=O)c4cccs4)cc3s2,Cc1ccccc1OCCSc1nc2ccc(NC(=O)c3cccs3)cc2s1,0.6970000000000001
COc1ccc(cc1)C(O)(CCC(C)C)C(CN2CCOCC2)c3ccc(Cl)cc3,COc1ccc(C(O)(CCC(C)C)C(CN2CCOCC2)c2ccc(Cl)cc2)cc1,
CCOc1c(Br)cc(cc1OC)C2C(=CN(C)C=C2C(=O)OC)C(=O)OC,CCOc1c(Br)cc(C2C(C(=O)OC)=CN(C)C=C2C(=O)OC)cc1OC,0.5115000000000001
Cc1ccc(F)cc1NC(=O)c2cc(Cl)ccc2Nc3ccccc3,Cc1ccc(F)cc1NC(=O)c1cc(Cl)ccc1Nc1ccccc1,0.539
COc1cc(cc(OC)c1O)c2nc(c3ccc(Sc4ccccc4)cc3)c([nH]2)c5ccccc5,COc1cc(-c2nc(-c3ccc(Sc4ccccc4)cc3)c(-c3ccccc3)[nH]2)cc(OC)c1O,0.35000000000000003
COc1ccc(cc1)c2cc3C(=O)c4ccccc4c3nn2,COc1ccc(-c2cc3c(nn2)-c2ccccc2C3=O)cc1,
FC(F)(F)c1cccc(c1)N2N=Nc3ccccc3C2=N,N=c1c2ccccc2nnn1-c1cccc(C(F)(F)F)c1,
OC(Cn1nnc2ccccc12)Cn3c4ccc(Br)cc4c5cc(Br)ccc35,OC(Cn1nnc2ccccc21)Cn1c2ccc(Br)cc2c2cc(Br)ccc21,1.26
COc1ccc(CN2CCCC(C2)C(=O)c3ccc(cc3)C(F)(F)F)c(O)c1,COc1ccc(CN2CCCC(C(=O)c3ccc(C(F)(F)F)cc3)C2)c(O)c1,
CCCCCCc1cc2C=C(C(=Nc3ccccc3C)Oc2cc1O)c4nc5ccccc5[nH]4,CCCCCCc1cc2cc(-c3nc4ccccc4[nH]3)c(=Nc3ccccc3C)oc2cc1O,0.551
Brc1ccc(Nc2nc3ccccc3nc2Nc4ccc(Br)cc4)cc1,Brc1ccc(Nc2nc3ccccc3nc2Nc2ccc(Br)cc2)cc1,1.061
Cc1ccc(cc1NCc2cc(Cc3ccccc3)ccc2O)c4oc5ccccc5n4,Cc1ccc(-c2nc3ccccc3o2)cc1NCc1cc(Cc2ccccc2)ccc1O,
Cc1cc(Nc2ccc(OCc3ccccc3)cc2)nc4cc(O)ccc14,Cc1cc(Nc2ccc(OCc3ccccc3)cc2)nc2cc(O)ccc12,0.684
c1ccc(cc1)C2=Nc3ccccc3N=C(c4ccccc4)c5ccccc25,c1ccc(C2=Nc3ccccc3N=C(c3ccccc3)c3ccccc32)cc1,0.6615
Cc1cccc(c1)N2C(=O)C3C(C2=O)C4(C(=O)C3(C(=C4c5ccc6OCOc6c5)c7ccc8OCOc8c7)c9ccccc9)c%10ccccc%10,Cc1cccc(N2C(=O)C3C(C2=O)C2(c4ccccc4)C(=O)C3(c3ccccc3)C(c3ccc4c(c3)OCO4)=C2c2ccc3c(c2)OCO3)c1,0.3045
Oc1ccc2ccccc2c1C(NC(=O)Cc3ccccc3)c4ccc(Cl)cc4,O=C(Cc1ccccc1)NC(c1ccc(Cl)cc1)c1c(O)ccc2ccccc12,1.1400000000000001
CN(C)c1ccc(cc1)N=Cc2ccc(cc2)N3CCOCC3,CN(C)c1ccc(N=Cc2ccc(N3CCOCC3)cc2)cc1,
c1(c(ccn2)NCCN(CC)CC)c2cc(cccc3)c3c1,CCN(CC)CCNc1ccnc2cc3ccccc3cc12,0.391
C12=C(N=CN(CCCn(ccn3)c3)C1=N)Oc4c(ccc(cccc5)c45)C2c6ccc(OC)c(OC)c6,COc1ccc(C2c3ccc4ccccc4c3Oc3ncn(CCCn4ccnc4)c(=N)c32)cc1OC,1.79
C1(N(C)N=O)=C(NC2CCCCC2)C(=O)c(cccc3)c3C1=O,CN(N=O)C1=C(NC2CCCCC2)C(=O)c2ccccc2C1=O,1.19
O=C(NC1CCN(Cc2ccccc2)CC1)c3cc(cc(c3)C(=O)NC4CCN(Cc5ccccc5)CC4)C(=O)NC6CCN(Cc7ccccc7)CC6,O=C(NC1CCN(Cc2ccccc2)CC1)c1cc(C(=O)NC2CCN(Cc3ccccc3)CC2)cc(C(=O)NC2CCN(Cc3ccccc3)CC2)c1,0.646
CCOc1cc2CCNC(c3cc(Cl)ccc3O)c2cc1OCC,CCOc1cc2c(cc1OCC)C(c1cc(Cl)ccc1O)NCC2,0.746
COc1ccc(cc1)c2cn3c(C(=O)Nc4ccccc4Cl)c(c5CCCCn2c35)c6ccccc6,COc1ccc(-c2cn3c(C(=O)Nc4ccccc4Cl)c(-c4ccccc4)c4c3n2CCCC4)cc1,
CCCCC1=C(CCC)C(=N)c2ccccc2N1C,CCCCc1c(CCC)c(=N)c2ccccc2n1C,0.716
CC1CC2=C(CC1CNCCCN(C)C)C(C)(C)CCC2,CC1CC2=C(CC1CNCCCN(C)C)C(C)(C)CCC2,1.0050000000000001
CC(Oc1ccc(NC(=O)c2cccs2)cc1)C(=O)c3ccc(Cl)cc3,CC(Oc1ccc(NC(=O)c2cccs2)cc1)C(=O)c1ccc(Cl)cc1,1.03
c1(C(OCC)=O)c(cc(cc2)OC(=O)c(cc3OC)cc(OC)c3OC)c2n(c4ccccc4)c1C,CCOC(=O)c1c(C)n(-c2ccccc2)c2ccc(OC(=O)c3cc(OC)c(OC)c(OC)c3)cc12,0.615
COc1ccc2sc(nc2c1)N(Cc3cccnc3)C(=O)c4ccc(cc4)C#N,COc1ccc2sc(N(Cc3cccnc3)C(=O)c3ccc(C#N)cc3)nc2c1,
C12=C(N=CN(CCCN(C)C)C1=N)Oc3c(ccc(cccc4)c34)C2c5ccc(OC)cc5,COc1ccc(C2c3ccc4ccccc4c3Oc3ncn(CCCN(C)C)c(=N)c32)cc1,1.23
C(Nc1nc(Nc2ccccc2)nc3ccccc13)c4ccccc4,c1ccc(CNc2nc(Nc3ccccc3)nc3ccccc23)cc1,0.776
CC1=CC(=O)Oc2c1ccc3oc(C(=O)c4ccc(C)cc4)c(C)c23,Cc1ccc(C(=O)c2oc3ccc4c(C)cc(=O)oc4c3c2C)cc1,0.906
COc1ccc(C=C2SC(=NC2=O)Nc3ccc(F)cc3)c(OC)c1,COc1ccc(C=C2SC(Nc3ccc(F)cc3)=NC2=O)c(OC)c1,0.591
CCCCCCc1cc2C=C(C(=O)Oc2cc1O)c3csc(C=Cc4ccccc4)n3,CCCCCCc1cc2cc(-c3csc(C=Cc4ccccc4)n3)c(=O)oc2cc1O,0.387
COc1ccc(C=C2SC(=NC2=O)Nc3ccccc3)cc1,COc1ccc(C=C2SC(Nc3ccccc3)=NC2=O)cc1,0.551
COc1ccc(CNC(=O)C2=CC3=C(N=C4C=CC=CN4C3=O)N(CCc5ccccc5)C2=N)cc1,COc1ccc(CNC(=O)c2cc3c(=O)n4ccccc4nc3n(CCc3ccccc3)c2=N)cc1,1.06
CN1C(=O)N(C)c2cc(CNCCNc3ccnc4cc(Cl)ccc34)ccc12,Cn1c(=O)n(C)c2cc(CNCCNc3ccnc4cc(Cl)ccc34)ccc21,0.545
CCOc1ccc2nc(C)cc(Nc3ccc(cc3)N(C)C)c2c1,CCOc1ccc2nc(C)cc(Nc3ccc(N(C)C)cc3)c2c1,4.0
CCOC(=O)C1=CN(C)C=C(C1c2cc(Br)c(OCC)c(OC)c2)C(=O)OCC,CCOC(=O)C1=CN(C)C=C(C(=O)OCC)C1c1cc(Br)c(OCC)c(OC)c1,0.5185
c1(C#N)nc(Cc2cccc(cccc3)c23)oc1N(CC4)CCN4C(c5ccccc5)c6ccccc6,N#Cc1nc(Cc2cccc3ccccc23)oc1N1CCN(C(c2ccccc2)c2ccccc2)CC1,1.16
CCOc1ccc2nc(C)cc(Nc3ccc(Br)cc3)c2c1,CCOc1ccc2nc(C)cc(Nc3ccc(Br)cc3)c2c1,0.48
COc1ccccc1C(=O)ON=C(N)Cc2cccc3ccccc23,COc1ccccc1C(=O)ON=C(N)Cc1cccc2ccccc12,0.8140000000000001
COc1cc2CCN(C)C3Cc4ccc(Oc5cc(CC6N(C)CCc7cc(OC)c(OC)c(Oc1cc23)c67)ccc5O)cc4,COc1cc2c3cc1Oc1c(OC)c(OC)cc4c1C(Cc1ccc(O)c(c1)Oc1ccc(cc1)CC3N(C)CC2)N(C)CC4,1.27
Clc1ccc(cc1)C(=O)Nc2ccc(cc2)c3nc4cc(NC(=O)c5ccc(Cl)cc5)ccc4[nH]3,O=C(Nc1ccc(-c2nc3cc(NC(=O)c4ccc(Cl)cc4)ccc3[nH]2)cc1)c1ccc(Cl)cc1,
CCOC(=O)c1cnc2ccc(OC)cc2c1NCc3ccccc3,CCOC(=O)c1cnc2ccc(OC)cc2c1NCc1ccccc1,
n1c(N)c2c(cccc2)nc1Nc3cccc(F)c3,Nc1nc(Nc2cccc(F)c2)nc2ccccc12,1.0
COc1cccc(Nc2nc(N)c3ccccc3n2)c1,COc1cccc(Nc2nc(N)c3ccccc3n2)c1,4.0
c1(C(c2cccs2)N(CCN3c4ccccc4)CC3)c(C)c(C)sc1NC(c5ccccc5)=O,Cc1sc(NC(=O)c2ccccc2)c(C(c2cccs2)N2CCN(c3ccccc3)CC2)c1C,1.18
c1(Nc(cc2)ccc2N(CC3)CCN3C)c4c(ccc(OC)c4)ncc1C(OCC)=O,CCOC(=O)c1cnc2ccc(OC)cc2c1Nc1ccc(N2CCN(C)CC2)cc1,1.1
n12c(nc(c3ccc(Cl)s3)cc1C(F)(F)F)cc(C(=O)NC(CC4)CCN4Cc5ccccc5)n2,O=C(NC1CCN(Cc2ccccc2)CC1)c1cc2nc(-c3ccc(Cl)s3)cc(C(F)(F)F)n2n1,0.9590000000000001
c1(N(CC2)CCN2C)c3c(nc(Nc(ccc4O)cc4)n1)cccc3,CN1CCN(c2nc(Nc3ccc(O)cc3)nc3ccccc23)CC1,1.43
CN1C=C(C(c2ccccc12)c3c[nH]c4ccccc34)c5ccc6ccccc6n5,CN1C=C(c2ccc3ccccc3n2)C(c2c[nH]c3ccccc23)c2ccccc21,0.552
Oc1ccc(cc1)c2nc(c3ccc4oc5ccc(cc5c4c3)c6[nH]c(nc6c7ccccc7)c8ccc(O)cc8)c([nH]2)c9ccccc9,Oc1ccc(-c2nc(-c3ccc4oc5ccc(-c6[nH]c(-c7ccc(O)cc7)nc6-c6ccccc6)cc5c4c3)c(-c3ccccc3)[nH]2)cc1,0.326
CC(C)(C)c1ccc(cc1)C2CC(=C3C(N(C(=O)c4ccccc4Cl)c5ccccc5N=C3C2)c6ccc(F)cc6)O,CC(C)(C)c1ccc(C2CC3=Nc4ccccc4N(C(=O)c4ccccc4Cl)C(c4ccc(F)cc4)C3=C(O)C2)cc1,0.9465
OC(CNC1CCCCC1)Cn2c3ccc(I)cc3c4cc(I)ccc24,OC(CNC1CCCCC1)Cn1c2ccc(I)cc2c2cc(I)ccc21,0.466
Oc1ccc(Br)cc1CN2CCN(Cc3ccc(Cl)cc3)CC2,Oc1ccc(Br)cc1CN1CCN(Cc2ccc(Cl)cc2)CC1,
O=C(Nc1cccc(c1)C2=NCCN2)Nc3cccc(c3)C4=NCCN4,O=C(Nc1cccc(C2=NCCN2)c1)Nc1cccc(C2=NCCN2)c1,1.01
ClCC(=O)NCCOc1ccc(Cl)cc1Cl,O=C(CCl)NCCOc1ccc(Cl)cc1Cl,0.555
CCOc1ccc(cc1)N2C(=NC(=NC2(C)C)N)N,CCOc1ccc(N2C(N)=NC(N)=NC2(C)C)cc1,
C12=C(C=C(C(=O)NCc(cccn3)c3)C(=N)N1CCc(cc4)ccc4OC)C(=O)N(C=CC=C5C)C5=N2,COc1ccc(CCn2c(=N)c(C(=O)NCc3cccnc3)cc3c(=O)n4cccc(C)c4nc32)cc1,0.373
n1c(Nc(cc2)ccc2OC)cc(C)nc1NCc3ccccc3,COc1ccc(Nc2cc(C)nc(NCc3ccccc3)n2)cc1,0.467
OCCCCN1C(=O)c2ccc3C(=O)N(CCCCO)C(=O)c4ccc(C1=O)c2c34,O=C1c2ccc3c4c(ccc(c24)C(=O)N1CCCCO)C(=O)N(CCCCO)C3=O,0.795
COc1ccc(cc1)C(=O)C(CCC(CNC(C)(C)C)C(=O)c2ccc(OC)cc2)CNC(C)(C)C,COc1ccc(C(=O)C(CCC(CNC(C)(C)C)C(=O)c2ccc(OC)cc2)CNC(C)(C)C)cc1,
COc1cc(CNCCc2ccc(Cl)cc2)cc(OC)c1O,COc1cc(CNCCc2ccc(Cl)cc2)cc(OC)c1O,1.79
Clc1ccc(NC(=O)Nc2ccc(Cl)c(Cl)c2)cc1Cl,O=C(Nc1ccc(Cl)c(Cl)c1)Nc1ccc(Cl)c(Cl)c1,1.16
c([nH]nc1c2c(O)cc(C)c(Cl)c2)(C3=O)c1C(c4ccccc4F)N3CCc(cc5)ccc5OC,COc1ccc(CCN2C(=O)c3[nH]nc(-c4cc(Cl)c(C)cc4O)c3C2c2ccccc2F)cc1,0.916
N1(C=CC(N)=NC1=O)C2O[C@@H]([C@@H](O)[C@H]2O)CO,Nc1ccn(C2O[C@H](CO)[C@@H](O)[C@H]2O)c(=O)n1,0.385
c12c(nc(c3ccc(OC)cc3)nc1N4CCN(C(=O)C5CCCCC5)CC4)sc(CCCC6)c26,COc1ccc(-c2nc(N3CCN(C(=O)C4CCCCC4)CC3)c3c4c(sc3n2)CCCC4)cc1,1.06
c1(sc(cc2c(c3CC2)c4ccc3)c4n1)NC(=O)c(cc5OC)cc(OC)c5OC,COc1cc(C(=O)Nc2nc3c(cc4c5c(cccc53)CC4)s2)cc(OC)c1OC,0.898
N1(CC(=O)c(ccc(Cl)c2Cl)c2)c3c(cccc3)N(CCN4CCCCC4)C1=N,N=c1n(CCN2CCCCC2)c2ccccc2n1CC(=O)c1ccc(Cl)c(Cl)c1,1.24
Cc1ccc(C)c(c1)c2csc(Nc3ccc(C)c(C)c3)n2,Cc1ccc(C)c(-c2csc(Nc3ccc(C)c(C)c3)n2)c1,
Oc1ccc2ccccc2c1CNc3nc4ccccc4[nH]3,Oc1ccc2ccccc2c1CNc1nc2ccccc2[nH]1,0.646
COc1cc(cc(OC)c1O)c2nc(c3ccccc3)c([nH]2)c4ccccc4,COc1cc(-c2nc(-c3ccccc3)c(-c3ccccc3)[nH]2)cc(OC)c1O,1.18
CCOc1ccc(CN2CCN(CC(O)COc3ccc(OCC(O)CN4CCN(Cc5ccc(OCC)cc5)CC4)cc3)CC2)cc1,CCOc1ccc(CN2CCN(CC(O)COc3ccc(OCC(O)CN4CCN(Cc5ccc(OCC)cc5)CC4)cc3)CC2)cc1,1.2
COc1cc(cc(OC)c1OC)C(=O)Nc2ccc(cc2)c3nc4ccccc4[nH]3,COc1cc(C(=O)Nc2ccc(-c3nc4ccccc4[nH]3)cc2)cc(OC)c1OC,1.22
CCCCNc1nc(NC(C)(C)C)nc(NC(C)(C)C)n1,CCCCNc1nc(NC(C)(C)C)nc(NC(C)(C)C)n1,0.706
Oc1c(ccc2cccnc12)C(Nc3ccccn3)c4cccc(Oc5ccccc5)c4,Oc1c(C(Nc2ccccn2)c2cccc(Oc3ccccc3)c2)ccc2cccnc12,1.01
CCOc1ccc(Nc2ccnc3cc(Cl)ccc23)cc1,CCOc1ccc(Nc2ccnc3cc(Cl)ccc23)cc1,4.0
c1(C(c(cccn2)c2)N3CCC(CC3)Cc4ccccc4)c(C)c(C)sc1NC(=O)c5ccco5,Cc1sc(NC(=O)c2ccco2)c(C(c2cccnc2)N2CCC(Cc3ccccc3)CC2)c1C,1.02
Cc1ccc2c(C)nc(Nc3nc(C)cc(n3)c4ccccc4)nc2c1,Cc1ccc2c(C)nc(Nc3nc(C)cc(-c4ccccc4)n3)nc2c1,4.0
CCN1C2=C(CCC2)C(=N)C3=C1CCCC3,CCn1c2c(c(=N)c3c1CCC3)CCCC2,0.6945
COc1cc(cc(OC)c1OC)C(=O)ON=C(N)Cc2cccc3ccccc23,COc1cc(C(=O)ON=C(N)Cc2cccc3ccccc23)cc(OC)c1OC,0.782
C12=C(c3c(cccc3)C1=O)Nc4c(cccc4)SC2c5ccccc5,O=C1C2=C(Nc3ccccc3SC2c2ccccc2)c2ccccc21,0.89
COC(=O)c1ccc(cc1)C2N(C(=O)c3ccccc3)c4ccccc4N=C5CC(CC(=C25)O)c6ccc(F)cc6,COC(=O)c1ccc(C2C3=C(O)CC(c4ccc(F)cc4)CC3=Nc3ccccc3N2C(=O)c2ccccc2)cc1,0.3265
Clc1ccc(cc1Cl)C(=O)Nc2ccc(cc2)c3nc4ccccc4[nH]3,O=C(Nc1ccc(-c2nc3ccccc3[nH]2)cc1)c1ccc(Cl)c(Cl)c1,0.838
CC(=O)c1sc(NC(=O)Nc2ccc(C)cc2C)nc1C,CC(=O)c1sc(NC(=O)Nc2ccc(C)cc2C)nc1C,0.536
Cc1ccc(Nc2nc(N)c3ccccc3n2)cc1Cl,Cc1ccc(Nc2nc(N)c3ccccc3n2)cc1Cl,4.0
n1c(N(C)C)cc(C)nc1Nc(cc2)ccc2NC(=O)Nc3ccccc3,Cc1cc(N(C)C)nc(Nc2ccc(NC(=O)Nc3ccccc3)cc2)n1,1.1500000000000001
N1C(c2cccc(cccc3)c23)C(CC=C4)C4c5c1c(Cl)ccc5C(OC)=O,COC(=O)c1ccc(Cl)c2c1C1C=CCC1C(c1cccc3ccccc13)N2,0.9390000000000001
c(n1)(nc(NNC(=O)c(cc2)ccc2)cc1N(CCC3)C3)N(C4)CCC4,O=C(NNc1cc(N2CCCC2)nc(N2CCCC2)n1)c1ccccc1,1.33
OC(COc1ccccc1C(=O)CCc2ccccc2)CN3CCCCC3,O=C(CCc1ccccc1)c1ccccc1OCC(O)CN1CCCCC1,0.6765
CCCN1C(=N)C(=CC2=C1N=C3N(C=CC=C3C)C2=O)C(=O)NC4CCCCC4,CCCn1c(=N)c(C(=O)NC2CCCCC2)cc2c(=O)n3cccc(C)c3nc21,1.109
Nc1ccc(cc1)c2nc3cc(Oc4ccc(Oc5ccc6[nH]c(nc6c5)c7ccc(N)cc7)cc4)ccc3[nH]2,Nc1ccc(-c2nc3cc(Oc4ccc(Oc5ccc6[nH]c(-c7ccc(N)cc7)nc6c5)cc4)ccc3[nH]2)cc1,0.842
COc1ccc(Nc2nc(NN=Cc3ccc(O)cc3)nc(Nc4ccc(cc4)[N+](=O)[O-])n2)cc1,COc1ccc(Nc2nc(NN=Cc3ccc(O)cc3)nc(Nc3ccc([N+](=O)[O-])cc3)n2)cc1,0.532
Cn1c(nc2ccccc12)C(=O)c3cccc4ccccc34,Cn1c(C(=O)c2cccc3ccccc23)nc2ccccc21,
CCc1ccc(CNCC(O)c2ccccc2)cc1,CCc1ccc(CNCC(O)c2ccccc2)cc1,
OCCNc1nc(Nc2ccc(Cl)c(Cl)c2)nc3ccccc13,OCCNc1nc(Nc2ccc(Cl)c(Cl)c2)nc2ccccc12,0.59
