key,input,NF54_IC50_72h_1uM,NF54_50PercInh_LDH,NF54_50PercInh_LUM
FZHXIRIBWMQPQF-SLPGGIOYSA-N,N[C@@H](C=O)[C@@H](O)[C@H](O)[C@H](O)CO,0.1636622562699248,0.019691176065954302,0.010016828
FWULQXYJOANGSS-UHFFFAOYSA-N,CCCC(=O)NC(CCO)C(=O)O,0.12737835982251586,0.01638316323088692,0.01097334
FZWBNHMXJMCXLU-UHFFFAOYSA-N,O=CC(O)C(O)C(O)C(O)COC1OC(COC2OC(CO)C(O)C(O)C2O)C(O)C(O)C1O,0.27822307835534976,0.10543726332772863,0.010016828
FZWBNHMXJMCXLU-UHFFFAOYSA-N,O=CC(O)C(O)C(O)C(O)COC1OC(COC2OC(CO)C(O)C(O)C2O)C(O)C(O)C1O,0.27822307835534976,0.10543726332772863,0.010016828
DWZAJFZEYZIHPO-UHFFFAOYSA-N,COc1ccc(-c2oc3cc(O)c(OC)c(O)c3c(=O)c2OC)cc1,0.18576794588495696,0.10418779967375909,0.10743552
JCQLYHFGKNRPGE-FCVZTGTOSA-N,OC[C@H]1O[C@@H](O[C@@H]2[C@@H](CO)O[C@](O)(CO)[C@H]2O)[C@H](O)[C@@H](O)[C@H]1O,0.19229460701981993,0.10230705750987981,0.010016828
YEZAXZZXDSQLIA-UHFFFAOYSA-N,OCC1C(O)CN2CCCC12,0.15716905870355116,0.07220090629932385,0.010016828
HFSKSWPVYWOHEY-SZEHBUNVSA-N,O=C(O)CCCNCC(=O)[C@@H](O)[C@H](O)[C@H](O)CO,0.17661416327216575,0.014420926682628543,0.013227663
ZDLIFNAOCJUWIZ-UHFFFAOYSA-N,CC(N)C1CCC(C(=O)N2CCOCC2)O1,0.07197883589428851,0.001633468067696621,0.010016828
MTYOYAYKYNGNKH-UHFFFAOYSA-N,O=C(OC1Cc2c(cc(O)c(C3c4c(O)cc(O)cc4OC(c4cc(O)c(O)c(O)c4)C3O)c2O)OC1c1cc(O)c(O)c(O)c1)c1cc(O)c(O)c(O)c1,0.30386048889987494,0.3747463488179402,0.31466296
VYGRYVGDPYFVCA-UHFFFAOYSA-N,CCC(C)C(NCC1(O)OC(CO)C(O)C1O)C(=O)O,0.15359848955939806,0.011223021781756623,0.010016828
OIRDTQYFTABQOQ-KQYNXXCUSA-N,Nc1ncnc2c1ncn2[C@@H]1O[C@H](CO)[C@@H](O)[C@H]1O,0.2248512375426483,0.08384183764333947,0.010016828
ZRJHYOXNWCMGMW-UHFFFAOYSA-N,N=C(N)NCCCC1NC(=O)C2CCCN2C1=O,0.1445160490681511,0.023973882415499657,0.010016828
COLNVLDHVKWLRT-UHFFFAOYSA-N,NC(Cc1ccccc1)C(=O)O,0.0740565222159705,0.0014922007446918153,0.021335315
XMOCLSLCDHWDHP-IUODEOHRSA-N,Oc1cc(O)c2c(c1)O[C@H](c1cc(O)c(O)c(O)c1)[C@H](O)C2,0.16593399561498695,0.21140339115704448,0.09016964
MTYOYAYKYNGNKH-UHFFFAOYSA-N,O=C(OC1Cc2c(cc(O)c(C3c4c(O)cc(O)cc4OC(c4cc(O)c(O)c(O)c4)C3O)c2O)OC1c1cc(O)c(O)c(O)c1)c1cc(O)c(O)c(O)c1,0.30386048889987494,0.3747463488179402,0.31466296
SFUVCMKSYKHYLD-FNORWQNLSA-N,COc1cc(/C=C/C(=O)NCCCCN)ccc1O,0.1249589665753997,0.030107509815670987,0.011095089
TUSDEZXZIZRFGC-UHFFFAOYSA-N,O=C(OC1OC2COC(=O)c3cc(O)c(O)c(O)c3-c3c(cc(O)c(O)c3O)C(=O)OC(C2O)C1O)c1cc(O)c(O)c(O)c1,0.27884664598937814,0.20607725924147985,0.07761855
UIOJPVZTRKXUSH-XCVCLJGOSA-N,O=C(/C=C/c1ccc(O)cc1)OCOC1OC(Oc2c(-c3ccc(O)cc3)oc3cc(O)cc(O)c3c2=O)C(O)C(O)C1O,0.4100474508213018,0.2601805078112828,0.47247264
DEMVNNCXWGOASJ-UHFFFAOYSA-N,O=C(OC1C(c2cc(O)c(O)c(O)c2)Oc2c(C3c4c(O)cc(O)cc4OC(c4cc(O)c(O)c(O)c4)C3O)c(O)cc(O)c2C1c1c(O)cc(O)c2c1OC(c1cc(O)c(O)c(O)c1)C(O)C2)c1cc(O)c(O)c(O)c1,0.3225433828677544,0.3890408069022274,0.49731758
CKGKQISENBKOCA-NHBPFIHPSA-N,COc1cc(O[C@@H]2O[C@H](CO[C@H]3OC[C@](O)(CO)[C@H]3O)[C@@H](O)[C@H](O)[C@H]2O)cc(OC)c1OC,0.2649635176750938,0.14070041890701787,0.017463189
SJDDGZBVGOKCKT-UHFFFAOYSA-N,Oc1cc(O)c2c(c1)OC1(c3cc(O)c(O)c(O)c3)Oc3cc(O)c4c(c3C2C1O)OC(c1cc(O)c(O)c(O)c1)C(O)C4,0.25422051586293604,0.36460959077072436,0.28693512
JKYOAXJUOXSWNA-UHFFFAOYSA-N,Oc1ccc(C2Oc3c(ccc(O)c3O)C(OC3c4ccc(O)c(O)c4OC(c4ccc(O)c(O)c4)C3O)C2O)cc1,0.26112502363256207,0.3837545478724157,0.43701646
QOWRRUMGFVBSIT-UHFFFAOYSA-N,O=C(OC1Cc2c(O)cc(O)c(Cc3c(O)cc(O)c4c3OC(c3cc(O)c(O)c(O)c3)C(O)C4)c2OC1c1cc(O)c(O)c(O)c1)c1cc(O)c(O)c(O)c1,0.21928518619749107,0.31571846750005567,0.31131485
ZEEBOBPVWJWREK-UHFFFAOYSA-N,O=C(NCC1OC(Cc2cc(COc3ccccc3)on2)CCC1O)C1CCC1,0.23729102551227288,0.03775121068606399,0.030548168
BUOLDWJIICQRBU-UHFFFAOYSA-N,O=C(OC1Cc2c(O)cc(O)c(C3c4c(O)cc(O)cc4OC(c4ccc(O)c(O)c4)C3O)c2OC1c1cc(O)c(O)c(O)c1)c1cc(O)c(O)c(O)c1,0.2553143643859702,0.3950006442829924,0.27862403
MCBYOIJIIOKICY-UHFFFAOYSA-N,CNC(=O)C(Cc1ccccc1)NC(=O)CC1(c2oc(C)cc(=O)c2O)CCOCC1,0.20492644128279303,0.04845089523711474,0.02678394
MEWWIUOJWCHCRK-UHFFFAOYSA-N,O=C(OC1Cc2c(O)cc(O)c(C3c4c(O)cc(O)cc4OC(c4cc(O)c(O)c(O)c4)C3OC(=O)c3ccc(O)c(O)c3O)c2OC1c1cc(O)c(O)c(O)c1)c1cc(O)c(O)c(O)c1,0.23281912433468913,0.3768496120024975,0.3271432
TUSDEZXZIZRFGC-UHFFFAOYSA-N,O=C(OC1OC2COC(=O)c3cc(O)c(O)c(O)c3-c3c(cc(O)c(O)c3O)C(=O)OC(C2O)C1O)c1cc(O)c(O)c(O)c1,0.27884664598937814,0.20607725924147985,0.07761855
GAYKAIAESJROGN-UHFFFAOYSA-N,COc1cc(C2OCC(Cc3ccc(OC4OC(CO)C(O)C(O)C4O)c(OC)c3)C2CO)ccc1O,0.264547352656524,0.3105937791820889,0.091771804
MLMDACHSXKCQIF-UHFFFAOYSA-N,COc1cc(C2c3cc(OC)c(OC4OC(CO)C(O)C(O)C4O)c(OC)c3CC(CO)C2CO)cc(OC)c1O,0.2906079305597044,0.243135680015388,0.05095306
FZMBKMJMGLZRNL-UHFFFAOYSA-N,COc1c2c(cc3c1C(CC(=O)c1c(O)n(C)c(=O)n(C)c1=O)N(C)CC3)OCO2,0.2789669141577255,0.030968616772346733,0.026710583
VSJGJMKGNMDJCI-ZASXJUAOSA-N,C=C[C@H]1[C@H](O[C@@H]2O[C@H](CO)[C@@H](O)[C@H](O)[C@H]2O)OC=C2C(=O)OCC[C@H]21,0.28896932424728916,0.0607733092064239,0.010016828
NFUHNVZGHNEYRG-UHFFFAOYSA-N,COc1cc(C(O)C(CO)Oc2ccc(CCCOC3OC(CO)C(O)C(O)C3O)cc2OC)ccc1O,0.29164128955497975,0.2750434055116649,0.08391242
UHHVHDDICOEBTQ-WTZDRGJSSA-N,CC(=C/C(=O)O)/C=C/[C@]1(O)[C@@]2(C)CO[C@]1(C)C[C@@H](O[C@@H]1O[C@H](CO)[C@@H](O)[C@H](O)[C@H]1O)C2,0.28791988364252796,0.0572124905559499,0.010016828
WMBWREPUVVBILR-UHFFFAOYSA-N,O=C(OC1Cc2c(O)cc(O)cc2OC1c1cc(O)c(O)c(O)c1)c1cc(O)c(O)c(O)c1,0.1988899678137317,0.29530703451427365,0.26787347
BHZRTFCMKIGIBB-BRJLIKDPSA-N,COc1ccc2c(c1)c(/C=C1/Oc3cc(OS(=O)(=O)c4ccc(C)cc4)ccc3C1=O)cn2C,0.2716030108568065,0.11701552738763212,0.1165687
WMBWREPUVVBILR-WIYYLYMNSA-N,O=C(O[C@@H]1Cc2c(O)cc(O)cc2O[C@@H]1c1cc(O)c(O)c(O)c1)c1cc(O)c(O)c(O)c1,0.1988899678137317,0.29530703451427365,0.26787347
BWFSBUVPIAIXKJ-QHHAFSJGSA-N,COc1cc(/C=C/C(=O)c2ccc(O)cc2O)ccc1O,0.12850709695259602,0.1349375971685873,0.07051675
OFCAQTJEYSFBJR-UHFFFAOYSA-N,COc1cc(OC2OC(COC3OC(CO)C(O)C(O)C3O)C(O)C(O)C2O)c2c(c1O)C(=O)c1cc(C)cc(OC)c1C2=O,0.2171868370984097,0.12527083370388115,0.065358736
MOJZMWJRUKIQGL-UHFFFAOYSA-N,Oc1cc(O)c2c(c1)OC(c1ccc(O)c(O)c1)C(O)C2c1c(O)cc(O)c2c1OC(c1ccc(O)c(O)c1)C(O)C2c1c(O)cc(O)c2c1OC(c1ccc(O)c(O)c1)C(O)C2,0.2904701352893114,0.4646770021284789,0.61577666
MTYOYAYKYNGNKH-UHFFFAOYSA-N,O=C(OC1Cc2c(cc(O)c(C3c4c(O)cc(O)cc4OC(c4cc(O)c(O)c(O)c4)C3O)c2O)OC1c1cc(O)c(O)c(O)c1)c1cc(O)c(O)c(O)c1,0.30386048889987494,0.3747463488179402,0.31466296
SFAUGFBHUYQMBW-UHFFFAOYSA-N,CC1c2c(O)cc(O)c(C3c4c(O)cc(O)cc4OC(c4cc(O)c(O)c(O)c4)C3OC(=O)c3cc(O)c(O)c(O)c3)c2OC(c2cc(O)c(O)c(O)c2)C1OC(=O)c1cc(O)c(O)c(O)c1,0.25103550966209914,0.4006712204763569,0.42243445
PLAPMLGJVGLZOV-VPRICQMDSA-N,O=c1cc(-c2ccc(O)c(O)c2)oc2c([C@@H]3O[C@H](CO)[C@@H](O)[C@H](O)[C@H]3O)c(O)cc(O)c12,0.2021393901714647,0.2695758140692604,0.10370828
ODBRNZZJSYPIDI-VJXVFPJBSA-N,O=c1cc(-c2ccc(O)c(O)c2)oc2cc(O)c([C@@H]3O[C@H](CO)[C@@H](O)[C@H](O)[C@H]3O)c(O)c12,0.2520371265967889,0.21842682531480276,0.12579444
DWTOBCBYINHWCP-UHFFFAOYSA-N,O=C(OC1Cc2c(cc(O)c(C3c4c(O)cc(O)cc4OC(c4ccc(O)c(O)c4)C3O)c2O)OC1c1ccc(O)c(O)c1)c1cc(O)c(O)c(O)c1,0.27303206666787555,0.35415283914974244,0.42242554
MLMDACHSXKCQIF-UHFFFAOYSA-N,COc1cc(C2c3cc(OC)c(OC4OC(CO)C(O)C(O)C4O)c(OC)c3CC(CO)C2CO)cc(OC)c1O,0.2906079305597044,0.243135680015388,0.05095306
VUGAXKYOJRPREO-UHFFFAOYSA-N,COc1ccc(-n2nc(C)c3c2C=C2Oc4c(-c5ccc6c(=O)[nH]c(=O)n(-c7ccc(OC)cc7)c6n5)c(O)c(C)c(O)c4C2(C)C3=O)cc1,0.3643524745897015,0.23727972702464703,0.72094077
LLLRNXQDWBZVIL-UHFFFAOYSA-N,CNC(C)C1=CCC(N)C(OC2C(N)CC(N)C(OC3OCC(C)(O)C(NC)C3O)C2O)O1,0.27279930053439394,0.17678864983426887,0.010016828
PZZRDJXEMZMZFD-DUYPVGENSA-N,O=c1c(OC2OC[C@@H](O)[C@H](O)[C@H]2O)c(-c2ccc(O)c(O)c2)oc2cc(O)cc(O)c12,0.2549775067691445,0.22724484315138108,0.19930531
KRHJUZZZEMFSIW-UHFFFAOYSA-N,O=C(OC1Cc2c(cc(O)c(C3c4c(O)cc(O)cc4OC(c4cc(O)c(O)c(O)c4)C3OC(=O)c3cc(O)c(O)c(O)c3)c2O)OC1c1ccc(O)c(O)c1)c1cc(O)c(O)c(O)c1,0.24760106371223328,0.3734508491936152,0.26937556
LXQFRGHXODSYNA-UHFFFAOYSA-N,O=C(OC1Cc2c(cc(O)c(C3c4c(O)cc(O)cc4OC(c4cc(O)c(O)c(O)c4)C3OC(=O)c3cc(O)c(O)c(O)c3)c2O)OC1c1cc(O)c(O)c(O)c1)c1cc(O)c(O)c(O)c1,0.2629000031833581,0.3756164316271668,0.2972632
USYWOYRASQMIBQ-UHFFFAOYSA-N,CCOC(=O)N(Nc1ccc(N)cc1N)c1ccccc1,0.13654434793301393,0.042717695631692074,0.057307046
PLAPMLGJVGLZOV-VPRICQMDSA-N,O=c1cc(-c2ccc(O)c(O)c2)oc2c([C@@H]3O[C@H](CO)[C@@H](O)[C@H](O)[C@H]3O)c(O)cc(O)c12,0.2021393901714647,0.2695758140692604,0.10370828
WXQMTHFXSUBUEQ-UHFFFAOYSA-N,O=C(OC1Cc2c(O)cc3c(c2OC1c1cc(O)c(O)c(O)c1)C1c2c(O)cc(O)cc2OC(c2cc(O)c(O)c(O)c2)(O3)C1O)c1cc(O)c(O)c(O)c1,0.262881156346728,0.4011050725699661,0.31131485
ACRIYYKEWCXQOS-XAYOXWHSSA-N,O=c1cc(-c2ccc(O)cc2)oc2cc(O)c([C@@H]3O[C@H](CO)[C@@H](O)[C@H](O)[C@H]3O[C@@H]3OC[C@H](O)[C@H](O)[C@H]3O)c(O)c12,0.20156000344697936,0.2232018110365252,0.115609035
PTSMMCZEGIOHQM-UHFFFAOYSA-N,COc1cccc(COC2COC3C(N)COC23)c1,0.1660877600626161,0.07760126096930632,0.016408727
DIPALNDKWHCLEA-UHFFFAOYSA-N,CC(C)C1=CCC(C)(O)C(OC2OC(CO)C(O)C(O)C2O)C1,0.23587931040077856,0.09852066535202311,0.010016828
GKDNXBQBKUXXDE-FPYGCLRLSA-N,COc1cc(/C=C/C(=O)Oc2cc3oc(-c4ccc(O)cc4)cc(=O)c3c(O)c2C2OC(CO)C(O)C(O)C2O)cc(OC)c1O,0.24233783561016828,0.25274390055605217,0.56977254
RODXRVNMMDRFIK-UHFFFAOYSA-N,COc1cc2ccc(=O)oc2cc1O,0.18686651174046312,0.014816244590404114,0.024584029
NMGRDAPKXGVAPF-UHFFFAOYSA-N,COc1ccc(-c2cc(=O)c3c(O)cc(OC4OC(COC5OC(O)C(O)C(O)C5O)C(O)C(O)C4O)cc3o2)cc1,0.2502095545573392,0.1442637469552441,0.089998506
MEWWIUOJWCHCRK-UHFFFAOYSA-N,O=C(OC1Cc2c(O)cc(O)c(C3c4c(O)cc(O)cc4OC(c4cc(O)c(O)c(O)c4)C3OC(=O)c3ccc(O)c(O)c3O)c2OC1c1cc(O)c(O)c(O)c1)c1cc(O)c(O)c(O)c1,0.23281912433468913,0.3768496120024975,0.3271432
PCXAYEPRXOKCNC-UHFFFAOYSA-N,COc1cc(C(=O)Oc2cc(C3Oc4cc(O)cc(O)c4CC3O)cc(O)c2O)cc(O)c1O,0.2226310802536322,0.29163107727740506,0.26787347
ZOEARLNZIDXANJ-UHFFFAOYSA-N,O=C1CC2(C3Oc4cc(O)cc(O)c4CC3OC(=O)c3cc(O)c(O)c(O)c3)C(C(=O)C1=O)C(=O)C1(O)C(=O)C=C(C3Oc4cc(O)cc(O)c4CC3O)C12,0.25007970953620584,0.26164644607583976,0.25210923
AFSDNFLWKVMVRB-UHFFFAOYSA-N,O=c1oc2c(O)c(O)cc3c(=O)oc4c(O)c(O)cc1c4c23,0.19779922496483138,0.134120395377424,0.07241043
AGFXSLXNSBDFHU-UHFFFAOYSA-N,COc1cc(C(CC(=O)NCC(c2cccs2)N(C)C)c2oc(C)cc(=O)c2O)ccc1O,0.20889899359659797,0.157393436240169,0.14306474
MYXNWGACZJSMBT-VJXVFPJBSA-N,O=c1cc(-c2ccc(O)cc2)oc2cc(O)c([C@@H]3O[C@H](CO)[C@@H](O)[C@H](O)[C@H]3O)c(O)c12,0.20652684982655253,0.223163831244631,0.1907873
RXCSLWWSSDJODS-UHFFFAOYSA-N,COc1cc2oc(-c3ccc(O)c(OC4OC(CO)C(O)C(O)C4O)c3)cc(=O)c2c(O)c1C1OC(CO)C(O)C(O)C1O,0.306251007372667,0.23151875710404998,0.24596728
JVIDANAJZDBKRL-FJUMDGKUSA-N,CC(=O)CCC1=C(C)C(O[C@@H]2O[C@H](CO)[C@@H](O)[C@H](O)[C@H]2O)C(O)CC1(C)C,0.22728286327182068,0.05819836636972177,0.010016828
CYHRYKJCGPPJFP-UHFFFAOYSA-N,CCCCCCCCCCCCCC1CC(=O)NC(C(C)O)C(=O)NC(C)C(=O)N2CCCC2C(=O)NC(CCCNC(=N)N)C(=O)NC(C(O)C(=O)O)C(=O)NC(CO)C(=O)N2CCC(O)C2C(=O)NC(C(O)C(=O)O)C(=O)O1,0.3065381449734274,0.2241719250634118,0.042752452
GAYKAIAESJROGN-UHFFFAOYSA-N,COc1cc(C2OCC(Cc3ccc(OC4OC(CO)C(O)C(O)C4O)c(OC)c3)C2CO)ccc1O,0.264547352656524,0.3105937791820889,0.091771804
RODXRVNMMDRFIK-UHFFFAOYSA-N,COc1cc2ccc(=O)oc2cc1O,0.18686651174046312,0.014816244590404114,0.024584029
IAAABTPANVNWIO-QPJJXVBHSA-N,COC1CC2C(OC(=O)/C=C/c3ccc(O)cc3)CC3(O)COC(O1)C23,0.24855942698067116,0.026728827765949113,0.054753106
GSZHJJBYEUDSFV-UHFFFAOYSA-N,COc1cc(C2Oc3cc(O)cc(O)c3CC2OC(=O)c2cc(O)c(O)c(O)c2)cc(O)c1O,0.1922999233026564,0.2893467768942201,0.26787347
OAQDGDLXZKERNI-UHFFFAOYSA-N,COc1c(C)ccc2c1C(=O)c1c(O)c3c(c(O)c1C2=O)CC(C)(O)C(O)C3OC1OCC(O)C(OC)C1O,0.23700506640240449,0.11675648323181051,0.03408165
UDLCSWCVLXHBHY-UHFFFAOYSA-N,CC(=O)Oc1cc(CO)c2c(c1)C(=O)c1cc(OC3OC(C)C(O)C(O)C3O)c(CCCCO)c(O)c1C2=O,0.27158872917383203,0.10102863248289418,0.031458195
PIYXRWHBLXNZBA-HMMKTVFPSA-N,O=C(/C=C/c1ccc(O)c(O)c1)OCC1OC(Oc2cc(O)c3c(=O)cc(-c4ccc(O)cc4)oc3c2)C(O)C(OC(=O)/C=C/c2ccc(O)c(O)c2)C1O,0.33312758622966676,0.3166028567734116,0.5256496
PIYXRWHBLXNZBA-HMMKTVFPSA-N,O=C(/C=C/c1ccc(O)c(O)c1)OCC1OC(Oc2cc(O)c3c(=O)cc(-c4ccc(O)cc4)oc3c2)C(O)C(OC(=O)/C=C/c2ccc(O)c(O)c2)C1O,0.33312758622966676,0.3166028567734116,0.5256496
YXHFXGHAELQJGK-UHFFFAOYSA-N,COc1cc(-c2cc(=O)c3c(O)cc(O)c(C4OC(CO)C(O)C(O)C4O)c3o2)ccc1O,0.21298153293260882,0.26109587296740155,0.10370828
YQIVRYWOBFTREV-UHFFFAOYSA-N,COc1cc2c(=O)oc3c(OC4OC(CO)C(O)C(O)C4O)c(OC)cc4c(=O)oc(c1O)c2c34,0.2752321210514838,0.15405729080419847,0.08064683
LSHVYAFMTMFKBA-UHFFFAOYSA-N,O=C(OC1Cc2c(O)cc(O)cc2OC1c1ccc(O)c(O)c1)c1cc(O)c(O)c(O)c1,0.16468771608450417,0.26129621875325093,0.20524314
MEWWIUOJWCHCRK-UHFFFAOYSA-N,O=C(OC1Cc2c(O)cc(O)c(C3c4c(O)cc(O)cc4OC(c4cc(O)c(O)c(O)c4)C3OC(=O)c3ccc(O)c(O)c3O)c2OC1c1cc(O)c(O)c(O)c1)c1cc(O)c(O)c(O)c1,0.23281912433468913,0.3768496120024975,0.3271432
VBFNHFCZDZPFPB-UHFFFAOYSA-N,Cc1ccc2nc(C3CCN(Cc4ccc(N(C)C)cc4)C3)[nH]c2c1,0.2269496741576032,0.26369463723044984,0.05352397
FFFUNJMMCXXZRG-UHFFFAOYSA-N,O=C1CC2(C3Oc4cc(O)cc(O)c4CC3OC(=O)c3cc(O)c(O)c(O)c3)C(C(=O)C1=O)C(=O)C1(O)C(=O)C=C(C3Oc4cc(O)cc(O)c4CC3OC(=O)c3cc(O)c(O)c(O)c3)C12,0.26084188834452565,0.32604874039253,0.2972632
ZIFHIMARMSIXMN-DGCIPFFKSA-N,C=CC1C[N@@+]2(C)CC[C@@]34c5ccccc5N[C@]32[C@@H](O)C[C@@H]1C4(CO)C(=O)OC,0.22037423038573886,0.055081830291316435,0.017908042
JXZJSKVDEPPIQL-UHFFFAOYSA-N,COc1cc(C2Oc3c(OC)cc(CCCO)cc3C2COC2OC(CO)C(O)C(O)C2O)cc(OC)c1OC(CO)CO,0.2962920625281612,0.29919175137196713,0.07768637
NXJFZPXRASCOES-UHFFFAOYSA-N,COc1cc(CCC(=O)CC(O)CCc2cc(O)c(O)c(OCCCCO)c2)ccc1O,0.22993638135040786,0.225430577940976,0.06326184
PMBZQUHCTGZCSX-UHFFFAOYSA-N,Nc1ccc(CCC2(CO)Oc3cc4oc(C(O)c5cc(O)cc(O)c5)cc(=O)c4c(O)c3CC2O)cc1,0.3114055748696137,0.23985110433101847,0.59310055
XFNAMDRYBAWYQR-UHFFFAOYSA-N,CC(=O)OCC1OC(OC2C=C(C(C)C)CCC2(C)O)C(OC(C)=O)C(OC(C)=O)C1OC(C)=O,0.19940434716057998,0.07913471521821899,0.01097334
BOWWIAFHRQYJRF-UHFFFAOYSA-N,O=C(OCc1cc(O)c(OC2OC(COC(=O)c3cc(O)c(O)c(O)c3)C(O)C(O)C2O)c(O)c1)c1cc(O)c(O)c(Oc2c(C(=O)OCc3cc(O)c(OC4OC(CO)C(O)C(O)C4O)c(O)c3)cc(O)c(O)c2O)c1,0.3372276514699392,0.380048722139229,0.2972632
IEHRDCJJWCUBMN-UHFFFAOYSA-N,O=C(Oc1cc(C2Oc3cc(O)c(C4c5c(O)cc(O)cc5OC(c5ccc(O)c(O)c5)C4O)c(O)c3CC2OC(=O)c2cc(O)c(O)c(O)c2)cc(O)c1O)c1cc(O)c(O)c(O)c1,0.2991743941885439,0.3688969376501295,0.26937556
AJINBYNQJFUZDA-UHFFFAOYSA-N,COCCNC(=O)CC1CC2OC(CNC3CCCCC3)C(O)C2O1,0.21092426614824927,0.025876777041304432,0.010016828
FFFUNJMMCXXZRG-UHFFFAOYSA-N,O=C1CC2(C3Oc4cc(O)cc(O)c4CC3OC(=O)c3cc(O)c(O)c(O)c3)C(C(=O)C1=O)C(=O)C1(O)C(=O)C=C(C3Oc4cc(O)cc(O)c4CC3OC(=O)c3cc(O)c(O)c(O)c3)C12,0.26084188834452565,0.32604874039253,0.2972632
LSHVYAFMTMFKBA-UHFFFAOYSA-N,O=C(OC1Cc2c(O)cc(O)cc2OC1c1ccc(O)c(O)c1)c1cc(O)c(O)c(O)c1,0.16468771608450417,0.26129621875325093,0.20524314
HKMIVNRODKQQRJ-UHFFFAOYSA-N,O=C(OC1Cc2c(O)cc3c(c2OC1c1ccc(O)c(O)c1)C1c2c(O)cc(O)cc2OC(c2cc(O)c(O)c(O)c2)(O3)C1O)c1cc(O)c(O)c(O)c1,0.26495854024423243,0.37842233346826876,0.27550524
DIPALNDKWHCLEA-UHFFFAOYSA-N,CC(C)C1=CCC(C)(O)C(OC2OC(CO)C(O)C(O)C2O)C1,0.23587931040077856,0.09852066535202311,0.010016828
XEVQXKKKAVVSMW-WRWORJQWSA-N,CC1(C)C[C@H](O)C[C@@]2(C)OC(=O)C=C12,0.15002449793622888,0.02871315622405473,0.010016828
LUNIFWBIDDAUHK-UHFFFAOYSA-N,COC(=O)c1cc(O)c(O)c(O)c1-c1c(O)c(O)c2oc(=O)c3cc(O)c(O)c4oc(=O)c1c2c43,0.22262328319630367,0.13991007354837715,0.09709196
VFSWRBJYBQXUTE-UHFFFAOYSA-N,O=C(OC1C(=O)c2ccc(O)cc2OC1c1cc(O)c(O)c(O)c1)c1cc(O)c(O)c(O)c1,0.21972554723574975,0.29215040080636173,0.32569367
HLRKFHIIGKCJEW-UHFFFAOYSA-N,COC(=O)C(Cc1ccccc1)NC(=O)NCCc1ccc(OC)cc1,0.0882610241237874,0.020626744537737496,0.13284005
VTKHRLZMWODHJA-UHFFFAOYSA-N,COc1cc(C2Oc3c(OC)cc(CCCO)cc3C2COC2OC(CO)C(O)C(O)C2O)ccc1O,0.2605841579967387,0.30358321517321835,0.07551239
XPIXCPCSKJDZLU-MRJPKMESSA-N,COc1cc(/C=C/C(=O)OCC2OC(Oc3c(-c4ccc(O)cc4)oc4cc(O)cc(O)c4c3=O)C(O)C(OC(=O)/C=C/c3ccc(O)cc3)C2O)ccc1O,0.4148136850499505,0.3210769978119568,0.71055526
MWIVEDXGNCCAQA-UHFFFAOYSA-N,COc1cc(OC(=O)c2c(C)cc(OC(=O)c3c(C)cc(O)cc3O)cc2O)cc(C)c1C(=O)O,0.16442394131411522,0.2018527160536719,0.32066143
LGMNKSBINQXDAI-UHFFFAOYSA-N,O=c1oc2c(O)c(Oc3ccc(O)c(O)c3O)cc3c(=O)oc4c(O)c(O)cc1c4c23,0.2662241756131828,0.14550209162562738,0.042118557
FMTLKIJHTZJTFK-UHFFFAOYSA-N,COc1cc(O)c2c(c1O)C(=O)C1=C(C2=O)C(O)C2(O1)Oc1c(cc3cc(C)oc(=O)c3c1O)CC2O,0.24766623303993485,0.17319006335047063,0.05723448
FFPCLXMLAVOGGA-ONNFQVAWSA-N,COc1cc(/C=C/C(=O)OCC2OC(Oc3c(-c4ccc(O)cc4)oc4cc(O)cc(O)c4c3=O)C(O)C(O)C2OC(C)=O)ccc1O,0.3756259470903765,0.3194338234822239,0.5874333
FLSOTPIEFVBPBU-LDBVRRDLSA-N,COc1cc(-c2cc(=O)c3c(O[C@@H]4O[C@H](CO)[C@@H](O)[C@H](O)[C@H]4O)cc(O)cc3o2)cc(OC)c1O,0.23004737302458117,0.20445864187181606,0.1844972
PTYYVBPXCVLOAP-UHFFFAOYSA-N,COC(=O)c1ccc2c(=O)c3cc(O)cc(C(=O)O)c3oc2c1O,0.25130132165878455,0.13421994878990962,0.07518409
DDUYMNONWMLEII-UHFFFAOYSA-N,COCC(=O)NC1C(c2ccccc2)N(Cc2ccccc2)CCC1(C)O,0.14250835022693997,0.006807027040856519,0.05873878
SLKYVXNLSZNUTP-UHFFFAOYSA-N,COc1cc(-c2oc3c(OC)c(O)cc(O)c3c(=O)c2OC2OC(C)C(O)C(O)C2O)cc(O)c1O,0.23032729610004718,0.20775111796431056,0.11184099
DKZBBWMURDFHNE-NSCUHMNNSA-N,COc1cc(/C=C/C=O)ccc1O,0.10727842761873856,0.015500468203505903,0.011095089
OQZXEYARJWNNIW-UHFFFAOYSA-N,[NH]C(=O)CCC(NC(=O)C(Cc1ccccc1)NC(=O)C(Cc1ccccc1)n1c(=O)[nH]c2ccccc2c1=O)C(=O)O,0.19421731207694518,0.14606897167382316,0.11006649
UVTOORPUEZFGDK-KGVSQERTSA-N,O=C(/C=C/c1cc(O)c2c(c1)C(C(=O)OC(Cc1ccc(O)c3c1C(C(=O)OC(Cc1ccc(O)c(O)c1)C(=O)O)C(c1ccc(O)c(O)c1)O3)C(=O)O)C(c1ccc(O)c(O)c1)O2)OC(Cc1ccc(O)c(O)c1)C(=O)O,0.2561526387933203,0.34589056531356954,0.618695
IEDHINQMIRRVDA-UHFFFAOYSA-N,C=CC1C(OC2OC(CO)C(O)C(O)C2O)OC=C(C(=O)OC)C1CCNC(Cc1ccccc1)C(=O)O,0.24957394766784496,0.0569629010112582,0.10055909
FJEGHJSIAMHISO-UHFFFAOYSA-N,COc1ccc(C2Oc3cc(O)cc(O)c3C(=O)C2c2c(O)cc(O)c3c2OC(c2ccc(O)c(O)c2)C(O)C3=O)cc1O,0.23435386430082147,0.2831504488870148,0.5845699
POJDBLHPROLFJU-UHFFFAOYSA-N,COc1cc(C2Oc3c(OC)cc(CCCO)cc3C2CO)ccc1OC(O)CCO,0.21621743808866067,0.25626520300522915,0.042325944
XMUVSDXMVAMDSN-UHFFFAOYSA-N,Cc1ccc(NC(=O)NC2C=C(C(=O)N3Cc4ccccc4CC3C([NH])=O)CC(O)C2O)cc1,0.22588305809667844,0.060870741814936194,0.09067559
PFTAWBLQPZVEMU-UHFFFAOYSA-N,Oc1cc(O)c2c(c1)OC(c1ccc(O)c(O)c1)C(O)C2,0.18687631489219014,0.24627696454337247,0.079219714
HKPGWUPXXPIOAN-ZZXKWVIFSA-N,O=C(/C=C/c1ccc(O)cc1)OC1Cc2c(O)cc(O)cc2OC1c1cc(O)c(O)c(O)c1,0.24253988239886148,0.2450399341207371,0.5663203
HACLGAXVNPAGBB-UHFFFAOYSA-N,COc1cc(C(=O)N2CCN(c3cccc(C)c3C)CC2)cc(OC)c1OC,0.13177070745514385,0.04632481562210075,0.099894576
KDTVAWRBRULBLS-QPSGOUHRSA-N,COc1ccc(/C=C2/Oc3cc(OCC(=O)N4CC(O)CC4C(=O)O)ccc3C2=O)c(OC)c1,0.25423557516107836,0.08595388219505272,0.08448881
FXTIILIJTTYSLT-UHFFFAOYSA-N,CC1OC(CC(=O)O)Cc2c(O)c3c(c(O)c21)C(=O)C(C1=CC(=O)c2c(O)c4c(c(O)c2C1=O)C(C)OC(CC(=O)O)C4)=CC3=O,0.15757399982075204,0.1266913312819621,0.026710583
KFJCJZYMDNJCMY-UHFFFAOYSA-N,COc1cc2c(=O)oc3c4ooc4cc4c(=O)oc(c1OC)c2c43,0.23484230980050252,0.04700516664482799,0.07241043
CXEBHAGFESHWNA-UHFFFAOYSA-N,CC1=CCC2C(C=CC(C)C2C(=O)c2c(O)c(C3(O)CCC(O)C4OC43)cn(O)c2=O)C1,0.22149464493222654,0.05403794855164176,0.015349825
NWZBNZUABGSPSN-UHFFFAOYSA-N,O=C1CC(c2ccc(O)c(O)c2)c2c(cc(O)c3c2OC(c2ccc(O)c(O)c2)C(O)C3c2c(O)cc(O)c3c2OC(c2ccc(O)c(O)c2)C(O)C3)O1,0.43781322277303847,0.2988108850851202,0.5786081
NZNOTOIOKOCXIB-UHFFFAOYSA-N,CC(C)=CCc1c(OC(=O)c2c(C)cc(O)cc2O)cc2c(c1O)CN(C(CC(=O)O)C(=O)O)C2=O,0.16952140137275276,0.12139391533049829,0.064260475
SZFPXJLIQAVYPT-UHFFFAOYSA-N,O=C(Nc1ccc(C(O)C2COCC(=O)N2CCCc2ccccc2)cc1)C1CC1,0.2572931434629013,0.013886322881793228,0.034571785
NZXFMXDJYAHTHS-HWKANZROSA-N,COc1cc(/C=C/C(=O)OC2Cc3c(O)cc(O)cc3OC2c2cc(O)c(O)c(O)c2)ccc1O,0.19142783732048438,0.2444228192182284,0.2550939
NLAXFZHJXUCLDR-DAFODLJHSA-N,O=C(/C=C/c1cc(O)c(O)c(O)c1)c1ccc(O)cc1O,0.15293490133458942,0.13320529053309552,0.060279284
LMXVAQGQBWGDQE-UHFFFAOYSA-N,COc1cc(C(=O)OC2Cc3c(O)cc(O)cc3OC2c2ccc(O)c(O)c2)cc(OC)c1O,0.1494324170645437,0.2831175914597781,0.20524314
GGMCFLXPZMBJMV-NPVWYNPDSA-N,COc1ccc(-c2oc3cc(O[C@@H]4O[C@H](CO)[C@@H](O)[C@H](O)[C@H]4O)c(OC)c(O)c3c(=O)c2OC)cc1O,0.27368225973021926,0.1926642596581435,0.2366192
VXNMHZVTDWLWRX-UHFFFAOYSA-N,C=CC(CCCCC)OC1OC(COC2OCC(O)C(O)C2O)C(O)C(O)C1O,0.25348003169772726,0.13665364253106632,0.011482693
OGAWCPDFNFONNX-UHFFFAOYSA-N,CCCOc1ccc(C2OC(c3c[nH]c4ccccc34)C(=O)NC2CO)cc1,0.27892007037857813,0.0898068838198785,0.03845658
NZXFMXDJYAHTHS-HWKANZROSA-N,COc1cc(/C=C/C(=O)OC2Cc3c(O)cc(O)cc3OC2c2cc(O)c(O)c(O)c2)ccc1O,0.19142783732048438,0.2444228192182284,0.2550939
NZNOTOIOKOCXIB-UHFFFAOYSA-N,CC(C)=CCc1c(OC(=O)c2c(C)cc(O)cc2O)cc2c(c1O)CN(C(CC(=O)O)C(=O)O)C2=O,0.16952140137275276,0.12139391533049829,0.064260475
QKGKCIQHXQLDCR-UHFFFAOYSA-N,COc1cc2c(O)c3c(c(O)c2c(O)c1-c1c(OC)cc2c(O)c4c(c(O)c2c1O)C(=O)CC(C)(O)C4=O)C(=O)CC(C)(O)C3=O,0.30711534276443847,0.11286987547472373,0.12790778
QSHBSBLCKIPCKO-UHFFFAOYSA-N,COc1cc2c(c3oc(=O)c4c(c13)CCOC4=O)C1(O)C=COC1O2,0.19636789892885825,0.08207360788932809,0.029916447
FJEGHJSIAMHISO-UHFFFAOYSA-N,COc1ccc(C2Oc3cc(O)cc(O)c3C(=O)C2c2c(O)cc(O)c3c2OC(c2ccc(O)c(O)c2)C(O)C3=O)cc1O,0.23435386430082147,0.2831504488870148,0.5845699
VWEYRBPFCQAXNX-HGAQOODWSA-N,O=C(c1cc(O)c(O)c(O)c1)C(O)[C@H]1O[C@](O)(C(=O)c2cc(O)c(O)c(O)c2)[C@H](O)[C@@H](O)[C@@H]1O,0.18480960378693664,0.13750955969300835,0.05474184
MUPQSGHACLOUTE-PARKKQJRSA-N,C=CC(CCCCC)O[C@@H]1O[C@H](CO[C@@H]2OC[C@](O)(CO)[C@H]2O)[C@@H](O)[C@H](O)[C@H]1O,0.3072138271569628,0.16291930765729312,0.011482693
YMTUMHHQUWOKJM-CJLVFECKSA-N,CNCCC1OC(O)C(OC(=O)/C(=C/c2ccc(O)c(OC)c2)CCc2cccc(CCO)c2)C(OC(C)=O)C1O,0.20116678750587108,0.18368110743135996,0.05664194
KDCDMMXOSHLPFR-UHFFFAOYSA-N,CCCCCC1OC(=O)C(C(C)C)NC(=O)C(C)NC(=O)C(Cc2ccccc2)N(C)C(=O)C2CCCN2C(=O)C1(C)C,0.27790251911132985,0.10920701304648758,0.09492046
FBUJYYRONHLNQF-JTGGRASYSA-N,CC(=O)O[C@H]1CC[C@H](C)[C@@]2(C)[C@H](OC(C)=O)c3c(C)coc3C(=O)[C@H]12,0.19288544875483782,0.03128211616944683,0.014345388
WNPGPJRHDMTHIO-PJQLUOCWSA-N,C=C(c1[nH]c2ccccc2c1COC)C1CCN(C(=O)OC)C/C1=C\C,0.1920015309186584,0.08401798791209043,0.029180817
TWPWUWKVJSCMMU-UHFFFAOYSA-N,CC(C)CC(NC(=O)OC(C)(C)C)C(=O)OCC1OC(O)C(O)C(O)C1O,0.19850971575807258,0.05538007995907568,0.010016828
PSGFKGASHCTNSI-UHFFFAOYSA-N,COc1cc(O)c2c(c1)C(=O)c1cc(C)c(O)c(-c3c(OC)cc4c(c3O)C(=O)C3=C(C4=O)C(O)C(C)(O)C(O)C3O)c1C2=O,0.21347265791467646,0.13721138554430712,0.08119538
HUCNZRPYZDCCEF-UHFFFAOYSA-N,COc1cc(C2c3cc4c(c(OC5OC(CO)C(O)C(O)C5O)c3CC3COC(=O)C32)OCO4)cc(OC)c1O,0.24124051988337075,0.15680489186214575,0.05095306
IBSNNVHJJNLMJW-BMVMOQKNSA-N,CCCCCCCCO[C@@H]1O[C@H](CO[C@@H]2OC[C@@H](O)[C@H](O)[C@H]2O)[C@@H](O)[C@H](O)[C@H]1O,0.2544214735817495,0.1597090710162765,0.010016828
ZEECUFLMKQGAQP-UHFFFAOYSA-N,CC1OC(CC(=O)O)CC2=C1C(=O)c1c(O)cc(-c3cc(O)c4c(c3O)C(=O)C3=C(C4=O)C(C)OC(CC(=O)O)C3)c(O)c1C2=O,0.1803616248550173,0.18561384729049707,0.05723448
HKPGWUPXXPIOAN-ZZXKWVIFSA-N,O=C(/C=C/c1ccc(O)cc1)OC1Cc2c(O)cc(O)cc2OC1c1cc(O)c(O)c(O)c1,0.24253988239886148,0.2450399341207371,0.5663203
FJEGHJSIAMHISO-UHFFFAOYSA-N,COc1ccc(C2Oc3cc(O)cc(O)c3C(=O)C2c2c(O)cc(O)c3c2OC(c2ccc(O)c(O)c2)C(O)C3=O)cc1O,0.23435386430082147,0.2831504488870148,0.5845699
FMTLKIJHTZJTFK-UHFFFAOYSA-N,COc1cc(O)c2c(c1O)C(=O)C1=C(C2=O)C(O)C2(O1)Oc1c(cc3cc(C)oc(=O)c3c1O)CC2O,0.24766623303993485,0.17319006335047063,0.05723448
PAIASCMUTMHGHU-UHFFFAOYSA-N,COc1cc(C2c3cc4c(c(OC5OC(CO)C(O)C(O)C5O)c3CC3COC(=O)C32)OCO4)cc(OC)c1OC,0.22473926734662203,0.12474059635960143,0.05095306
PAIASCMUTMHGHU-UHFFFAOYSA-N,COc1cc(C2c3cc4c(c(OC5OC(CO)C(O)C(O)C5O)c3CC3COC(=O)C32)OCO4)cc(OC)c1OC,0.22473926734662203,0.12474059635960143,0.05095306
ZEECUFLMKQGAQP-UHFFFAOYSA-N,CC1OC(CC(=O)O)CC2=C1C(=O)c1c(O)cc(-c3cc(O)c4c(c3O)C(=O)C3=C(C4=O)C(C)OC(CC(=O)O)C3)c(O)c1C2=O,0.1803616248550173,0.18561384729049707,0.05723448
JWFATQDULKQFOC-UHFFFAOYSA-N,CC1CCC2C(C)C3C(CC4C5CC=C6CC(OC7OC(CO)C(OC8OC(CO)C(O)C(O)C8OC8OC(C)C(O)C(O)C8O)C(O)C7O)CCC6(C)C5CCC43C)N2C1,0.3708602953228219,0.2794295807387203,0.015418081
SWZCZCVNENWMMN-ZRECBCIESA-N,C=C(/C=C/C=C(/CO)C1C2CCCC3(O)CC/C(=C(/C)C(=O)Cc4cccc5c4CC(=O)NC5N)C(CCCO)C3(C2)C1O)CCC=C(C)C,0.30034681111782957,0.16094265793244836,0.017733576
GREDPMIEFHLABC-UHFFFAOYSA-N,CC1(CO)CCC2(C(=O)O)C(C1)C1=CC3C#CC4CCCC45C(=O)NC4C5C(C=CC4(c4cnc[nH]4)C(O)CC(N)O)C4C(O)C(OC5OCC(O)C(O)C5O)C(C)(CO)C5CCC(C)(C3C45C)C1(C)C1Cc3nc[nH]c3NCC12,0.36755850029872467,0.28331938128654605,0.06109082
GJCRYRAHLOGDQE-UHFFFAOYSA-N,CNC(=N)NC(CCO)c1c(C)cc2c(c1O)C(=O)c1c(OC3OC(CO)C(O)(CC(CN4C(=O)C=CC4=O)c4ccnc(N)c4)C(O)C3O)cc(OC)cc1C2=O,0.34703299409448846,0.24677896633700583,0.5112332
KFPFFDLIYFQCKZ-UDWIEESQSA-N,COC(=O)CC(c1cc(OC)c2c(c1)OCO2)c1c(O)ccc2c1O/C(=C/N1CCOCC1)C2=O,0.16955903477048812,0.08558915130742085,0.047981
HYAHTBRGSZYTKT-KEBDBYFISA-N,COc1cc(C(CC(=O)O)c2c(O)ccc3c2O/C(=C/c2ccc(C)o2)C3=O)cc(OC)c1O,0.24019414777408737,0.18888266835281922,0.29784563
ILFLFDSLJRPWIW-UHFFFAOYSA-N,COC(=O)c1ccc(OCC(=O)c2ccc(O)cc2O)cc1,0.10280277158864946,0.053940600442219315,0.043888614
FWAUTRWOYQZINE-OEAKJJBVSA-N,COc1cc(/C=C(\CCc2cccc(CCO)c2)C(=O)OC2C(O)OC(CNCC(C)O)C(O)C2OC(C)=O)ccc1O,0.23615502085021192,0.17928489375709264,0.046598017
XDTJJIJEOFWRLC-GQCTYLIASA-N,COc1cc(/C=C/C(=O)OC2Cc3c(O)cc(O)cc3OC2c2cc(O)c(OC)c(O)c2)ccc1O,0.18722685587369445,0.2578262364042157,0.2550939
XLTXRMBIJSESJQ-UHFFFAOYSA-N,C=CC1C(OC2OC(CO)C(O)C(O)C2O)OC=C(C(=O)O)C1CC1NCCc2cc(O)c(OC)cc21,0.2489025037566561,0.06390105764656952,0.021724774
DEUBRPUUWZYZHV-UHFFFAOYSA-N,O=C(OCC1OC(Oc2ccc(Oc3ccc(O)cc3)cc2)C(O)C(O)C1O)c1ccc(O)cc1,0.24506952092340129,0.17940597656789417,0.06929207
UEOXZOJREOKERR-UHFFFAOYSA-N,COc1cc2c(c(OC)c1OC)-c1ccc(NC(CC(C)C)C(=O)Nc3ccc(O)cc3)c(=O)cc1C(NC(C)=O)CC2,0.24857821835497107,0.11867674840079617,0.44994706
XDTJJIJEOFWRLC-GQCTYLIASA-N,COc1cc(/C=C/C(=O)OC2Cc3c(O)cc(O)cc3OC2c2cc(O)c(OC)c(O)c2)ccc1O,0.18722685587369445,0.2578262364042157,0.2550939
NXYXPYNRHMYNHQ-UHFFFAOYSA-N,CN(C)CCCn1cnc2c1c(=O)[nH]c(=O)n2Cc1ccccc1,0.20958458346353523,0.061733726423962534,0.05222261
QHOKBDNMUUDRLX-YTXTXJHMSA-N,O=C(/C=C/c1cc(O)c(O)cc1/C=C/c1cc(O)c(O)cc1-c1cccc(O)c1)OC(Cc1cc(O)c(O)c(O)c1)C(=O)O,0.3117075213245542,0.1768193123616302,0.4257423
PSGFKGASHCTNSI-UHFFFAOYSA-N,COc1cc(O)c2c(c1)C(=O)c1cc(C)c(O)c(-c3c(OC)cc4c(c3O)C(=O)C3=C(C4=O)C(O)C(C)(O)C(O)C3O)c1C2=O,0.21347265791467646,0.13721138554430712,0.08119538
NARVTFUJLQKXLI-UHFFFAOYSA-N,COc1cc(C2Oc3ccc(-c4cc(=O)c5c(OC(C)=O)cc(OC(C)=O)cc5o4)cc3OC2COC(C)=O)ccc1OC(C)=O,0.2293582994633832,0.16125293392131826,0.5255862
SEEWMSOVGSUOJV-UHFFFAOYSA-N,COC(=O)c1c(O)ccc2oc3cc(C(=O)O)cc(O)c3c(=O)c12,0.20676524573321578,0.10265980114155221,0.07641697
BFUKSFXYHVDMHB-UHFFFAOYSA-N,COc1cc(C2OCC3C(c4ccc(OC(CO)C(O)c5cc(OC)c(O)c(OC)c5)c(OC)c4)OCC23)ccc1O,0.2516195928243324,0.2561296698173343,0.29001427
WLDPHRMLSRTKBF-UHFFFAOYSA-N,CNC(=N)NOC1C(O)C(COC(=O)CC(=O)O)OC(O)C1OOc1ccc2c(c1)C1Oc3cc4c(cc3C1CO2)OC(CO)O4,0.22318919606949386,0.13668233511137393,0.10674477
IJUQYYAQRYPAMG-UHFFFAOYSA-N,CCCCCCCCCCCCCCCC(O)C(COC(C)=O)NC(C)=O,0.09610405125992909,0.01693743740438107,0.010016828
SAFYEZARNLSZOM-ASNITMKRSA-N,C/C=C(C)/C=C/C(=O)NCC(=O)OCC1NC(=O)C(C(C)O)NC(=O)C(Cc2ccccc2)NC(=O)C(c2ccc(O)cc2)NC(=O)C(C(C)CC)NC(=O)C(NC(=O)C(C)C(O)C(C)C)C(C)OC1=O,0.37842139717914075,0.15177839615990918,0.33888337
DLROXGDCTAOTGG-UHFFFAOYSA-N,CCN1C(=O)COCC1C(O)c1ccc(NC(=O)CCc2ccccc2)cc1,0.1800784918965807,0.00893376449277558,0.05208928
GQGIIUWXMCBYIJ-VOTSOKGWSA-N,O=C(/C=C/c1ccccc1)OC1Cc2c(O)cc(O)cc2OC1c1cc(O)c(O)c(O)c1,0.18685798268477918,0.2173855087816274,0.2813838
VKZXVDMHCBCMCO-UHFFFAOYSA-N,CCC(C)C1NC(=O)C(CCC(=O)O)N(C)C(=O)C(C(C)C)N(C)C(=O)CNC(=O)C2CCCN2C(=O)C(Cc2ccccc2)NC(=O)C(C(C)CC)OC(=O)C(CCC(=O)O)N(C)C(=O)C(C(C)C)NC(=O)C2CCCN2C1=O,0.40975294548756397,0.17497298822203053,0.18433914
XONXRXLRRBVQTJ-UHFFFAOYSA-N,CC1(C)CCC2(C(=O)O)CCC3(C)C(=CCC4C5(C)CCC(OC6OC(CO)C(O)C(OC7OC(CO)C(O)C(OC8OCC(O)(CO)C8O)C7O)C6OC6OC(CO)C(O)C(O)C6O)C(C)(C)C5CCC43C)C2C1,0.33656145332819837,0.2298381964120924,0.014217981
WRCORLXOLDLDOJ-UHFFFAOYSA-N,COc1cc(OC)c2c(c1)C(=O)C1=C(C2=O)c2c(OC)cc3c(c2OC(=O)CC(C)(O)C1)C(=O)c1c(O)cc(C)cc1C3=O,0.17978270253885226,0.05605963579152661,0.13797629
BEXDGRJTUXVAIT-UHFFFAOYSA-N,CC1(C)CCC2(C(=O)OC3OC(CO)C(O)C(O)C3O)CCC3(C)C(=CCC4C5(C)CCC(OC6OC(COC7OC(COC8OCC(O)C(O)C8O)C(O)C(O)C7O)C(O)C(O)C6O)C(C)(C)C5CCC43C)C2C1,0.3723074773284213,0.23449645648605286,0.030563308
RFYNAVYPYXLVOM-UHFFFAOYSA-N,O=C(NC(CO)Cc1ccccc1)c1ccccc1,0.12101203328066752,0.008806607512518199,0.056458283
FSQXVCNWJMITHZ-UHFFFAOYSA-N,CC1CCC2(NC1)OC1C3CCC4CC(OC5OC(CO)C(OC6OC(CO)C(O)C(OC7OCC(O)C(O)C7OC7OC(CO)C(O)C(O)C7O)C6O)C(O)C5O)CCC4(C)C3CCC1(C)C2C,0.3693846849219425,0.22950388919694867,0.021321489
WFUZAJQDKFLIRT-BSWSSELBSA-N,CNCC(c1cc(O)c(O)c(O)c1)C(OC(=O)/C=C/c1cc(O)c(O)cc1/C=C/c1cc(O)c(O)cc1-c1cccc(O)c1)C(=O)O,0.31459486378997215,0.17695160618151473,0.44919947
QLHULAHOXSSASE-UHFFFAOYSA-N,CCC(C)OC(=O)N1CCCCC1CCO,0.156698395188755,0.0031901498103521528,0.010016828
WFUZAJQDKFLIRT-BSWSSELBSA-N,CNCC(c1cc(O)c(O)c(O)c1)C(OC(=O)/C=C/c1cc(O)c(O)cc1/C=C/c1cc(O)c(O)cc1-c1cccc(O)c1)C(=O)O,0.31459486378997215,0.17695160618151473,0.44919947
RTTVHSKQNJDIDD-UHFFFAOYSA-N,C=C(CNC(=O)C(O)CCCCCCCCCCCCCCC)C(=O)OC,0.15642158184314467,0.011110197889648921,0.010016828
DOOTYTYQINUNNV-UHFFFAOYSA-N,CCOC(=O)CC(O)(CC(=O)OCC)C(=O)OCC,0.09078592159177873,0.031692832501942575,0.010016828
XUFRACXJJSCGFK-UHFFFAOYSA-N,CN(C)c1ccc(C(=O)NC2COC3C(Nc4nccc(-c5ccc(-c6ccccc6)cc5)n4)COC23)cc1,0.3102978250797535,0.0754750073477007,0.076759346
FSQXVCNWJMITHZ-UHFFFAOYSA-N,CC1CCC2(NC1)OC1C3CCC4CC(OC5OC(CO)C(OC6OC(CO)C(O)C(OC7OCC(O)C(O)C7OC7OC(CO)C(O)C(O)C7O)C6O)C(O)C5O)CCC4(C)C3CCC1(C)C2C,0.3693846849219425,0.22950388919694867,0.021321489
DAGFXZAYWUIGPC-LMSSTIIKSA-N,O=C1c2c(O)cc(O)cc2O[C@H](c2ccc(O)c(O)c2)[C@H]1c1c(O)cc(O)c2c(=O)cc(-c3ccc(O)cc3)oc12,0.2439625779576499,0.2668759401893061,0.5842059
UZHGFJZFJRMSOS-UHFFFAOYSA-N,COC1C(O)C(O)C(Oc2ccc3c(O)c(NC(=O)c4ccc(O)c(CC=C(C)C)c4)c(=O)oc3c2C)OC1(C)C,0.27094834623817937,0.16050648765925396,0.07703997
PGYHWYHNVHYXFQ-UHFFFAOYSA-N,COC1=CC(=O)c2c(cc3c(c2OC(C)=O)C(=O)OC(C)C3)C1=O,0.13336004102124724,0.031216450515131406,0.031914793
MATGKVZWFZHCLI-LSDHHAIUSA-N,COc1cc(C[C@H]2COC(=O)[C@@H]2Cc2ccc(O)c(OC)c2)ccc1O,0.15229955746828722,0.16739093292620508,0.07121833
USBWWSIEUOUQTH-UHFFFAOYSA-N,CC(=O)OC1CC(C)(C(=O)O)CC2C3=CCC4C5(C)CCC(OC6OC(C(=O)O)C(O)C(O)C6OC6OC(C(=O)O)C(O)C(OC7OC(C)C(O)C(O)C7O)C6O)C(C)(C)C5CCC4(C)C3(C)CCC12C,0.35208632683981717,0.21439711587495325,0.015418081
NWFYESYCEQICQP-UHFFFAOYSA-N,COc1cc(CC2COC(=O)C2Cc2ccc(OC)c(OC)c2)ccc1O,0.18754056419075305,0.11184614589231442,0.06770392
MDEPSEICSOAYRD-UHFFFAOYSA-N,CC(CCCCCCCCCCCCC(=O)C1C(=O)C(CC(=O)O)N(C)C1=O)CCCCCCCCOC1OC(C(=O)O)C(OC2OC(CO)C(O)C(O)C2O)C(O)C1O,0.2685088800346965,0.06664026950764687,0.010016828
LHJJKJNQRCMYPR-DHSUVYDUSA-N,C/C=C(\C)C(=O)OC1C(OC(=O)/C(C)=C/C)C2(CO)C(O)CC3(C)C(=CCC4C5(C)CCC(OC6OC(C(=O)O)C(O)C(OC7OC(CO)C(O)C7O)C6OC6OC(CO)C(O)C(O)C6O)C(C)C5CCC43C)C2CC1(C)C,0.27739054708261357,0.27500964058127775,0.010016828
MDEPSEICSOAYRD-UHFFFAOYSA-N,CC(CCCCCCCCCCCCC(=O)C1C(=O)C(CC(=O)O)N(C)C1=O)CCCCCCCCOC1OC(C(=O)O)C(OC2OC(CO)C(O)C(O)C2O)C(O)C1O,0.2685088800346965,0.06664026950764687,0.010016828
SKBGYAGGFRHBDJ-UHFFFAOYSA-N,CC1(C(=O)O)CCC2(C)CCC3(C)C(=CC(=O)C4C5(C)CCC(OC6OC(C(=O)O)C(O)C(O)C6OC6OC(C(=O)O)C(OC7OC(CO)C(O)C(O)C7O)C(O)C6O)C(C)(C)C5CCC43C)C2C1,0.2920294559474197,0.17658714772389805,0.014217981
YKCPYKJWOGZJLA-UHFFFAOYSA-N,C=Cc1oc2cccc(OC(C)=O)c2c(=O)c1C(C(=O)OC)C(=O)OC,0.16767229917533963,0.05598859806448095,0.06027417
JHOYIGDPCIBYKV-UHFFFAOYSA-N,COc1cc(O)c2c(=O)c3ccc(O)c(O)c3oc2c1,0.1729990424584862,0.1121982236406719,0.04817993
KFJCJZYMDNJCMY-UHFFFAOYSA-N,COc1cc2c(=O)oc3c4ooc4cc4c(=O)oc(c1OC)c2c43,0.23484230980050252,0.04700516664482799,0.07241043
HLBPOYVRLSXWJJ-UHFFFAOYSA-N,COc1cc(C2c3cc4c(c(O)c3CC3COC(=O)C32)OCO4)cc(OC)c1OC,0.19471199013734505,0.09533922895887176,0.04559887
IIFBDSDNCYSXSW-UHFFFAOYSA-N,COC(=O)c1cc(O)c2c(=O)c3c(C(=O)OC)c(O)ccc3oc2c1,0.21567828445135448,0.1055660566793867,0.07641697
UXDAWVUDZLBBAM-UHFFFAOYSA-N,CCN(CC)C(=O)Cc1ccccc1,0.07758938563928174,0.002025726972028212,0.028600037
QLHULAHOXSSASE-UHFFFAOYSA-N,CCC(C)OC(=O)N1CCCCC1CCO,0.156698395188755,0.0031901498103521528,0.010016828
NORAXXZWLVRTBQ-UHFFFAOYSA-N,COC(CCc1ccccc1)CC(=O)c1ccccc1,0.09528907883673043,0.02096275244006014,0.056458283
IMKHDCBNRDRUEB-UHFFFAOYSA-N,CC1(C)CCCC2(C)OC(=O)C=C12,0.20682764022161362,0.0599661953902496,0.010016828
HNJIRKJOLJDINX-UHFFFAOYSA-N,COc1ccc(C(=O)OC2C(OC3C(O)COC(OC4CC5C6CC=C7CC(O)CCC7(C)C6CCC5(C)C4(O)C(C)C(=O)CCC(C)C)C3OC(C)=O)OCC(OC3OC(CO)C(O)C(O)C3O)C2O)cc1OC,0.3228484047560001,0.15622709123267622,0.041312292
VOPSFXLIPFJEHR-UHFFFAOYSA-N,CC1(C)CCC2C(=O)CC3(C)C(=CCC4C5(C)CCC(OC6OC(C(=O)O)C(O)C(O)C6O)C(C)(C)C5CCC43C)C2C1,0.32919817818841224,0.175939443291582,0.014217981
SQSJOUYJBHDMLJ-UHFFFAOYSA-N,CCC(C)CCCCCCCCC1CC(=O)NCC(=O)NC(CCCN)C(=O)NC(C(C)C)C(=O)N1,0.3042184633630997,0.07292904211540896,0.010016828
NKFNFFJDQWGZHZ-UHFFFAOYSA-N,C=C(C(=O)CC(C)C1CCC2=C3CCC4C(C)C(O)CCC4(C)C3CCC21C)C(C)C,0.26358017874749157,0.056384942413375855,0.023875257
VOPSFXLIPFJEHR-UHFFFAOYSA-N,CC1(C)CCC2C(=O)CC3(C)C(=CCC4C5(C)CCC(OC6OC(C(=O)O)C(O)C(O)C6O)C(C)(C)C5CCC43C)C2C1,0.32919817818841224,0.175939443291582,0.014217981
BBMCUFUDCJRYOK-UHFFFAOYSA-N,COC1OC(COCc2ccccc2)C(N(C)C(C)=O)C1O,0.1749838423463553,0.0028565176201611336,0.020773467
BZVQRDURNMNAGT-UHFFFAOYSA-N,CC(=O)NC1C(OC2CCC3(C)C(CCC4(C)C3CC=C3C5CC(C)(C)CCC5(C(=O)O)C(O)CC34C)C2(C)C)OC(COC2OCC(O)C(O)C2OC2OCC(O)C(OC3OC(CO)C(O)C(O)C3O)C2O)C(O)C1O,0.3214711998727485,0.2482737589554929,0.014217981
RFXLKVTYRRYTBK-UHFFFAOYSA-N,CCCCCC1C=CC(CCCCCC(C(=O)O)C(O)CC(CO)CNC)CC1,0.18796745855268346,0.02076387414440783,0.010016828
OZFAGHUNGAZEMO-UHFFFAOYSA-N,CC(C)C1=C2CCC3(C)C(CCC4C5(C)CCCC(C)(C)C5C(=O)CC43C)C2(C)CC1,0.2097492424523411,0.11979639306873693,0.016277736
RFXLKVTYRRYTBK-UHFFFAOYSA-N,CCCCCC1C=CC(CCCCCC(C(=O)O)C(O)CC(CO)CNC)CC1,0.18796745855268346,0.02076387414440783,0.010016828
RFXLKVTYRRYTBK-UHFFFAOYSA-N,CCCCCC1C=CC(CCCCCC(C(=O)O)C(O)CC(CO)CNC)CC1,0.18796745855268346,0.02076387414440783,0.010016828
WGBOGGRFCAYNGJ-UHFFFAOYSA-N,O=C(O)CCCCCCCCCC(O)CO,0.12387901623973024,0.026184810935624806,0.010016828
NGPDQWFWZNXVLZ-UHFFFAOYSA-N,CCCCCC(=O)NC(CC(=O)O)C(=O)NC1C(=O)NC(Cc2ccc(O)cc2)C(=O)NC2CCC(O)N(C2=O)C(CC(C)C)C(=O)N(C)C(Cc2ccccc2)C(=O)NC(C(C)C)C(=O)OC1C,0.39382287061127585,0.16132424697084236,0.48378626
OWQIUQKMMPDHQQ-UHFFFAOYSA-N,CCN(CC)CC(C)(C)COC(=O)c1ccc(N)cc1,0.09768562915874489,0.014439195212394984,0.05125948
GOVVAPGKZTZZHX-UHFFFAOYSA-N,C=C1CCC2C(C3CC(C4CCCCC4)CC13)C2(C(N)C=O)C1CCCC(C2CC(O)C=CO2)C1,0.2312027422241617,0.07302327189528801,0.013778637
RNPABQVCNAUEIY-GUQYYFCISA-N,C[C@H]1CC[C@@H]2N(C1)C[C@@H]1[C@H]([C@@H](O)[C@H](O)[C@]3(O)[C@H]1C[C@@]14O[C@@]5(O)[C@@H](C[C@@H](O)[C@@H]31)[C@]4(C)CC[C@@H]5O)[C@]2(C)O,0.32070370058328984,0.21583687633012946,0.010016828
GMKYQCNACYZPGS-UHFFFAOYSA-N,COc1ccc2c3c(cccc13)OC(=O)C2=O,0.1417261982586534,0.04902215161738738,0.05401085
RCDKSSKNXGNUBZ-UHFFFAOYSA-N,CC(C)CCCCCCCCCCC1NC(=O)C(C(C)O)NC(=O)C(CC([NH])=O)NC(=O)C2CCCN2C(=O)C(CCC(=O)O)NC(=O)C(CC([NH])=O)NC(=O)C(Cc2ccc(O)cc2)NC(=O)C(CC([NH])=O)NC1=O,0.3214913450246438,0.147306314721712,0.10158767
QTFPZVNCJKSWJG-UHFFFAOYSA-N,CC(C)NC1CC(C)(C)C2CC(C)(O)CCC12CCC(=O)NCCN1CCOCC1,0.22064720110452335,0.06153556531532884,0.010016828
BTUSGZZCQZACPT-OUKQBFOZSA-N,CCCCCCCCCCC/C=C/C(O)C(N)CO,0.2089468925283623,0.0912366684146658,0.010016828
HIYAISWQVRVOGX-UHFFFAOYSA-N,CCC(OC)n1c2ccccc2c2ccccc21,0.23878068835828267,0.19926701554336573,0.04569116
UWENACCIDNTZCO-UHFFFAOYSA-N,COC(=O)c1c(O)ccc2oc3cc(COC(C)=O)cc(O)c3c(=O)c12,0.2133201838178107,0.14025188955045345,0.11006952
YIWMIFMRTGJLEY-UHFFFAOYSA-N,CC(C)=CCOc1cc(=O)c2c(O)oc(O)c3c(=O)cc(C)c1c32,0.17997899165078676,0.08620781087814007,0.05723448
CWSILOORVVDVLM-UHFFFAOYSA-N,CC(=O)Oc1cc2oc3oc4c(C)c(O)c(O)c(O)c4c(=O)c3c2cc1O,0.2062817233228684,0.13924972679469055,0.09536641
KKRZJBWBZYVFHO-UHFFFAOYSA-N,CC(C)(O)CNC1C(O)C(O)CC1C1CCCCC1,0.15536068504034023,0.0397602544986021,0.010016828
ITVGXXMINPYUHD-CUVHLRMHSA-N,COc1ccc(CCC(=O)c2c(O)cc(O[C@@H]3O[C@H](CO)[C@@H](O)[C@H](O)[C@H]3O[C@@H]3O[C@@H](C)[C@H](O)[C@@H](O)[C@H]3O)cc2O)cc1O,0.2575604799442071,0.16617037823436362,0.13881782
FFLUVDOEJBDSSD-UXBLZVDNSA-N,C=CC(C)(O)CC/C=C(\CO)C(=O)OC1C(C)OC(O)C(O)C1O,0.23710637375648072,0.019265466344515085,0.010016828
RNPABQVCNAUEIY-UHFFFAOYSA-N,CC1CCC2N(C1)CC1C(C(O)C(O)C3(O)C1CC14OC5(O)C(O)CCC1(C)C5CC(O)C34)C2(C)O,0.3207037005832898,0.21583687633012946,0.010016828
APNQDBXMTOZFPF-UHFFFAOYSA-N,CCCCCC1C=CC(CCCCCC(CO)C(=O)O)C(O)C1,0.20719423639544762,0.014793465284348136,0.010016828
RYPQSGURZSTFSX-UHFFFAOYSA-N,CCC(CCC(C)O)COC(=O)c1ccccc1C(=O)O,0.10643863780647511,0.012154250839439698,0.018978564
UGEFTPDLHPVPKD-LJNXOKLISA-N,CC1=C\C=C\C=C\CC(C)NC(=O)/C=C/C=C\C=C\CC(O)CC(O)CC(O)/C=C/C=C\1,0.2605510472189347,0.09922579221602186,0.031212732
VZPAURMDJZOGHU-UHFFFAOYSA-N,CC(=O)OCC(Cc1ccccc1)NC(=O)C(Cc1ccccc1)NC(=O)c1ccccc1,0.13396481078794897,0.014383523759183859,0.12814371
DWCOBEAATKLPOA-UHFFFAOYSA-N,CCCCCCCC(O)CCCCCCC(C(=O)O)C(O)CC(CO)CNC,0.23722730060362185,0.041912693392110345,0.010016828
QTFPZVNCJKSWJG-UHFFFAOYSA-N,CC(C)NC1CC(C)(C)C2CC(C)(O)CCC12CCC(=O)NCCN1CCOCC1,0.22064720110452335,0.06153556531532884,0.010016828
QSBHSPFCUOHNKQ-VAWYXSNFSA-N,CCCCCCCCCC/C=C/C(O)CCC(O)C(N)CO,0.22708605477746155,0.14566914837391734,0.010016828
PKFQANQONAAVFD-UHFFFAOYSA-N,CCC(C)CCCCCCCCCCCN,0.1622400718880251,0.1310025119372929,0.010016828
NRDQQWPDWIXTER-FNORWQNLSA-N,CC(=O)NCCCN(CCCN1CCCC/C=C/CCCCCCCC1)C(C)=O,0.261080575612471,0.03497004831470649,0.021321489
OIGNJSKKLXVSLS-VWUMJDOOSA-N,C[C@]12C=CC(=O)C=C1CC[C@@H]1[C@@H]2[C@@H](O)C[C@@]2(C)[C@H]1CC[C@]2(O)C(=O)CO,0.19968631465090259,0.04244611581725009,0.014501603
VHPPWHOLBHVFAP-UHFFFAOYSA-N,Cc1cc(C)c2oc(-c3ccccc3C(=O)O)cc(=O)c2c1,0.09954633027821046,0.0437872413859449,0.09474702
RFXLKVTYRRYTBK-UHFFFAOYSA-N,CCCCCC1C=CC(CCCCCC(C(=O)O)C(O)CC(CO)CNC)CC1,0.18796745855268346,0.02076387414440783,0.010016828
ARDNWKYZQFLONF-FCDQGJHFSA-N,CCCCCCCCC(CCC(Nc1ccc[nH]1)/C(=C/C(=O)O)CNC(=N)N)C1CCCCC1,0.16381629113490834,0.07396775668470394,0.010016828
VACHUYIREGFMSP-UHFFFAOYSA-N,CCCCCCCCC(O)C(O)CCCCCCCC(=O)O,0.1440984900293425,0.0429376685151635,0.010016828
FIRNSKBCXJVXEU-MDZDMXLPSA-N,CCCCCC/C=C/CCCC(=O)N(CCCCCNC(=N)N)CCCNC(=O)C=C(C)C,0.1894816739207432,0.06013473326558308,0.015532788
KTKMBQWXZUUUDH-UHFFFAOYSA-N,CCCCCCCC(O)CCCCCCC(C(=O)O)C(O)CC(CNC)C1(O)CCCC1,0.22151905423120663,0.0536647523959687,0.010016828
AERBNCYCJBRYDG-UHFFFAOYSA-N,CCCCCCCCCCCCCCC(O)C(O)C(N)CO,0.1904802885737004,0.10907195914996945,0.010016828
GIMYNFALDVRKIW-UHFFFAOYSA-N,CCCCCCCCCCCCCCCC(OC(C)=O)C(CO)NC(C)=O,0.15653416955836286,0.017199578076997755,0.010016828
AERBNCYCJBRYDG-KSZLIROESA-N,CCCCCCCCCCCCCC[C@@H](O)[C@@H](O)[C@@H](N)CO,0.1904802885737004,0.10907195914996945,0.010016828
HUSISCNTLUEZCN-PDBXOOCHSA-N,CC/C=C\C/C=C\C/C=C\CCCCCCCC(=O)OCC(O)COC1OC(CO)C(O)C(O)C1O,0.32312255418918784,0.04362302235772532,0.010016828
IJUQYYAQRYPAMG-UHFFFAOYSA-N,CCCCCCCCCCCCCCCC(O)C(COC(C)=O)NC(C)=O,0.09610405125992909,0.01693743740438107,0.010016828
CJPAHDXHCYFKCY-ZTMAGHJKSA-N,CCCCC/C=C/C/C=C/CC/C=C/CC(O)C(C)N,0.20215120464306804,0.07010948346448335,0.010016828
CVULDJMCSSACEO-UHFFFAOYSA-N,O=C(NC(COC(=O)C(Cc1ccccc1)NC(=O)c1ccccc1)Cc1ccccc1)c1ccccc1,0.157212871420067,0.035808182290532106,0.18393156
VXMVFYOURWLTPI-UHFFFAOYSA-N,CCNCc1ccccc1Cc1cc(O)cc(CC2CCCC3C2CCCC32C=CCC(C)C2)c1,0.28786728514947624,0.361835235135787,0.068956375
QFJUYMMIBFBOJY-UXZRXANASA-N,CC1(C)CCC[C@](C)([C@H]2CC[C@]3(C)[C@@H]2[C@H](O)C[C@@H]2[C@@]4(C)CC[C@H](O)C(C)(C)[C@@H]4[C@H](O)C[C@]23C)O1,0.28157943947679315,0.205179572474619,0.013778637
YHBQOFLCJMAVHB-CMDGGOBGSA-N,CCCCCCC/C=C/CCCCCCCCCCC(O)C(O)C(O)C(N)CO,0.23341009854873657,0.1322492004266584,0.010016828
RNRUHRONLFGPJY-UHFFFAOYSA-N,CC(=O)OC1CCC(CCCCCCCCCCCCC(C)O)NC1C,0.14595278086957153,0.029202878252634134,0.010016828
ASNURABVVXFZSH-CAOOACKPSA-N,CC(C)=CCC(O)C(C)CCC/C(C)=C/CCC(C)CC(O)C(N)CO,0.35678756135085726,0.15156381965555357,0.010016828
WIHDBVXMXZUKBO-UHFFFAOYSA-N,CCCC1OCC(OC(C)=O)C(C(C)(OC(C)=O)C(C)OC(C)=O)O1,0.17323146737416448,0.025033557155785126,0.010016828
YPHQMIRXEFDOQM-KERFEQBRSA-N,O=C(O)CCCCCCC/C=C/C=C/C=C/CCCCO,0.15607415921815151,0.020443804646350382,0.010016828
NRTMMFZTXXHFPV-UHFFFAOYSA-N,CCC1CNC(C(=O)N(C)C2C(=O)NC(CC(C)C)C(=O)C3CC(C)CN3C(=O)NC(CCC(C)C)C(=O)N(C)C(C(C)C)C(=O)N3CCCC3C(=O)N(C)C(CC(C)C)C(=O)NCC(=O)OC2C)C1,0.3362477250909177,0.16914610797723698,0.04778918
OGMGVAAQSPXYGZ-UHFFFAOYSA-N,CC1=CC(CN2CCC(C([NH])=O)CC2)C(C(C)C)CC1Cc1nnc(-c2ccc(N(C)C)cc2)o1,0.36933036879954534,0.0829760650127789,0.059920326
LUZSWWYKKLTDHU-ZJHFMPGASA-N,CCCCC/C=C\C=C\C(=O)CCCCCCCC(=O)O,0.14445599355471964,0.03098998317468417,0.010016828
NUFGXXTYECLQGB-UHFFFAOYSA-N,CCC(C)C1NC(=O)C(C)NC(=O)C(C(C)C)NC(=O)C(CC(C)C)NC(=O)C(Cc2ccccc2)NC(=O)C(C(C)CC)NC(=O)C(CCCCN)NC(=O)C(C(C)CC)NC1=O,0.280283843151664,0.13495379674484864,0.18179673
FIUHUHMHXKIXRQ-BQYQJAHWSA-N,CC(C)C(C)/C=C/C(C)C1CCC2C3=C(C(O)CC21C)C1(C)CCC(OCCO)CC1(O)C(O)C3O,0.25881717811043853,0.17073599166044545,0.010016828
KTASCZVHBOCQCI-UHFFFAOYSA-N,C=C(C)C(O)CC(CC12CC(CC=C(C)C)C(C)(C)C(CC=C(C)C)(C(=O)C(C(=O)c3ccc(O)c(O)c3)C1=O)C2=O)C(=C)C,0.3022659276136959,0.12181411025069025,0.023179794
IRIAEXORFWYRCZ-UHFFFAOYSA-N,CCCCOC(=O)c1ccccc1C(=O)OCc1ccccc1,0.09103522028682924,0.062238079487944256,0.056705814
WEVZGKSDDNCUFL-UHFFFAOYSA-N,CCC1CCCC(C)CCC(OC2OC(C)C(O)C(NC(C)=O)C2O)C(CC)CCCNC1=O,0.22379920771093695,0.06534415197963665,0.0108662285
FIRNSKBCXJVXEU-MDZDMXLPSA-N,CCCCCC/C=C/CCCC(=O)N(CCCCCNC(=N)N)CCCNC(=O)C=C(C)C,0.1894816739207432,0.06013473326558308,0.015532788
PGMHPYRIXBRRQD-UHFFFAOYSA-N,CC1COC(=O)c2cc3c(cc21)C(C)(C)C(C)C3(C)C,0.1479907265032728,0.04270992714061655,0.021724774
YDDBYAHYJZNEBN-UHFFFAOYSA-N,C=C1C(=O)OC2C1C(O)C(=O)C(C)CCCC(C)(O)C2OC(=O)CC(C)C,0.18356804435221363,0.012997030744605426,0.010016828
JIMOHLIIDCNPSU-UHFFFAOYSA-N,CC(=O)NC(C)C(O)CC(O)CCCCCC(O)CCCCCCCO,0.2195791682784087,0.05289309298656595,0.010016828
KTASCZVHBOCQCI-UHFFFAOYSA-N,C=C(C)C(O)CC(CC12CC(CC=C(C)C)C(C)(C)C(CC=C(C)C)(C(=O)C(C(=O)c3ccc(O)c(O)c3)C1=O)C2=O)C(=C)C,0.3022659276136959,0.12181411025069025,0.023179794
KJHYUSLWTPMFTN-BQYQJAHWSA-N,CCCCCC/C=C/CCCCCCCCCC(=O)OCC(O)CO,0.1902819777244684,0.02034993671260498,0.010016828
ZGDOOBRKAZVQOQ-PKNBQFBNSA-N,CCCCC(O)C/C=C/CCCCCCCCC(=O)OCC(O)CO,0.2120638720222279,0.049985386905457056,0.010016828
VQVZQURJRWNJKH-CBNHHMLQSA-N,CCCCCC/C=C/CCCCCCCc1cc(O)cc(O)c1C1=C(CCCCCCC/C=C/CCCCCCCC)C(=O)C(OC)=CC1=O,0.19796606492168367,0.11654177411968869,0.07495141
GLXYKTASIIUSRC-UHFFFAOYSA-N,CC(C)=CCc1c(O)c(CC=C(C)C)c2[nH]c3c(O)cccc3c(=O)c2c1O,0.2134030658958879,0.10184319790705154,0.047401473
DZIILFGADWDKMF-UHFFFAOYSA-N,C#CCCCCCCCCCCCCCCCC(=O)O,0.13402834957629015,0.033196389122862685,0.010016828
ZILRQSBQUHWCBR-VNKDHWASSA-N,C/C=C/C=C/CCCCCCCCCCCCC(=O)OC,0.17982428956226398,0.013534752822998552,0.010016828
SPVJKPBJLRNLPI-NSCUHMNNSA-N,COC(=O)CCCCCCC/C=C/CCCCCCCCO,0.18030609334646563,0.013428585087553551,0.010016828
QPYLSRKRZRZUJP-JLHYYAGUSA-N,CCCCCCCCC/C=C/C(O)CCCCOCC(O)CO,0.20511429808020507,0.16202302048942113,0.010016828
GGJRAQULURVTAJ-IUQGRGSQSA-N,CC/C=C/C/C=C/C/C=C/CCCCCCCC(=O)OCC(O)CO,0.24631516525479877,0.019513156414977445,0.010016828
RSPFXXVMPYBSBP-UHFFFAOYSA-N,CC(NC(=O)CC1C(O)CCC2C(C)(CO)C(O)CCC12C)C(C)(C)C,0.17994651720074833,0.018228928014829247,0.010016828
KTASCZVHBOCQCI-UHFFFAOYSA-N,C=C(C)C(O)CC(CC12CC(CC=C(C)C)C(C)(C)C(CC=C(C)C)(C(=O)C(C(=O)c3ccc(O)c(O)c3)C1=O)C2=O)C(=C)C,0.3022659276136959,0.12181411025069025,0.023179794
BIVRZKNOPNUGJZ-UHFFFAOYSA-N,CC(=O)N1CCCN(CCC2CN(C(=O)C3CC3)CCC2CC(=O)O)CC1,0.194446845397912,0.02621410856747862,0.013778637
XRUBIEUDSSLMOV-UHFFFAOYSA-N,COc1ccc(CC2C(=O)OC(C)C(NC(=O)C(CC(C)C)N(C)C(=O)C3CCCN3)C(=O)NC(CC(C)C)C(O)CC(=O)OC(C(C)C)C(=O)C(C)C(=O)NC(CC(C)C)C(=O)N3CCCC3C(=O)N2C)cc1,0.36712434211734474,0.15225190639188194,0.117051564
UKUSZBXLMJFGPN-UHFFFAOYSA-N,CC1(C)C=Cc2c(c(-c3cc(-c4cc(=O)c5c(O)cc(O)cc5o4)ccc3O)c3oc(-c4ccc(O)cc4)cc(=O)c3c2O)O1,0.2903549706914065,0.2563011015659569,0.5543207
KTASCZVHBOCQCI-UHFFFAOYSA-N,C=C(C)C(O)CC(CC12CC(CC=C(C)C)C(C)(C)C(CC=C(C)C)(C(=O)C(C(=O)c3ccc(O)c(O)c3)C1=O)C2=O)C(=C)C,0.3022659276136959,0.12181411025069025,0.023179794
CJPAHDXHCYFKCY-ZTMAGHJKSA-N,CCCCC/C=C/C/C=C/CC/C=C/CC(O)C(C)N,0.20215120464306804,0.07010948346448335,0.010016828
YMQGYTCBTSSBHF-UHFFFAOYSA-N,CCOCCN1C(=O)COCC1C(O)c1ccc(NC(=O)C2CCCCC2)cc1,0.1916534690982693,0.021021071521374682,0.018194169
WQBURULAXWBFLG-UHFFFAOYSA-N,C=CCCCCCCCCC1C(=O)OC(C(=O)O)C1(O)C(=O)O,0.17083222771337334,0.024995532683676252,0.010016828
CKQGRJBJJDMVFY-UHFFFAOYSA-N,COC1CC(OC2CCC3(C)C(CCC4C3CCC3(C)C(C5=CC(=O)OC5)CCC43O)C2)OC(C)C1OC1OC(COC2OC(C)C(O)C(O)C2O)C(O)C(O)C1O,0.3028451377031238,0.1304732983029355,0.042782694
YVHLLZXSGPDXOA-ZHBFVYIWSA-N,COc1ccc(/C=C/C(=O)O[C@H](C(=O)O)[C@](O)(Cc2ccc(O)c(O)c2)C(=O)O)cc1O,0.2380335645077421,0.20741416236588656,0.09776428
RUXSJGOKSGFEHU-BUHFOSPRSA-N,CCCCCCOC(=O)c1ccc(OC2CCC3(C)C(=CCC4C3CCC3(C)C(C(C)/C=C/C(CC)C(C)C)CCC43)C2)cc1,0.23542833002424046,0.09251142564644753,0.026574366
JHAAEJPYWGVVFN-UHFFFAOYSA-N,CCCCCCCCCC(O)CCCC(O)C(O)CCCCCCC(=O)O,0.19512895752990259,0.05743299090522272,0.010016828
PIYNPBVOTLQBTC-UHFFFAOYSA-N,CCCc1ccc(C2OC(C(O)CO)C3OC(c4ccc(CCC)cc4)OC(CCC)C3O2)cc1,0.3009151677592554,0.1796820496795706,0.044352483
GSYGVFBYRIDTHY-JQIJEIRASA-N,CCCCCCCCCCCCCC(C/C=C/CCC(=O)NC(CO)COC)OC,0.1895411042869281,0.03146083350660281,0.023875257
DUEKIALBULZRSH-OVVQPSECSA-N,CC(=O)OC1CC2(C)/C(=C(\C)CC(C)C(C)C(C)C)C(O)CC2C2CC(O)C3(O)CC(O)CCC3(C)C12,0.2384883252419293,0.12418501277234034,0.010016828
DGCDPGNJPFFAED-UHFFFAOYSA-N,CCCc1cc2c(=O)c(-c3ccc4c(c3)OCO4)c(C)oc2cc1OC(C)C,0.24652512489784864,0.06676052938293939,0.099819444
BOWVQLFMWHZBEF-KTKRTIGZSA-N,CCCCCCCC/C=C\CCCCCCCC(=O)NCCO,0.16842967656913674,0.022341092931300682,0.010016828
BXFPGPRDNQSKKM-UHFFFAOYSA-N,CCCCCCCCCCCCCC(=O)NC(CO)C(O)C(O)C(O)CCCCCC,0.19525318260828733,0.06542294054624827,0.010016828
NXQNUOZBBPDPLK-ZHACJKMWSA-N,C=C(C)/C=C/CC(C)(O)C1CCC2(C)C1C(OC1OC(C)C(O)C(O)C1O)CC1C3(C)CCC(OC4OCC(O)C(O)C4O)C(C)(C)C3CCC12C,0.3211294120867348,0.2695376931259882,0.011213764
SRBNLZGRVJNNGC-GESWKGEBSA-N,COC(=O)/C=C/CCCCCCCCCCCCCCOC(=O)/C=C/c1ccc(O)c(OC)c1,0.18913254805606927,0.023469688025213598,0.012841859
QIVRABJQTNPYAI-UHFFFAOYSA-N,CCCCCCCCCCCC(=O)NC(CCC(=O)NCCCC)C(=O)NCCCC,0.1677514722800447,0.030649664889092883,0.010016828
IDQDRQKBUHBSKB-UHFFFAOYSA-N,CC(=O)OCC12CC(O)C3C(CC=C4CC(O)CC(O)C43C)C1CCC2C(C)CCCC(C)C,0.2456290311585945,0.05057666653742653,0.010016828
GLXYKTASIIUSRC-UHFFFAOYSA-N,CC(C)=CCc1c(O)c(CC=C(C)C)c2[nH]c3c(O)cccc3c(=O)c2c1O,0.2134030658958879,0.10184319790705154,0.047401473
YOIQTGQBNQQIQU-UHFFFAOYSA-N,CCCCCC(O)CC1CC(=O)N(CCCCN2CCCN(C)C(c3ccccc3)CC2=O)CCCN1C,0.2004319912713266,0.07491121779678511,0.03421491
KNFHYIVXHSFVJV-UHFFFAOYSA-N,O=C(CCCCCCCCCCCCCCCCCCCCCCC(=O)OCC(O)CO)OCC(O)CO,0.1731959470055902,0.06474313699254101,0.010016828
WOJQKANMTTXFGZ-UHFFFAOYSA-N,CC1=CC(CN2CCC(O)CC2)C(C(C)C)CC1Cc1nnc(C(C)(C)C)o1,0.2649230399157985,0.1398122606633263,0.010016828
SLEJVZIMVOLHGW-UHFFFAOYSA-N,CCc1cc(-c2cccc(O)c2)c(Cc2cc(OC3CCCC3)cc3c2OCC(C2C(CCCOC)Oc4c(c5c(c6cc(O)ccc46)OCCC5CNC)C2O)C3O)cc1O,0.39102775096864706,0.37137439615189255,0.50791174
GSYGVFBYRIDTHY-JQIJEIRASA-N,CCCCCCCCCCCCCC(C/C=C/CCC(=O)NC(CO)COC)OC,0.1895411042869281,0.03146083350660281,0.023875257
JWVKNHDSRADFFA-UHFFFAOYSA-N,CC(C)C1NC(=O)C(NC(=O)NC(Cc2ccc(O)cc2)C(=O)O)CCCCNC(=O)C(Cc2ccccc2)NC(=O)C(C)N(C)C(=O)C(CCc2ccc(O)cc2)NC1=O,0.26008941061294427,0.24588838311405278,0.49766836
QFEQYDZENWTAAC-JVWAILMASA-N,CC(C)=CCC/C(C)=C/CC1(CC=C(C)C)C(=O)C(=O)Cc2oc3c(c(=O)c21)C(=O)CC(=O)C3(CC=C(C)C)CC=C(C)C,0.25236023418305586,0.07889036394350563,0.042802576
RANVOWKPCZCMQC-UHFFFAOYSA-N,CCCCCCCC(O)CC(=O)NC(CO)C(=O)NC1CCNC(=O)C(CC(C)C)NC(=O)C(CCN)NC(=O)C(CCN)NC(=O)C(CC(C)C)NC(=O)C(CC(C)C)NC(=O)C(CCN)NC1=O,0.30170397208003935,0.14813184546447375,0.027658027
XKGDWZQXVZSXAO-ADYSOMBNSA-N,CCCCCC[C@@H](O)C/C=C\CCCCCCCC(=O)OC,0.17149191577540035,0.025075000386567216,0.010016828
HSEMFIZWXHQJAE-UHFFFAOYSA-N,CCCCCCCCCCCCCCCC(N)=O,0.13118963056240449,0.012644389389045059,0.010016828
CFRXQGXKLCOKGG-UHFFFAOYSA-N,CCCCCCCC1CC2CCC3C(C(=O)OCCCCCCCCCC4NC(=N)N5CCCC5=C4C(=O)OCCCCNC(=N)N)=C(C)N=C(N1)N23,0.330323325894987,0.09590331450960768,0.012800331
TXOKSKCKTYISQV-FHCXDJKBSA-N,C=Cc1c(C)c2cc3nc(c4c5[nH]c(cc6nc(cc1[nH]2)C(C)=C6CC)c(C)c5C(=O)[C@]4(O)C(=O)OC)[C@@H](CCC(=O)O)[C@@H]3C,0.24408909193252756,0.1711692780575136,0.123818465
SMALWXOJQUDDPA-XZBBILGWSA-N,CCCCC/C=C/C/C=C/CCCCCCCCC(=O)OC(COC(=O)CCCCCCCCCCCCCCC)COC1OC(COC2OC(CO)C(O)C(O)C2O)C(O)C(O)C1O,0.3194908726464018,0.08911045390144814,0.010016828
LIOYKDUPKKYWOE-UHFFFAOYSA-N,C=CC(C)(CCO)C1C(O)CCC2C(C)(C)CCCC21C,0.19185524807449922,0.0790075864599745,0.010016828
SPVJKPBJLRNLPI-NSCUHMNNSA-N,COC(=O)CCCCCCC/C=C/CCCCCCCCO,0.18030609334646563,0.013428585087553551,0.010016828
GNNBHBRZPVSHKB-UHFFFAOYSA-N,C=C(C)CCC(CC12CC(CC=C(C)C)C(C)(C)C(CC=C(C)C)(C1=O)c1oc3cc(O)c(O)cc3c(=O)c1C2=O)C(=C)C,0.3822438922063582,0.12420847368724375,0.15530902
GXGFNSDOYGEKLT-NIDAHSRKSA-N,CC(O)CCCCCC/C=C/C/C=C/C/C=C/CCCC(=O)O,0.1587810632315579,0.013241906825698226,0.010016828
ZILRQSBQUHWCBR-VNKDHWASSA-N,C/C=C/C=C/CCCCCCCCCCCCC(=O)OC,0.17982428956226398,0.013534752822998552,0.010016828
POMQYTSPMKEQNB-UHFFFAOYSA-N,CCCCCCCCCCCCCCCC(O)CC(=O)O,0.10061693121522337,0.01987340506156686,0.010016828
SPVJKPBJLRNLPI-NSCUHMNNSA-N,COC(=O)CCCCCCC/C=C/CCCCCCCCO,0.18030609334646563,0.013428585087553551,0.010016828
ZVMLLPSSQZSZOA-ZQHUEGGHSA-N,CCCCCC(O)/C=C/C=C/CCCCCCCC(=O)OC,0.1627890309535315,0.03145174771824564,0.010016828
REBFJHRPKOXRLD-ZJYPAHHQSA-N,C=CC1=C(C)C2=N/C1=C\C1=N/C(=C\C3=C(C)C4C(=O)C(O)(C(=O)OC)/C(=C5/N/C(=C\2)C(C)C5CCC(=O)O)C4=N3)C(CC)=C1C,0.23097251447765205,0.09305775020681162,0.061069306
BJFNQYYKDGQJNK-UHFFFAOYSA-N,CCC(CC(O)C(C)C1CCC2C3=CCC4CC(OC5OC(CO)C(O)C(O)C5O)CCC4(C)C3=CCC21C)C(C)C,0.31321067095055743,0.2224992245911381,0.011482693
VFWGQUZLHBLDFF-OSIIPQMASA-N,C[C@@H]1C[C@H]2O[C@]3(O[C@@H]2C(C)(C)O)[C@H]1[C@@]1(C)CC[C@@]24C[C@@]25CC[C@H](O)C(C)(C)[C@@H]5CC=C4[C@]1(C)[C@H]3O,0.3338226805552488,0.21151070787809773,0.010016828
KXTNVBQRLRYVCO-MWVHARJDSA-N,CC(C)=CC[C@@H]1C[C@]23C[C@H](CC=C(C)C)C(C)(C)[C@](CC=C(C)C)(C(=O)C(C(=O)c4ccc(O)c(O)c4)=C2OC1(C)C)C3=O,0.3052844146170816,0.1777039019362827,0.03744464
FQYGQINELNMLPB-UHFFFAOYSA-N,CCCCCCCCCCCCCCC(O)C(=O)NC(COC1OC(CO)C(O)C(O)C1O)C(O)C(O)CCCCCCCCCCCC(C)C,0.30478412820855943,0.06995852243647742,0.010016828
GSZARNLVZLUGBY-CMDGGOBGSA-N,CCC(/C=C/C(C)C1CC=C2C3=C(CCC21C)C1(C)CCC(O)CC1(O)CC3)C(C)C,0.26151387623319877,0.11308682443595902,0.010016828
FWFPSFPTCYWMQB-UHFFFAOYSA-N,COCC(=O)NC1C(c2ccccc2)N(CCC(C)C)CCC1(C)O,0.12953086903581343,0.007996589372053118,0.023077575
AOAINXPVTJHQLE-UHFFFAOYSA-N,CC(C)CCC1CCCC(C23CCC(C(N)C2)C(C)(C)O3)C1,0.19150903993020932,0.19396064002579586,0.010016828
RZRNAYUHWVFMIP-KTKRTIGZSA-N,CCCCCCCC/C=C\CCCCCCCC(=O)OCC(O)CO,0.18145195564941322,0.02034993671260498,0.010016828
MOUAGYBQHCQHHI-UHFFFAOYSA-N,CC(=O)OCC12C(OCc3ccccc3)CCC(C)(O)C13OC(C)(C)C(C(OC(C)=O)C2OCc1ccccc1)C3OC(C)=O,0.2639348356495322,0.13901347511869092,0.11418528
IUJWQEIXWLMIBP-GFMRDNFCSA-N,CCCCCCCCCCCCCCCC(=O)OC1C2CC(O)C(CCCCC)C1/C=C\CCCCC(=O)OCC1OC(O2)C(O)C(O)C1O,0.27230617245973404,0.06887620173727418,0.010016828
XEKVDIPCVMPBHF-DRGBSJHOSA-N,C=CC1=C(C)C2=N/C1=C\C1=N/C(=C\C3=C(C)C4C(=O)C(C(=O)OC)/C(=C5/N/C(=C\2)C(C)C5CCC(=O)O)C4=N3)C(CC)=C1C,0.24119880079272293,0.0915749852470738,0.061069306
ZWPZBUQZKQDKAN-ARYPUJDWSA-N,C=CC1=C(C)/C2=C/C3=N/C(=C4\C5=N/C(=C\C6=N/C(=C\C1=N2)C(C)=C6CC)C(C)=C5C(=O)C4(O)C(=O)OC)C(CCC(=O)OC)C3C,0.3063662695133482,0.09068782039737035,0.09664371
YDGRDDWFYSHYSZ-UHFFFAOYSA-N,CCC(O)CC1CC=CC(CC(C)O)N1C,0.13088597783353909,0.09507860574757691,0.010016828
LURGILDDCOKZRE-UHFFFAOYSA-N,CCC(C)C1NC(=O)C(Cc2ccc(OC)cc2)NC(=O)C(NC(=O)C(NC=O)C(C)C)C(C)OC(=O)C(C(C)C)N(C)C(=O)C(CC(C)C)NC(=O)C2CCCNN2C1=O,0.3147340351670566,0.0836949918799417,0.095526226
SAHCNEDAENGUHE-UHFFFAOYSA-N,CCCCCCCCCCCC(CCCCCC(=O)OC)NO,0.15768676410225124,0.04242709415656385,0.010016828
XEKVDIPCVMPBHF-LCIJJDDTSA-N,C=CC1=C(C)C2=N/C1=C\C1=N/C(=C\C3=C(C)C4C(=O)[C@H](C(=O)OC)/C(=C5/N/C(=C\2)[C@@H](C)[C@@H]5CCC(=O)O)C4=N3)C(CC)=C1C,0.24119880079272293,0.0915749852470738,0.061069306
LDHICUSXTFKRBQ-UHFFFAOYSA-N,CCCCCCCC1CC2CCC3C(C(=O)OCCCCCCCCCC4NC(=N)N5CCCC5=C4C(=O)OCCCCNC(=N)N)C(C)N=C(N1)N23,0.33283343808167787,0.05460035593069493,0.010016828
JWTWEJXHMGNREA-JVWAILMASA-N,CC(C)=CCC/C(C)=C/CC1CC2(CC=C(C)C)C(=O)C(C(=O)c3cccc(O)c3)C(=O)C(CC=C(C)C)(C2=O)C1(C)C,0.25113249162539136,0.05588474801488893,0.08168677
JLIPYNXGFBRMPV-UHFFFAOYSA-N,CCCCCCCCCCCCC1CCCCCCCCC(=O)OCC2OC(O1)C(O)C(OC(C)=O)C2O,0.19581719465035063,0.06306385416375605,0.013778637
IEGUQQKIFBYXLG-UWJYYQICSA-N,C=Cc1c(C)c2cc3nc(c4c5[nH]c(cc6nc(cc1[nH]2)C(C)=C6CC)c(C)c5C(=O)C4)[C@@H](CCC(=O)O)[C@@H]3C,0.29093509538732676,0.23257037468579056,0.07980736
BACVPBPMMZQFFX-YNIRFQKGSA-N,C=CC1=C(C)C2=N/C1=C\C1=N/C(=C\C3=C(C)C4C(=O)C/C(=C5/N/C(=C\2)[C@@H](C)[C@@H]5CCC(=O)O)C4=N3)C(CC)=C1C,0.23270144887815344,0.09036849538517538,0.038385164
SZFRHIILRMXBBN-UHFFFAOYSA-N,CC(CCCc1ccccc1)CCC(O)C12C(O)CCC(C)(C3CCCCC3)C1C(OC(=O)C1CCCCC1)CC(C)C2(O)CCC1=CC(=O)OC1,0.26572945045342683,0.1439711062131183,0.06940685
HTAWBNJTNNTCSA-UHFFFAOYSA-N,COC1(C)COC2(C=C(C3CCC45CC34CCC3C4CC=C6CC(c7ccccc7)OCC6(C)C4CC(O)C35C)C(=O)O2)C1,0.37402396918388997,0.12724945079030303,0.03597479
FFKXVKSBBRVQCC-UHFFFAOYSA-N,CCCCCCCCCCCCCCCCCCCCCC1(O)CC(=O)c2c(O)cc(O)cc2O1,0.16381466046470092,0.06387527560306663,0.02744353
ASNURABVVXFZSH-CAOOACKPSA-N,CC(C)=CCC(O)C(C)CCC/C(C)=C/CCC(C)CC(O)C(N)CO,0.35678756135085726,0.15156381965555357,0.010016828
BZGPQOXONNDOEM-UHFFFAOYSA-N,CCCCCCCCCCCCCC(CC1C=CCC2(CC3OC(=O)C=CC3O2)O1)OC(C)=O,0.284571888399692,0.013475223175427467,0.018539904
NVQGQHXFWUBOAU-MDZDMXLPSA-N,CCCCCCCC/C=C/CCCCCCCCCCCCCC(=O)OCC(O)CO,0.18145195564941322,0.02034993671260498,0.010016828
IGFQNNFYQDCUDR-LKUDQCMESA-N,C/C(=C\CC1C(=O)c2ccccc2C(=O)C1(C)O)CCCC(C)CCCC(C)CCCC(C)C,0.245802195639265,0.035859593995840905,0.036125254
SIFBPUMCNGQJGE-UHFFFAOYSA-N,O=C(CCCCCCCCCCCCCCCCCCCCCCCO)OCC(O)CO,0.18239389751078677,0.019931708908969194,0.010016828
KRUORMCKORWKOO-UHFFFAOYSA-N,CCCCCCCCCCCc1nc(=N)n2c(c1C(=O)OCCCCNC(=N)N)CCC2,0.1412381099360616,0.038078225292575145,0.010016828
DOFYAVLOCYRMIV-UHFFFAOYSA-N,C=Cc1c(C)c2cc3nc(c4c5[nH]c(cc6nc(cc1[nH]2)C(C)=C6CC)c(C)c5C(=O)C4(O)C(=O)OC)C(CCC(=O)OC)C3C,0.26947457025361526,0.16864091538102471,0.123818465
RMUJWENALAQPCS-SREVYHEPSA-N,CCCCC/C=C\CCCCCCCCCCCCC(=O)O,0.14621455164270722,0.019838643247152246,0.010016828
GPBZMPMGAAJCNA-UHFFFAOYSA-N,CCNCC1=CC2(C)CCC1C1(OC3CC4(O)C5=CC(=O)C6C(c7ccc(O)c(O)c7)C(O)C(O)CC6(C)C5C5(CCCC5)CC4(C)C3C1(O)CCO)C(O)C2C,0.3546328365380239,0.27872663049070084,0.109632045
KXTNVBQRLRYVCO-MWVHARJDSA-N,CC(C)=CC[C@@H]1C[C@]23C[C@H](CC=C(C)C)C(C)(C)[C@](CC=C(C)C)(C(=O)C(C(=O)c4ccc(O)c(O)c4)=C2OC1(C)C)C3=O,0.3052844146170816,0.1777039019362827,0.03744464
BANQKNDBYSHYOO-UHFFFAOYSA-N,COc1cc2ccc(=O)oc2c(OC)c1OCC(O)C(C)(O)CCC1OC1(C)C,0.17505859422087414,0.07173433388430911,0.016635263
UOWFQGKGXMGYLA-UHFFFAOYSA-N,CCCC1(C2OC(C3OC(O)(CO)C(C)CC3C)CC2C)CC(OC2CCC(OC)C(C)O2)C(C2(C)CCC3(CC(OC)C(C)C(C(C)C(OC)C(CC)C(C)O)O3)O2)O1,0.25316424572749996,0.35293567839995593,0.015156209
JEHWHTLUXYQZGI-AFPCPRRPSA-N,CC/C=C/C/C=C/C/C=C/CCCCCCCC(=O)OCC(COC1OC(CO)C(O)C(O)C1O)OC(=O)CCCCCCCCCCCCC,0.33789960016668774,0.05939944649652225,0.010016828
OJFDGOAJDAPKNG-UHFFFAOYSA-N,CCCCCCCCCCCCC(O)C1CCC(C(O)CC(CCCCC(=O)CCCCC(O)CCC2=CC(C)OC2=O)OC(C)=O)O1,0.2971264395075975,0.04635761536777747,0.010016828
RDFQXWJCWRPJPF-SJCQXOIGSA-N,COc1cc(/C=C/C(=O)OCC2COC(=O)CCCCCCCCCCCCCCCCCCCCCCCCCCO2)ccc1O,0.19443377710619555,0.04246030082398966,0.017645694
OFLAYDFSIORKCC-UHFFFAOYSA-N,CCCCCCCCCCCCCCC(C(=O)OC)C(CCCCCCCCC)OC(C)=O,0.14563883768876867,0.021445819430066352,0.010016828
UKUSZBXLMJFGPN-UHFFFAOYSA-N,CC1(C)C=Cc2c(c(-c3cc(-c4cc(=O)c5c(O)cc(O)cc5o4)ccc3O)c3oc(-c4ccc(O)cc4)cc(=O)c3c2O)O1,0.2903549706914065,0.2563011015659569,0.5543207
ZWYPFAOMSUWVRZ-UHFFFAOYSA-N,CCCCCCCCCCCCC(O)C1CCC(C(O)CCCCC(=O)CC2CCCC(CC3=CC(C)OC3=O)O2)O1,0.20537324822780814,0.070581355456454,0.010016828
APLJPCNYUIMBNB-UHFFFAOYSA-N,O=C(CCCCCCCCCCCCCCCCCCCCCCCCCO)OCC(O)CO,0.18239389751078677,0.019931708908969194,0.010016828
UAUDZVJPLUQNMU-MDZDMXLPSA-N,CCCCCCCC/C=C/CCCCCCCCCCCC(N)=O,0.16179257718256898,0.013026079696808412,0.010016828
ODBRNZZJSYPIDI-UHFFFAOYSA-N,O=c1cc(-c2ccc(O)c(O)c2)oc2cc(O)c(C3OC(CO)C(O)C(O)C3O)c(O)c12,0.2520371265967889,0.21842682531480276,0.12579444
RVKRJABUQLMQNO-IPZRHRPYSA-N,COc1c(O)ccc2c1C(=O)c1c(O)cc(C)cc1[C@@H]2[C@@H]1O[C@H](CO)[C@@H](O)[C@H](O)[C@H]1O,0.2125706913556658,0.141513367629136,0.05358594
RXIRUHYYNOJORF-UHFFFAOYSA-N,C=C(CCC(C)C1CC=C2C3=C(CCC21C)C1(C)CCC(O)C(C)(O)C1CC3)C(C)C,0.26158525686388623,0.2222647053240647,0.010016828
