key,input,model_score
FZHXIRIBWMQPQF-SLPGGIOYSA-N,N[C@@H](C=O)[C@@H](O)[C@H](O)[C@H](O)CO,10.38518691806462
FWULQXYJOANGSS-UHFFFAOYSA-N,CCCC(=O)NC(CCO)C(=O)O,0.3387335207545263
FZWBNHMXJMCXLU-UHFFFAOYSA-N,O=CC(O)C(O)C(O)C(O)COC1OC(COC2OC(CO)C(O)C(O)C2O)C(O)C(O)C1O,8.416261525367466
FZWBNHMXJMCXLU-UHFFFAOYSA-N,O=CC(O)C(O)C(O)C(O)COC1OC(COC2OC(CO)C(O)C(O)C2O)C(O)C(O)C1O,8.416261525367466
DWZAJFZEYZIHPO-UHFFFAOYSA-N,COc1ccc(-c2oc3cc(O)c(OC)c(O)c3c(=O)c2OC)cc1,12.790337638348104
JCQLYHFGKNRPGE-FCVZTGTOSA-N,OC[C@H]1O[C@@H](O[C@@H]2[C@@H](CO)O[C@](O)(CO)[C@H]2O)[C@H](O)[C@@H](O)[C@H]1O,17.368419430553384
YEZAXZZXDSQLIA-UHFFFAOYSA-N,OCC1C(O)CN2CCCC12,21.56756454729227
HFSKSWPVYWOHEY-SZEHBUNVSA-N,O=C(O)CCCNCC(=O)[C@@H](O)[C@H](O)[C@H](O)CO,11.13107706853956
ZDLIFNAOCJUWIZ-UHFFFAOYSA-N,CC(N)C1CCC(C(=O)N2CCOCC2)O1,11.778004014062812
MTYOYAYKYNGNKH-UHFFFAOYSA-N,O=C(OC1Cc2c(cc(O)c(C3c4c(O)cc(O)cc4OC(c4cc(O)c(O)c(O)c4)C3O)c2O)OC1c1cc(O)c(O)c(O)c1)c1cc(O)c(O)c(O)c1,25.46201249757757
VYGRYVGDPYFVCA-UHFFFAOYSA-N,CCC(C)C(NCC1(O)OC(CO)C(O)C1O)C(=O)O,12.502912600261832
OIRDTQYFTABQOQ-KQYNXXCUSA-N,Nc1ncnc2c1ncn2[C@@H]1O[C@H](CO)[C@@H](O)[C@H]1O,5.319950052682948
ZRJHYOXNWCMGMW-UHFFFAOYSA-N,N=C(N)NCCCC1NC(=O)C2CCCN2C1=O,25.24752132601642
COLNVLDHVKWLRT-UHFFFAOYSA-N,NC(Cc1ccccc1)C(=O)O,-2.285036508961184
XMOCLSLCDHWDHP-IUODEOHRSA-N,Oc1cc(O)c2c(c1)O[C@H](c1cc(O)c(O)c(O)c1)[C@H](O)C2,13.3506196911582
MTYOYAYKYNGNKH-UHFFFAOYSA-N,O=C(OC1Cc2c(cc(O)c(C3c4c(O)cc(O)cc4OC(c4cc(O)c(O)c(O)c4)C3O)c2O)OC1c1cc(O)c(O)c(O)c1)c1cc(O)c(O)c(O)c1,25.46201249757757
SFUVCMKSYKHYLD-FNORWQNLSA-N,COc1cc(/C=C/C(=O)NCCCCN)ccc1O,21.42224191032409
TUSDEZXZIZRFGC-UHFFFAOYSA-N,O=C(OC1OC2COC(=O)c3cc(O)c(O)c(O)c3-c3c(cc(O)c(O)c3O)C(=O)OC(C2O)C1O)c1cc(O)c(O)c(O)c1,18.34959530153536
UIOJPVZTRKXUSH-XCVCLJGOSA-N,O=C(/C=C/c1ccc(O)cc1)OCOC1OC(Oc2c(-c3ccc(O)cc3)oc3cc(O)cc(O)c3c2=O)C(O)C(O)C1O,21.87803573972044
DEMVNNCXWGOASJ-UHFFFAOYSA-N,O=C(OC1C(c2cc(O)c(O)c(O)c2)Oc2c(C3c4c(O)cc(O)cc4OC(c4cc(O)c(O)c(O)c4)C3O)c(O)cc(O)c2C1c1c(O)cc(O)c2c1OC(c1cc(O)c(O)c(O)c1)C(O)C2)c1cc(O)c(O)c(O)c1,22.87680500888709
CKGKQISENBKOCA-NHBPFIHPSA-N,COc1cc(O[C@@H]2O[C@H](CO[C@H]3OC[C@](O)(CO)[C@H]3O)[C@@H](O)[C@H](O)[C@H]2O)cc(OC)c1OC,9.124031960693213
SJDDGZBVGOKCKT-UHFFFAOYSA-N,Oc1cc(O)c2c(c1)OC1(c3cc(O)c(O)c(O)c3)Oc3cc(O)c4c(c3C2C1O)OC(c1cc(O)c(O)c(O)c1)C(O)C4,19.647573194432667
JKYOAXJUOXSWNA-UHFFFAOYSA-N,Oc1ccc(C2Oc3c(ccc(O)c3O)C(OC3c4ccc(O)c(O)c4OC(c4ccc(O)c(O)c4)C3O)C2O)cc1,12.363030411561567
QOWRRUMGFVBSIT-UHFFFAOYSA-N,O=C(OC1Cc2c(O)cc(O)c(Cc3c(O)cc(O)c4c3OC(c3cc(O)c(O)c(O)c3)C(O)C4)c2OC1c1cc(O)c(O)c(O)c1)c1cc(O)c(O)c(O)c1,20.572651902083976
ZEEBOBPVWJWREK-UHFFFAOYSA-N,O=C(NCC1OC(Cc2cc(COc3ccccc3)on2)CCC1O)C1CCC1,21.82492946650421
BUOLDWJIICQRBU-UHFFFAOYSA-N,O=C(OC1Cc2c(O)cc(O)c(C3c4c(O)cc(O)cc4OC(c4ccc(O)c(O)c4)C3O)c2OC1c1cc(O)c(O)c(O)c1)c1cc(O)c(O)c(O)c1,22.62299539026296
MCBYOIJIIOKICY-UHFFFAOYSA-N,CNC(=O)C(Cc1ccccc1)NC(=O)CC1(c2oc(C)cc(=O)c2O)CCOCC1,27.595350107577275
MEWWIUOJWCHCRK-UHFFFAOYSA-N,O=C(OC1Cc2c(O)cc(O)c(C3c4c(O)cc(O)cc4OC(c4cc(O)c(O)c(O)c4)C3OC(=O)c3ccc(O)c(O)c3O)c2OC1c1cc(O)c(O)c(O)c1)c1cc(O)c(O)c(O)c1,20.06228634408262
TUSDEZXZIZRFGC-UHFFFAOYSA-N,O=C(OC1OC2COC(=O)c3cc(O)c(O)c(O)c3-c3c(cc(O)c(O)c3O)C(=O)OC(C2O)C1O)c1cc(O)c(O)c(O)c1,18.34959530153536
GAYKAIAESJROGN-UHFFFAOYSA-N,COc1cc(C2OCC(Cc3ccc(OC4OC(CO)C(O)C(O)C4O)c(OC)c3)C2CO)ccc1O,20.062216648962423
MLMDACHSXKCQIF-UHFFFAOYSA-N,COc1cc(C2c3cc(OC)c(OC4OC(CO)C(O)C(O)C4O)c(OC)c3CC(CO)C2CO)cc(OC)c1O,29.057163978796904
FZMBKMJMGLZRNL-UHFFFAOYSA-N,COc1c2c(cc3c1C(CC(=O)c1c(O)n(C)c(=O)n(C)c1=O)N(C)CC3)OCO2,11.619461044935708
VSJGJMKGNMDJCI-ZASXJUAOSA-N,C=C[C@H]1[C@H](O[C@@H]2O[C@H](CO)[C@@H](O)[C@H](O)[C@H]2O)OC=C2C(=O)OCC[C@H]21,11.210347078085276
NFUHNVZGHNEYRG-UHFFFAOYSA-N,COc1cc(C(O)C(CO)Oc2ccc(CCCOC3OC(CO)C(O)C(O)C3O)cc2OC)ccc1O,21.83933211151357
UHHVHDDICOEBTQ-WTZDRGJSSA-N,CC(=C/C(=O)O)/C=C/[C@]1(O)[C@@]2(C)CO[C@]1(C)C[C@@H](O[C@@H]1O[C@H](CO)[C@@H](O)[C@H](O)[C@H]1O)C2,10.448241727727426
WMBWREPUVVBILR-UHFFFAOYSA-N,O=C(OC1Cc2c(O)cc(O)cc2OC1c1cc(O)c(O)c(O)c1)c1cc(O)c(O)c(O)c1,17.170207896089767
BHZRTFCMKIGIBB-BRJLIKDPSA-N,COc1ccc2c(c1)c(/C=C1/Oc3cc(OS(=O)(=O)c4ccc(C)cc4)ccc3C1=O)cn2C,21.73008325687049
WMBWREPUVVBILR-WIYYLYMNSA-N,O=C(O[C@@H]1Cc2c(O)cc(O)cc2O[C@@H]1c1cc(O)c(O)c(O)c1)c1cc(O)c(O)c(O)c1,17.170207896089767
BWFSBUVPIAIXKJ-QHHAFSJGSA-N,COc1cc(/C=C/C(=O)c2ccc(O)cc2O)ccc1O,9.110305876304308
OFCAQTJEYSFBJR-UHFFFAOYSA-N,COc1cc(OC2OC(COC3OC(CO)C(O)C(O)C3O)C(O)C(O)C2O)c2c(c1O)C(=O)c1cc(C)cc(OC)c1C2=O,16.740739250751666
MOJZMWJRUKIQGL-UHFFFAOYSA-N,Oc1cc(O)c2c(c1)OC(c1ccc(O)c(O)c1)C(O)C2c1c(O)cc(O)c2c1OC(c1ccc(O)c(O)c1)C(O)C2c1c(O)cc(O)c2c1OC(c1ccc(O)c(O)c1)C(O)C2,15.67991751854841
MTYOYAYKYNGNKH-UHFFFAOYSA-N,O=C(OC1Cc2c(cc(O)c(C3c4c(O)cc(O)cc4OC(c4cc(O)c(O)c(O)c4)C3O)c2O)OC1c1cc(O)c(O)c(O)c1)c1cc(O)c(O)c(O)c1,25.46201249757757
SFAUGFBHUYQMBW-UHFFFAOYSA-N,CC1c2c(O)cc(O)c(C3c4c(O)cc(O)cc4OC(c4cc(O)c(O)c(O)c4)C3OC(=O)c3cc(O)c(O)c(O)c3)c2OC(c2cc(O)c(O)c(O)c2)C1OC(=O)c1cc(O)c(O)c(O)c1,23.283340509790943
PLAPMLGJVGLZOV-VPRICQMDSA-N,O=c1cc(-c2ccc(O)c(O)c2)oc2c([C@@H]3O[C@H](CO)[C@@H](O)[C@H](O)[C@H]3O)c(O)cc(O)c12,25.221037429890863
ODBRNZZJSYPIDI-VJXVFPJBSA-N,O=c1cc(-c2ccc(O)c(O)c2)oc2cc(O)c([C@@H]3O[C@H](CO)[C@@H](O)[C@H](O)[C@H]3O)c(O)c12,19.76986376489927
DWTOBCBYINHWCP-UHFFFAOYSA-N,O=C(OC1Cc2c(cc(O)c(C3c4c(O)cc(O)cc4OC(c4ccc(O)c(O)c4)C3O)c2O)OC1c1ccc(O)c(O)c1)c1cc(O)c(O)c(O)c1,24.44913559469216
MLMDACHSXKCQIF-UHFFFAOYSA-N,COc1cc(C2c3cc(OC)c(OC4OC(CO)C(O)C(O)C4O)c(OC)c3CC(CO)C2CO)cc(OC)c1O,29.057163978796904
VUGAXKYOJRPREO-UHFFFAOYSA-N,COc1ccc(-n2nc(C)c3c2C=C2Oc4c(-c5ccc6c(=O)[nH]c(=O)n(-c7ccc(OC)cc7)c6n5)c(O)c(C)c(O)c4C2(C)C3=O)cc1,25.572490249752462
LLLRNXQDWBZVIL-UHFFFAOYSA-N,CNC(C)C1=CCC(N)C(OC2C(N)CC(N)C(OC3OCC(C)(O)C(NC)C3O)C2O)O1,16.710750645049156
PZZRDJXEMZMZFD-DUYPVGENSA-N,O=c1c(OC2OC[C@@H](O)[C@H](O)[C@H]2O)c(-c2ccc(O)c(O)c2)oc2cc(O)cc(O)c12,16.190256260029127
KRHJUZZZEMFSIW-UHFFFAOYSA-N,O=C(OC1Cc2c(cc(O)c(C3c4c(O)cc(O)cc4OC(c4cc(O)c(O)c(O)c4)C3OC(=O)c3cc(O)c(O)c(O)c3)c2O)OC1c1ccc(O)c(O)c1)c1cc(O)c(O)c(O)c1,22.2868880765788
LXQFRGHXODSYNA-UHFFFAOYSA-N,O=C(OC1Cc2c(cc(O)c(C3c4c(O)cc(O)cc4OC(c4cc(O)c(O)c(O)c4)C3OC(=O)c3cc(O)c(O)c(O)c3)c2O)OC1c1cc(O)c(O)c(O)c1)c1cc(O)c(O)c(O)c1,22.352054469119917
USYWOYRASQMIBQ-UHFFFAOYSA-N,CCOC(=O)N(Nc1ccc(N)cc1N)c1ccccc1,13.101563418664377
PLAPMLGJVGLZOV-VPRICQMDSA-N,O=c1cc(-c2ccc(O)c(O)c2)oc2c([C@@H]3O[C@H](CO)[C@@H](O)[C@H](O)[C@H]3O)c(O)cc(O)c12,25.221037429890863
WXQMTHFXSUBUEQ-UHFFFAOYSA-N,O=C(OC1Cc2c(O)cc3c(c2OC1c1cc(O)c(O)c(O)c1)C1c2c(O)cc(O)cc2OC(c2cc(O)c(O)c(O)c2)(O3)C1O)c1cc(O)c(O)c(O)c1,25.66997504549604
ACRIYYKEWCXQOS-XAYOXWHSSA-N,O=c1cc(-c2ccc(O)cc2)oc2cc(O)c([C@@H]3O[C@H](CO)[C@@H](O)[C@H](O)[C@H]3O[C@@H]3OC[C@H](O)[C@H](O)[C@H]3O)c(O)c12,25.652950178317724
PTSMMCZEGIOHQM-UHFFFAOYSA-N,COc1cccc(COC2COC3C(N)COC23)c1,21.081187038143053
DIPALNDKWHCLEA-UHFFFAOYSA-N,CC(C)C1=CCC(C)(O)C(OC2OC(CO)C(O)C(O)C2O)C1,14.709044549646611
GKDNXBQBKUXXDE-FPYGCLRLSA-N,COc1cc(/C=C/C(=O)Oc2cc3oc(-c4ccc(O)cc4)cc(=O)c3c(O)c2C2OC(CO)C(O)C(O)C2O)cc(OC)c1O,27.59033758264977
RODXRVNMMDRFIK-UHFFFAOYSA-N,COc1cc2ccc(=O)oc2cc1O,9.699341098038223
NMGRDAPKXGVAPF-UHFFFAOYSA-N,COc1ccc(-c2cc(=O)c3c(O)cc(OC4OC(COC5OC(O)C(O)C(O)C5O)C(O)C(O)C4O)cc3o2)cc1,22.35612089312353
MEWWIUOJWCHCRK-UHFFFAOYSA-N,O=C(OC1Cc2c(O)cc(O)c(C3c4c(O)cc(O)cc4OC(c4cc(O)c(O)c(O)c4)C3OC(=O)c3ccc(O)c(O)c3O)c2OC1c1cc(O)c(O)c(O)c1)c1cc(O)c(O)c(O)c1,20.06228634408262
PCXAYEPRXOKCNC-UHFFFAOYSA-N,COc1cc(C(=O)Oc2cc(C3Oc4cc(O)cc(O)c4CC3O)cc(O)c2O)cc(O)c1O,19.22998601984486
ZOEARLNZIDXANJ-UHFFFAOYSA-N,O=C1CC2(C3Oc4cc(O)cc(O)c4CC3OC(=O)c3cc(O)c(O)c(O)c3)C(C(=O)C1=O)C(=O)C1(O)C(=O)C=C(C3Oc4cc(O)cc(O)c4CC3O)C12,20.45380075971016
AFSDNFLWKVMVRB-UHFFFAOYSA-N,O=c1oc2c(O)c(O)cc3c(=O)oc4c(O)c(O)cc1c4c23,11.138961432266107
AGFXSLXNSBDFHU-UHFFFAOYSA-N,COc1cc(C(CC(=O)NCC(c2cccs2)N(C)C)c2oc(C)cc(=O)c2O)ccc1O,19.260535159038643
MYXNWGACZJSMBT-VJXVFPJBSA-N,O=c1cc(-c2ccc(O)cc2)oc2cc(O)c([C@@H]3O[C@H](CO)[C@@H](O)[C@H](O)[C@H]3O)c(O)c12,17.927645608646404
RXCSLWWSSDJODS-UHFFFAOYSA-N,COc1cc2oc(-c3ccc(O)c(OC4OC(CO)C(O)C(O)C4O)c3)cc(=O)c2c(O)c1C1OC(CO)C(O)C(O)C1O,25.341059208285248
JVIDANAJZDBKRL-FJUMDGKUSA-N,CC(=O)CCC1=C(C)C(O[C@@H]2O[C@H](CO)[C@@H](O)[C@H](O)[C@H]2O)C(O)CC1(C)C,14.636093661625218
CYHRYKJCGPPJFP-UHFFFAOYSA-N,CCCCCCCCCCCCCC1CC(=O)NC(C(C)O)C(=O)NC(C)C(=O)N2CCCC2C(=O)NC(CCCNC(=N)N)C(=O)NC(C(O)C(=O)O)C(=O)NC(CO)C(=O)N2CCC(O)C2C(=O)NC(C(O)C(=O)O)C(=O)O1,55.61169346104939
GAYKAIAESJROGN-UHFFFAOYSA-N,COc1cc(C2OCC(Cc3ccc(OC4OC(CO)C(O)C(O)C4O)c(OC)c3)C2CO)ccc1O,20.062216648962423
RODXRVNMMDRFIK-UHFFFAOYSA-N,COc1cc2ccc(=O)oc2cc1O,9.699341098038223
IAAABTPANVNWIO-QPJJXVBHSA-N,COC1CC2C(OC(=O)/C=C/c3ccc(O)cc3)CC3(O)COC(O1)C23,29.070983071190703
GSZHJJBYEUDSFV-UHFFFAOYSA-N,COc1cc(C2Oc3cc(O)cc(O)c3CC2OC(=O)c2cc(O)c(O)c(O)c2)cc(O)c1O,19.765528143107343
OAQDGDLXZKERNI-UHFFFAOYSA-N,COc1c(C)ccc2c1C(=O)c1c(O)c3c(c(O)c1C2=O)CC(C)(O)C(O)C3OC1OCC(O)C(OC)C1O,45.27710150050196
UDLCSWCVLXHBHY-UHFFFAOYSA-N,CC(=O)Oc1cc(CO)c2c(c1)C(=O)c1cc(OC3OC(C)C(O)C(O)C3O)c(CCCCO)c(O)c1C2=O,20.26503451900876
PIYXRWHBLXNZBA-HMMKTVFPSA-N,O=C(/C=C/c1ccc(O)c(O)c1)OCC1OC(Oc2cc(O)c3c(=O)cc(-c4ccc(O)cc4)oc3c2)C(O)C(OC(=O)/C=C/c2ccc(O)c(O)c2)C1O,33.55899083266759
PIYXRWHBLXNZBA-HMMKTVFPSA-N,O=C(/C=C/c1ccc(O)c(O)c1)OCC1OC(Oc2cc(O)c3c(=O)cc(-c4ccc(O)cc4)oc3c2)C(O)C(OC(=O)/C=C/c2ccc(O)c(O)c2)C1O,33.55899083266759
YXHFXGHAELQJGK-UHFFFAOYSA-N,COc1cc(-c2cc(=O)c3c(O)cc(O)c(C4OC(CO)C(O)C(O)C4O)c3o2)ccc1O,29.95450866917986
YQIVRYWOBFTREV-UHFFFAOYSA-N,COc1cc2c(=O)oc3c(OC4OC(CO)C(O)C(O)C4O)c(OC)cc4c(=O)oc(c1O)c2c34,13.926850841742766
LSHVYAFMTMFKBA-UHFFFAOYSA-N,O=C(OC1Cc2c(O)cc(O)cc2OC1c1ccc(O)c(O)c1)c1cc(O)c(O)c(O)c1,17.538404676145852
MEWWIUOJWCHCRK-UHFFFAOYSA-N,O=C(OC1Cc2c(O)cc(O)c(C3c4c(O)cc(O)cc4OC(c4cc(O)c(O)c(O)c4)C3OC(=O)c3ccc(O)c(O)c3O)c2OC1c1cc(O)c(O)c(O)c1)c1cc(O)c(O)c(O)c1,20.06228634408262
VBFNHFCZDZPFPB-UHFFFAOYSA-N,Cc1ccc2nc(C3CCN(Cc4ccc(N(C)C)cc4)C3)[nH]c2c1,38.04648564408832
FFFUNJMMCXXZRG-UHFFFAOYSA-N,O=C1CC2(C3Oc4cc(O)cc(O)c4CC3OC(=O)c3cc(O)c(O)c(O)c3)C(C(=O)C1=O)C(=O)C1(O)C(=O)C=C(C3Oc4cc(O)cc(O)c4CC3OC(=O)c3cc(O)c(O)c(O)c3)C12,19.1884894193597
ZIFHIMARMSIXMN-DGCIPFFKSA-N,C=CC1C[N@@+]2(C)CC[C@@]34c5ccccc5N[C@]32[C@@H](O)C[C@@H]1C4(CO)C(=O)OC,36.299050785798485
JXZJSKVDEPPIQL-UHFFFAOYSA-N,COc1cc(C2Oc3c(OC)cc(CCCO)cc3C2COC2OC(CO)C(O)C(O)C2O)cc(OC)c1OC(CO)CO,17.431059114007994
NXJFZPXRASCOES-UHFFFAOYSA-N,COc1cc(CCC(=O)CC(O)CCc2cc(O)c(O)c(OCCCCO)c2)ccc1O,21.4979419676891
PMBZQUHCTGZCSX-UHFFFAOYSA-N,Nc1ccc(CCC2(CO)Oc3cc4oc(C(O)c5cc(O)cc(O)c5)cc(=O)c4c(O)c3CC2O)cc1,22.299536855320365
XFNAMDRYBAWYQR-UHFFFAOYSA-N,CC(=O)OCC1OC(OC2C=C(C(C)C)CCC2(C)O)C(OC(C)=O)C(OC(C)=O)C1OC(C)=O,22.69391076061233
BOWWIAFHRQYJRF-UHFFFAOYSA-N,O=C(OCc1cc(O)c(OC2OC(COC(=O)c3cc(O)c(O)c(O)c3)C(O)C(O)C2O)c(O)c1)c1cc(O)c(O)c(Oc2c(C(=O)OCc3cc(O)c(OC4OC(CO)C(O)C(O)C4O)c(O)c3)cc(O)c(O)c2O)c1,14.766330876872626
IEHRDCJJWCUBMN-UHFFFAOYSA-N,O=C(Oc1cc(C2Oc3cc(O)c(C4c5c(O)cc(O)cc5OC(c5ccc(O)c(O)c5)C4O)c(O)c3CC2OC(=O)c2cc(O)c(O)c(O)c2)cc(O)c1O)c1cc(O)c(O)c(O)c1,30.18711629501177
AJINBYNQJFUZDA-UHFFFAOYSA-N,COCCNC(=O)CC1CC2OC(CNC3CCCCC3)C(O)C2O1,35.21603483529179
FFFUNJMMCXXZRG-UHFFFAOYSA-N,O=C1CC2(C3Oc4cc(O)cc(O)c4CC3OC(=O)c3cc(O)c(O)c(O)c3)C(C(=O)C1=O)C(=O)C1(O)C(=O)C=C(C3Oc4cc(O)cc(O)c4CC3OC(=O)c3cc(O)c(O)c(O)c3)C12,19.1884894193597
LSHVYAFMTMFKBA-UHFFFAOYSA-N,O=C(OC1Cc2c(O)cc(O)cc2OC1c1ccc(O)c(O)c1)c1cc(O)c(O)c(O)c1,17.538404676145852
HKMIVNRODKQQRJ-UHFFFAOYSA-N,O=C(OC1Cc2c(O)cc3c(c2OC1c1ccc(O)c(O)c1)C1c2c(O)cc(O)cc2OC(c2cc(O)c(O)c(O)c2)(O3)C1O)c1cc(O)c(O)c(O)c1,26.03817182555212
DIPALNDKWHCLEA-UHFFFAOYSA-N,CC(C)C1=CCC(C)(O)C(OC2OC(CO)C(O)C(O)C2O)C1,14.709044549646611
XEVQXKKKAVVSMW-WRWORJQWSA-N,CC1(C)C[C@H](O)C[C@@]2(C)OC(=O)C=C12,13.042530413768077
LUNIFWBIDDAUHK-UHFFFAOYSA-N,COC(=O)c1cc(O)c(O)c(O)c1-c1c(O)c(O)c2oc(=O)c3cc(O)c(O)c4oc(=O)c1c2c43,19.68268461316762
VFSWRBJYBQXUTE-UHFFFAOYSA-N,O=C(OC1C(=O)c2ccc(O)cc2OC1c1cc(O)c(O)c(O)c1)c1cc(O)c(O)c(O)c1,20.75947657186643
HLRKFHIIGKCJEW-UHFFFAOYSA-N,COC(=O)C(Cc1ccccc1)NC(=O)NCCc1ccc(OC)cc1,14.28036033296048
VTKHRLZMWODHJA-UHFFFAOYSA-N,COc1cc(C2Oc3c(OC)cc(CCCO)cc3C2COC2OC(CO)C(O)C(O)C2O)ccc1O,19.40605966265096
XPIXCPCSKJDZLU-MRJPKMESSA-N,COc1cc(/C=C/C(=O)OCC2OC(Oc3c(-c4ccc(O)cc4)oc4cc(O)cc(O)c4c3=O)C(O)C(OC(=O)/C=C/c3ccc(O)cc3)C2O)ccc1O,23.099805855144997
MWIVEDXGNCCAQA-UHFFFAOYSA-N,COc1cc(OC(=O)c2c(C)cc(OC(=O)c3c(C)cc(O)cc3O)cc2O)cc(C)c1C(=O)O,7.846691580178623
LGMNKSBINQXDAI-UHFFFAOYSA-N,O=c1oc2c(O)c(Oc3ccc(O)c(O)c3O)cc3c(=O)oc4c(O)c(O)cc1c4c23,17.188653376335438
FMTLKIJHTZJTFK-UHFFFAOYSA-N,COc1cc(O)c2c(c1O)C(=O)C1=C(C2=O)C(O)C2(O1)Oc1c(cc3cc(C)oc(=O)c3c1O)CC2O,29.4616553967562
FFPCLXMLAVOGGA-ONNFQVAWSA-N,COc1cc(/C=C/C(=O)OCC2OC(Oc3c(-c4ccc(O)cc4)oc4cc(O)cc(O)c4c3=O)C(O)C(O)C2OC(C)=O)ccc1O,28.27914597675654
FLSOTPIEFVBPBU-LDBVRRDLSA-N,COc1cc(-c2cc(=O)c3c(O[C@@H]4O[C@H](CO)[C@@H](O)[C@H](O)[C@H]4O)cc(O)cc3o2)cc(OC)c1O,24.796025214634888
PTYYVBPXCVLOAP-UHFFFAOYSA-N,COC(=O)c1ccc2c(=O)c3cc(O)cc(C(=O)O)c3oc2c1O,11.6027056280037
DDUYMNONWMLEII-UHFFFAOYSA-N,COCC(=O)NC1C(c2ccccc2)N(Cc2ccccc2)CCC1(C)O,19.20207805476736
SLKYVXNLSZNUTP-UHFFFAOYSA-N,COc1cc(-c2oc3c(OC)c(O)cc(O)c3c(=O)c2OC2OC(C)C(O)C(O)C2O)cc(O)c1O,19.99720493533132
DKZBBWMURDFHNE-NSCUHMNNSA-N,COc1cc(/C=C/C=O)ccc1O,6.630087503335665
OQZXEYARJWNNIW-UHFFFAOYSA-N,[NH]C(=O)CCC(NC(=O)C(Cc1ccccc1)NC(=O)C(Cc1ccccc1)n1c(=O)[nH]c2ccccc2c1=O)C(=O)O,4.207011705678657
UVTOORPUEZFGDK-KGVSQERTSA-N,O=C(/C=C/c1cc(O)c2c(c1)C(C(=O)OC(Cc1ccc(O)c3c1C(C(=O)OC(Cc1ccc(O)c(O)c1)C(=O)O)C(c1ccc(O)c(O)c1)O3)C(=O)O)C(c1ccc(O)c(O)c1)O2)OC(Cc1ccc(O)c(O)c1)C(=O)O,4.191584032763167
IEDHINQMIRRVDA-UHFFFAOYSA-N,C=CC1C(OC2OC(CO)C(O)C(O)C2O)OC=C(C(=O)OC)C1CCNC(Cc1ccccc1)C(=O)O,12.032467016510193
FJEGHJSIAMHISO-UHFFFAOYSA-N,COc1ccc(C2Oc3cc(O)cc(O)c3C(=O)C2c2c(O)cc(O)c3c2OC(c2ccc(O)c(O)c2)C(O)C3=O)cc1O,23.043157259783683
POJDBLHPROLFJU-UHFFFAOYSA-N,COc1cc(C2Oc3c(OC)cc(CCCO)cc3C2CO)ccc1OC(O)CCO,10.082355243656664
XMUVSDXMVAMDSN-UHFFFAOYSA-N,Cc1ccc(NC(=O)NC2C=C(C(=O)N3Cc4ccccc4CC3C([NH])=O)CC(O)C2O)cc1,21.29604600854884
PFTAWBLQPZVEMU-UHFFFAOYSA-N,Oc1cc(O)c2c(c1)OC(c1ccc(O)c(O)c1)C(O)C2,12.410632576750013
HKPGWUPXXPIOAN-ZZXKWVIFSA-N,O=C(/C=C/c1ccc(O)cc1)OC1Cc2c(O)cc(O)cc2OC1c1cc(O)c(O)c(O)c1,22.622334141889542
HACLGAXVNPAGBB-UHFFFAOYSA-N,COc1cc(C(=O)N2CCN(c3cccc(C)c3C)CC2)cc(OC)c1OC,13.63539203512338
KDTVAWRBRULBLS-QPSGOUHRSA-N,COc1ccc(/C=C2/Oc3cc(OCC(=O)N4CC(O)CC4C(=O)O)ccc3C2=O)c(OC)c1,6.23922260887092
FXTIILIJTTYSLT-UHFFFAOYSA-N,CC1OC(CC(=O)O)Cc2c(O)c3c(c(O)c21)C(=O)C(C1=CC(=O)c2c(O)c4c(c(O)c2C1=O)C(C)OC(CC(=O)O)C4)=CC3=O,16.602220528356757
KFJCJZYMDNJCMY-UHFFFAOYSA-N,COc1cc2c(=O)oc3c4ooc4cc4c(=O)oc(c1OC)c2c43,2.562265124802076
CXEBHAGFESHWNA-UHFFFAOYSA-N,CC1=CCC2C(C=CC(C)C2C(=O)c2c(O)c(C3(O)CCC(O)C4OC43)cn(O)c2=O)C1,30.036011981774923
NWZBNZUABGSPSN-UHFFFAOYSA-N,O=C1CC(c2ccc(O)c(O)c2)c2c(cc(O)c3c2OC(c2ccc(O)c(O)c2)C(O)C3c2c(O)cc(O)c3c2OC(c2ccc(O)c(O)c2)C(O)C3)O1,20.859161727529077
NZNOTOIOKOCXIB-UHFFFAOYSA-N,CC(C)=CCc1c(OC(=O)c2c(C)cc(O)cc2O)cc2c(c1O)CN(C(CC(=O)O)C(=O)O)C2=O,23.967986061445263
SZFPXJLIQAVYPT-UHFFFAOYSA-N,O=C(Nc1ccc(C(O)C2COCC(=O)N2CCCc2ccccc2)cc1)C1CC1,21.25380634550344
NZXFMXDJYAHTHS-HWKANZROSA-N,COc1cc(/C=C/C(=O)OC2Cc3c(O)cc(O)cc3OC2c2cc(O)c(O)c(O)c2)ccc1O,22.207156191981497
NLAXFZHJXUCLDR-DAFODLJHSA-N,O=C(/C=C/c1cc(O)c(O)c(O)c1)c1ccc(O)cc1O,8.824877554470843
LMXVAQGQBWGDQE-UHFFFAOYSA-N,COc1cc(C(=O)OC2Cc3c(O)cc(O)cc3OC2c2ccc(O)c(O)c2)cc(OC)c1O,19.79301449131645
GGMCFLXPZMBJMV-NPVWYNPDSA-N,COc1ccc(-c2oc3cc(O[C@@H]4O[C@H](CO)[C@@H](O)[C@H](O)[C@H]4O)c(OC)c(O)c3c(=O)c2OC)cc1O,21.13543003113862
VXNMHZVTDWLWRX-UHFFFAOYSA-N,C=CC(CCCCC)OC1OC(COC2OCC(O)C(O)C2O)C(O)C(O)C1O,13.154606507087324
OGAWCPDFNFONNX-UHFFFAOYSA-N,CCCOc1ccc(C2OC(c3c[nH]c4ccccc34)C(=O)NC2CO)cc1,32.179363384002
NZXFMXDJYAHTHS-HWKANZROSA-N,COc1cc(/C=C/C(=O)OC2Cc3c(O)cc(O)cc3OC2c2cc(O)c(O)c(O)c2)ccc1O,22.207156191981497
NZNOTOIOKOCXIB-UHFFFAOYSA-N,CC(C)=CCc1c(OC(=O)c2c(C)cc(O)cc2O)cc2c(c1O)CN(C(CC(=O)O)C(=O)O)C2=O,23.967986061445263
QKGKCIQHXQLDCR-UHFFFAOYSA-N,COc1cc2c(O)c3c(c(O)c2c(O)c1-c1c(OC)cc2c(O)c4c(c(O)c2c1O)C(=O)CC(C)(O)C4=O)C(=O)CC(C)(O)C3=O,22.10796744643202
QSHBSBLCKIPCKO-UHFFFAOYSA-N,COc1cc2c(c3oc(=O)c4c(c13)CCOC4=O)C1(O)C=COC1O2,22.15004473393533
FJEGHJSIAMHISO-UHFFFAOYSA-N,COc1ccc(C2Oc3cc(O)cc(O)c3C(=O)C2c2c(O)cc(O)c3c2OC(c2ccc(O)c(O)c2)C(O)C3=O)cc1O,23.043157259783683
VWEYRBPFCQAXNX-HGAQOODWSA-N,O=C(c1cc(O)c(O)c(O)c1)C(O)[C@H]1O[C@](O)(C(=O)c2cc(O)c(O)c(O)c2)[C@H](O)[C@@H](O)[C@@H]1O,10.48480361538833
MUPQSGHACLOUTE-PARKKQJRSA-N,C=CC(CCCCC)O[C@@H]1O[C@H](CO[C@@H]2OC[C@](O)(CO)[C@H]2O)[C@@H](O)[C@H](O)[C@H]1O,15.629630074559316
YMTUMHHQUWOKJM-CJLVFECKSA-N,CNCCC1OC(O)C(OC(=O)/C(=C/c2ccc(O)c(OC)c2)CCc2cccc(CCO)c2)C(OC(C)=O)C1O,34.55791574180456
KDCDMMXOSHLPFR-UHFFFAOYSA-N,CCCCCC1OC(=O)C(C(C)C)NC(=O)C(C)NC(=O)C(Cc2ccccc2)N(C)C(=O)C2CCCN2C(=O)C1(C)C,55.00422461877897
FBUJYYRONHLNQF-JTGGRASYSA-N,CC(=O)O[C@H]1CC[C@H](C)[C@@]2(C)[C@H](OC(C)=O)c3c(C)coc3C(=O)[C@H]12,16.48185941572315
WNPGPJRHDMTHIO-PJQLUOCWSA-N,C=C(c1[nH]c2ccccc2c1COC)C1CCN(C(=O)OC)C/C1=C\C,32.108178244438264
TWPWUWKVJSCMMU-UHFFFAOYSA-N,CC(C)CC(NC(=O)OC(C)(C)C)C(=O)OCC1OC(O)C(O)C(O)C1O,15.326308751732148
PSGFKGASHCTNSI-UHFFFAOYSA-N,COc1cc(O)c2c(c1)C(=O)c1cc(C)c(O)c(-c3c(OC)cc4c(c3O)C(=O)C3=C(C4=O)C(O)C(C)(O)C(O)C3O)c1C2=O,39.70111484105003
HUCNZRPYZDCCEF-UHFFFAOYSA-N,COc1cc(C2c3cc4c(c(OC5OC(CO)C(O)C(O)C5O)c3CC3COC(=O)C32)OCO4)cc(OC)c1O,38.57240395039872
IBSNNVHJJNLMJW-BMVMOQKNSA-N,CCCCCCCCO[C@@H]1O[C@H](CO[C@@H]2OC[C@@H](O)[C@H](O)[C@H]2O)[C@@H](O)[C@H](O)[C@H]1O,9.498228767744424
ZEECUFLMKQGAQP-UHFFFAOYSA-N,CC1OC(CC(=O)O)CC2=C1C(=O)c1c(O)cc(-c3cc(O)c4c(c3O)C(=O)C3=C(C4=O)C(C)OC(CC(=O)O)C3)c(O)c1C2=O,23.66740619243973
HKPGWUPXXPIOAN-ZZXKWVIFSA-N,O=C(/C=C/c1ccc(O)cc1)OC1Cc2c(O)cc(O)cc2OC1c1cc(O)c(O)c(O)c1,22.622334141889542
FJEGHJSIAMHISO-UHFFFAOYSA-N,COc1ccc(C2Oc3cc(O)cc(O)c3C(=O)C2c2c(O)cc(O)c3c2OC(c2ccc(O)c(O)c2)C(O)C3=O)cc1O,23.043157259783683
FMTLKIJHTZJTFK-UHFFFAOYSA-N,COc1cc(O)c2c(c1O)C(=O)C1=C(C2=O)C(O)C2(O1)Oc1c(cc3cc(C)oc(=O)c3c1O)CC2O,29.4616553967562
PAIASCMUTMHGHU-UHFFFAOYSA-N,COc1cc(C2c3cc4c(c(OC5OC(CO)C(O)C(O)C5O)c3CC3COC(=O)C32)OCO4)cc(OC)c1OC,37.70169022619829
PAIASCMUTMHGHU-UHFFFAOYSA-N,COc1cc(C2c3cc4c(c(OC5OC(CO)C(O)C(O)C5O)c3CC3COC(=O)C32)OCO4)cc(OC)c1OC,37.70169022619829
ZEECUFLMKQGAQP-UHFFFAOYSA-N,CC1OC(CC(=O)O)CC2=C1C(=O)c1c(O)cc(-c3cc(O)c4c(c3O)C(=O)C3=C(C4=O)C(C)OC(CC(=O)O)C3)c(O)c1C2=O,23.66740619243973
JWFATQDULKQFOC-UHFFFAOYSA-N,CC1CCC2C(C)C3C(CC4C5CC=C6CC(OC7OC(CO)C(OC8OC(CO)C(O)C(O)C8OC8OC(C)C(O)C(O)C8O)C(O)C7O)CCC6(C)C5CCC43C)N2C1,30.283351467379227
SWZCZCVNENWMMN-ZRECBCIESA-N,C=C(/C=C/C=C(/CO)C1C2CCCC3(O)CC/C(=C(/C)C(=O)Cc4cccc5c4CC(=O)NC5N)C(CCCO)C3(C2)C1O)CCC=C(C)C,27.00013053522107
GREDPMIEFHLABC-UHFFFAOYSA-N,CC1(CO)CCC2(C(=O)O)C(C1)C1=CC3C#CC4CCCC45C(=O)NC4C5C(C=CC4(c4cnc[nH]4)C(O)CC(N)O)C4C(O)C(OC5OCC(O)C(O)C5O)C(C)(CO)C5CCC(C)(C3C45C)C1(C)C1Cc3nc[nH]c3NCC12,58.04216775686638
GJCRYRAHLOGDQE-UHFFFAOYSA-N,CNC(=N)NC(CCO)c1c(C)cc2c(c1O)C(=O)c1c(OC3OC(CO)C(O)(CC(CN4C(=O)C=CC4=O)c4ccnc(N)c4)C(O)C3O)cc(OC)cc1C2=O,50.272622612987206
KFPFFDLIYFQCKZ-UDWIEESQSA-N,COC(=O)CC(c1cc(OC)c2c(c1)OCO2)c1c(O)ccc2c1O/C(=C/N1CCOCC1)C2=O,30.70622446397956
HYAHTBRGSZYTKT-KEBDBYFISA-N,COc1cc(C(CC(=O)O)c2c(O)ccc3c2O/C(=C/c2ccc(C)o2)C3=O)cc(OC)c1O,18.568725165899806
ILFLFDSLJRPWIW-UHFFFAOYSA-N,COC(=O)c1ccc(OCC(=O)c2ccc(O)cc2O)cc1,6.563016740795247
FWAUTRWOYQZINE-OEAKJJBVSA-N,COc1cc(/C=C(\CCc2cccc(CCO)c2)C(=O)OC2C(O)OC(CNCC(C)O)C(O)C2OC(C)=O)ccc1O,34.70084902071004
XDTJJIJEOFWRLC-GQCTYLIASA-N,COc1cc(/C=C/C(=O)OC2Cc3c(O)cc(O)cc3OC2c2cc(O)c(OC)c(O)c2)ccc1O,21.220068468320715
XLTXRMBIJSESJQ-UHFFFAOYSA-N,C=CC1C(OC2OC(CO)C(O)C(O)C2O)OC=C(C(=O)O)C1CC1NCCc2cc(O)c(OC)cc21,36.79774799819237
DEUBRPUUWZYZHV-UHFFFAOYSA-N,O=C(OCC1OC(Oc2ccc(Oc3ccc(O)cc3)cc2)C(O)C(O)C1O)c1ccc(O)cc1,15.345670133313677
UEOXZOJREOKERR-UHFFFAOYSA-N,COc1cc2c(c(OC)c1OC)-c1ccc(NC(CC(C)C)C(=O)Nc3ccc(O)cc3)c(=O)cc1C(NC(C)=O)CC2,48.08567400316264
XDTJJIJEOFWRLC-GQCTYLIASA-N,COc1cc(/C=C/C(=O)OC2Cc3c(O)cc(O)cc3OC2c2cc(O)c(OC)c(O)c2)ccc1O,21.220068468320715
NXYXPYNRHMYNHQ-UHFFFAOYSA-N,CN(C)CCCn1cnc2c1c(=O)[nH]c(=O)n2Cc1ccccc1,8.249723231696914
QHOKBDNMUUDRLX-YTXTXJHMSA-N,O=C(/C=C/c1cc(O)c(O)cc1/C=C/c1cc(O)c(O)cc1-c1cccc(O)c1)OC(Cc1cc(O)c(O)c(O)c1)C(=O)O,22.37677258888857
PSGFKGASHCTNSI-UHFFFAOYSA-N,COc1cc(O)c2c(c1)C(=O)c1cc(C)c(O)c(-c3c(OC)cc4c(c3O)C(=O)C3=C(C4=O)C(O)C(C)(O)C(O)C3O)c1C2=O,39.70111484105003
NARVTFUJLQKXLI-UHFFFAOYSA-N,COc1cc(C2Oc3ccc(-c4cc(=O)c5c(OC(C)=O)cc(OC(C)=O)cc5o4)cc3OC2COC(C)=O)ccc1OC(C)=O,28.26848885168525
SEEWMSOVGSUOJV-UHFFFAOYSA-N,COC(=O)c1c(O)ccc2oc3cc(C(=O)O)cc(O)c3c(=O)c12,9.889086341959755
BFUKSFXYHVDMHB-UHFFFAOYSA-N,COc1cc(C2OCC3C(c4ccc(OC(CO)C(O)c5cc(OC)c(O)c(OC)c5)c(OC)c4)OCC23)ccc1O,21.908040343533997
WLDPHRMLSRTKBF-UHFFFAOYSA-N,CNC(=N)NOC1C(O)C(COC(=O)CC(=O)O)OC(O)C1OOc1ccc2c(c1)C1Oc3cc4c(cc3C1CO2)OC(CO)O4,14.85404128841595
IJUQYYAQRYPAMG-UHFFFAOYSA-N,CCCCCCCCCCCCCCCC(O)C(COC(C)=O)NC(C)=O,17.49644962438412
SAFYEZARNLSZOM-ASNITMKRSA-N,C/C=C(C)/C=C/C(=O)NCC(=O)OCC1NC(=O)C(C(C)O)NC(=O)C(Cc2ccccc2)NC(=O)C(c2ccc(O)cc2)NC(=O)C(C(C)CC)NC(=O)C(NC(=O)C(C)C(O)C(C)C)C(C)OC1=O,64.458591916915
DLROXGDCTAOTGG-UHFFFAOYSA-N,CCN1C(=O)COCC1C(O)c1ccc(NC(=O)CCc2ccccc2)cc1,19.00176855727765
GQGIIUWXMCBYIJ-VOTSOKGWSA-N,O=C(/C=C/c1ccccc1)OC1Cc2c(O)cc(O)cc2OC1c1cc(O)c(O)c(O)c1,22.86600719014604
VKZXVDMHCBCMCO-UHFFFAOYSA-N,CCC(C)C1NC(=O)C(CCC(=O)O)N(C)C(=O)C(C(C)C)N(C)C(=O)CNC(=O)C2CCCN2C(=O)C(Cc2ccccc2)NC(=O)C(C(C)CC)OC(=O)C(CCC(=O)O)N(C)C(=O)C(C(C)C)NC(=O)C2CCCN2C1=O,70.04915943253077
XONXRXLRRBVQTJ-UHFFFAOYSA-N,CC1(C)CCC2(C(=O)O)CCC3(C)C(=CCC4C5(C)CCC(OC6OC(CO)C(O)C(OC7OC(CO)C(O)C(OC8OCC(O)(CO)C8O)C7O)C6OC6OC(CO)C(O)C(O)C6O)C(C)(C)C5CCC43C)C2C1,43.8887888031066
WRCORLXOLDLDOJ-UHFFFAOYSA-N,COc1cc(OC)c2c(c1)C(=O)C1=C(C2=O)c2c(OC)cc3c(c2OC(=O)CC(C)(O)C1)C(=O)c1c(O)cc(C)cc1C3=O,28.412221723931435
BEXDGRJTUXVAIT-UHFFFAOYSA-N,CC1(C)CCC2(C(=O)OC3OC(CO)C(O)C(O)C3O)CCC3(C)C(=CCC4C5(C)CCC(OC6OC(COC7OC(COC8OCC(O)C(O)C8O)C(O)C(O)C7O)C(O)C(O)C6O)C(C)(C)C5CCC43C)C2C1,31.04493860527897
RFYNAVYPYXLVOM-UHFFFAOYSA-N,O=C(NC(CO)Cc1ccccc1)c1ccccc1,20.674006160533605
FSQXVCNWJMITHZ-UHFFFAOYSA-N,CC1CCC2(NC1)OC1C3CCC4CC(OC5OC(CO)C(OC6OC(CO)C(O)C(OC7OCC(O)C(O)C7OC7OC(CO)C(O)C(O)C7O)C6O)C(O)C5O)CCC4(C)C3CCC1(C)C2C,43.410085720662536
WFUZAJQDKFLIRT-BSWSSELBSA-N,CNCC(c1cc(O)c(O)c(O)c1)C(OC(=O)/C=C/c1cc(O)c(O)cc1/C=C/c1cc(O)c(O)cc1-c1cccc(O)c1)C(=O)O,33.59026039544159
QLHULAHOXSSASE-UHFFFAOYSA-N,CCC(C)OC(=O)N1CCCCC1CCO,22.928420768176416
WFUZAJQDKFLIRT-BSWSSELBSA-N,CNCC(c1cc(O)c(O)c(O)c1)C(OC(=O)/C=C/c1cc(O)c(O)cc1/C=C/c1cc(O)c(O)cc1-c1cccc(O)c1)C(=O)O,33.59026039544159
RTTVHSKQNJDIDD-UHFFFAOYSA-N,C=C(CNC(=O)C(O)CCCCCCCCCCCCCCC)C(=O)OC,15.249549439920562
DOOTYTYQINUNNV-UHFFFAOYSA-N,CCOC(=O)CC(O)(CC(=O)OCC)C(=O)OCC,9.47980049818588
XUFRACXJJSCGFK-UHFFFAOYSA-N,CN(C)c1ccc(C(=O)NC2COC3C(Nc4nccc(-c5ccc(-c6ccccc6)cc5)n4)COC23)cc1,68.58444365117863
FSQXVCNWJMITHZ-UHFFFAOYSA-N,CC1CCC2(NC1)OC1C3CCC4CC(OC5OC(CO)C(OC6OC(CO)C(O)C(OC7OCC(O)C(O)C7OC7OC(CO)C(O)C(O)C7O)C6O)C(O)C5O)CCC4(C)C3CCC1(C)C2C,43.410085720662536
DAGFXZAYWUIGPC-LMSSTIIKSA-N,O=C1c2c(O)cc(O)cc2O[C@H](c2ccc(O)c(O)c2)[C@H]1c1c(O)cc(O)c2c(=O)cc(-c3ccc(O)cc3)oc12,32.244193898294974
UZHGFJZFJRMSOS-UHFFFAOYSA-N,COC1C(O)C(O)C(Oc2ccc3c(O)c(NC(=O)c4ccc(O)c(CC=C(C)C)c4)c(=O)oc3c2C)OC1(C)C,27.088494522871773
PGYHWYHNVHYXFQ-UHFFFAOYSA-N,COC1=CC(=O)c2c(cc3c(c2OC(C)=O)C(=O)OC(C)C3)C1=O,24.934826898490748
MATGKVZWFZHCLI-LSDHHAIUSA-N,COc1cc(C[C@H]2COC(=O)[C@@H]2Cc2ccc(O)c(OC)c2)ccc1O,20.57133314282074
USBWWSIEUOUQTH-UHFFFAOYSA-N,CC(=O)OC1CC(C)(C(=O)O)CC2C3=CCC4C5(C)CCC(OC6OC(C(=O)O)C(O)C(O)C6OC6OC(C(=O)O)C(O)C(OC7OC(C)C(O)C(O)C7O)C6O)C(C)(C)C5CCC4(C)C3(C)CCC12C,35.95445465509897
NWFYESYCEQICQP-UHFFFAOYSA-N,COc1cc(CC2COC(=O)C2Cc2ccc(OC)c(OC)c2)ccc1O,22.823762092414345
MDEPSEICSOAYRD-UHFFFAOYSA-N,CC(CCCCCCCCCCCCC(=O)C1C(=O)C(CC(=O)O)N(C)C1=O)CCCCCCCCOC1OC(C(=O)O)C(OC2OC(CO)C(O)C(O)C2O)C(O)C1O,17.746129851220765
LHJJKJNQRCMYPR-DHSUVYDUSA-N,C/C=C(\C)C(=O)OC1C(OC(=O)/C(C)=C/C)C2(CO)C(O)CC3(C)C(=CCC4C5(C)CCC(OC6OC(C(=O)O)C(O)C(OC7OC(CO)C(O)C7O)C6OC6OC(CO)C(O)C(O)C6O)C(C)C5CCC43C)C2CC1(C)C,41.563604906078986
MDEPSEICSOAYRD-UHFFFAOYSA-N,CC(CCCCCCCCCCCCC(=O)C1C(=O)C(CC(=O)O)N(C)C1=O)CCCCCCCCOC1OC(C(=O)O)C(OC2OC(CO)C(O)C(O)C2O)C(O)C1O,17.746129851220765
SKBGYAGGFRHBDJ-UHFFFAOYSA-N,CC1(C(=O)O)CCC2(C)CCC3(C)C(=CC(=O)C4C5(C)CCC(OC6OC(C(=O)O)C(O)C(O)C6OC6OC(C(=O)O)C(OC7OC(CO)C(O)C(O)C7O)C(O)C6O)C(C)(C)C5CCC43C)C2C1,30.68292712504821
YKCPYKJWOGZJLA-UHFFFAOYSA-N,C=Cc1oc2cccc(OC(C)=O)c2c(=O)c1C(C(=O)OC)C(=O)OC,17.31534037235097
JHOYIGDPCIBYKV-UHFFFAOYSA-N,COc1cc(O)c2c(=O)c3ccc(O)c(O)c3oc2c1,21.596018164136563
KFJCJZYMDNJCMY-UHFFFAOYSA-N,COc1cc2c(=O)oc3c4ooc4cc4c(=O)oc(c1OC)c2c43,2.562265124802076
HLBPOYVRLSXWJJ-UHFFFAOYSA-N,COc1cc(C2c3cc4c(c(O)c3CC3COC(=O)C32)OCO4)cc(OC)c1OC,35.005043790182384
IIFBDSDNCYSXSW-UHFFFAOYSA-N,COC(=O)c1cc(O)c2c(=O)c3c(C(=O)OC)c(O)ccc3oc2c1,16.02708143191086
UXDAWVUDZLBBAM-UHFFFAOYSA-N,CCN(CC)C(=O)Cc1ccccc1,9.73865888438636
QLHULAHOXSSASE-UHFFFAOYSA-N,CCC(C)OC(=O)N1CCCCC1CCO,22.928420768176416
NORAXXZWLVRTBQ-UHFFFAOYSA-N,COC(CCc1ccccc1)CC(=O)c1ccccc1,7.836105575372514
IMKHDCBNRDRUEB-UHFFFAOYSA-N,CC1(C)CCCC2(C)OC(=O)C=C12,10.922358032450267
HNJIRKJOLJDINX-UHFFFAOYSA-N,COc1ccc(C(=O)OC2C(OC3C(O)COC(OC4CC5C6CC=C7CC(O)CCC7(C)C6CCC5(C)C4(O)C(C)C(=O)CCC(C)C)C3OC(C)=O)OCC(OC3OC(CO)C(O)C(O)C3O)C2O)cc1OC,32.69864889315614
VOPSFXLIPFJEHR-UHFFFAOYSA-N,CC1(C)CCC2C(=O)CC3(C)C(=CCC4C5(C)CCC(OC6OC(C(=O)O)C(O)C(O)C6O)C(C)(C)C5CCC43C)C2C1,23.177828806098997
SQSJOUYJBHDMLJ-UHFFFAOYSA-N,CCC(C)CCCCCCCCC1CC(=O)NCC(=O)NC(CCCN)C(=O)NC(C(C)C)C(=O)N1,29.275438297206136
NKFNFFJDQWGZHZ-UHFFFAOYSA-N,C=C(C(=O)CC(C)C1CCC2=C3CCC4C(C)C(O)CCC4(C)C3CCC21C)C(C)C,20.330759928720152
VOPSFXLIPFJEHR-UHFFFAOYSA-N,CC1(C)CCC2C(=O)CC3(C)C(=CCC4C5(C)CCC(OC6OC(C(=O)O)C(O)C(O)C6O)C(C)(C)C5CCC43C)C2C1,23.177828806098997
BBMCUFUDCJRYOK-UHFFFAOYSA-N,COC1OC(COCc2ccccc2)C(N(C)C(C)=O)C1O,14.746775240315827
BZVQRDURNMNAGT-UHFFFAOYSA-N,CC(=O)NC1C(OC2CCC3(C)C(CCC4(C)C3CC=C3C5CC(C)(C)CCC5(C(=O)O)C(O)CC34C)C2(C)C)OC(COC2OCC(O)C(O)C2OC2OCC(O)C(OC3OC(CO)C(O)C(O)C3O)C2O)C(O)C1O,37.63962993403247
RFXLKVTYRRYTBK-UHFFFAOYSA-N,CCCCCC1C=CC(CCCCCC(C(=O)O)C(O)CC(CO)CNC)CC1,23.43792784324836
OZFAGHUNGAZEMO-UHFFFAOYSA-N,CC(C)C1=C2CCC3(C)C(CCC4C5(C)CCCC(C)(C)C5C(=O)CC43C)C2(C)CC1,21.78540667888724
RFXLKVTYRRYTBK-UHFFFAOYSA-N,CCCCCC1C=CC(CCCCCC(C(=O)O)C(O)CC(CO)CNC)CC1,23.43792784324836
RFXLKVTYRRYTBK-UHFFFAOYSA-N,CCCCCC1C=CC(CCCCCC(C(=O)O)C(O)CC(CO)CNC)CC1,23.43792784324836
WGBOGGRFCAYNGJ-UHFFFAOYSA-N,O=C(O)CCCCCCCCCC(O)CO,3.597133174857923
NGPDQWFWZNXVLZ-UHFFFAOYSA-N,CCCCCC(=O)NC(CC(=O)O)C(=O)NC1C(=O)NC(Cc2ccc(O)cc2)C(=O)NC2CCC(O)N(C2=O)C(CC(C)C)C(=O)N(C)C(Cc2ccccc2)C(=O)NC(C(C)C)C(=O)OC1C,64.17397652260073
OWQIUQKMMPDHQQ-UHFFFAOYSA-N,CCN(CC)CC(C)(C)COC(=O)c1ccc(N)cc1,13.79133310788215
GOVVAPGKZTZZHX-UHFFFAOYSA-N,C=C1CCC2C(C3CC(C4CCCCC4)CC13)C2(C(N)C=O)C1CCCC(C2CC(O)C=CO2)C1,33.428607424465696
RNPABQVCNAUEIY-GUQYYFCISA-N,C[C@H]1CC[C@@H]2N(C1)C[C@@H]1[C@H]([C@@H](O)[C@H](O)[C@]3(O)[C@H]1C[C@@]14O[C@@]5(O)[C@@H](C[C@@H](O)[C@@H]31)[C@]4(C)CC[C@@H]5O)[C@]2(C)O,31.414094347459564
GMKYQCNACYZPGS-UHFFFAOYSA-N,COc1ccc2c3c(cccc13)OC(=O)C2=O,9.12323574587032
RCDKSSKNXGNUBZ-UHFFFAOYSA-N,CC(C)CCCCCCCCCCC1NC(=O)C(C(C)O)NC(=O)C(CC([NH])=O)NC(=O)C2CCCN2C(=O)C(CCC(=O)O)NC(=O)C(CC([NH])=O)NC(=O)C(Cc2ccc(O)cc2)NC(=O)C(CC([NH])=O)NC1=O,47.71755668927428
QTFPZVNCJKSWJG-UHFFFAOYSA-N,CC(C)NC1CC(C)(C)C2CC(C)(O)CCC12CCC(=O)NCCN1CCOCC1,35.271537169390925
BTUSGZZCQZACPT-OUKQBFOZSA-N,CCCCCCCCCCC/C=C/C(O)C(N)CO,12.389420563781002
HIYAISWQVRVOGX-UHFFFAOYSA-N,CCC(OC)n1c2ccccc2c2ccccc21,20.04412789332124
UWENACCIDNTZCO-UHFFFAOYSA-N,COC(=O)c1c(O)ccc2oc3cc(COC(C)=O)cc(O)c3c(=O)c12,20.008584823281296
YIWMIFMRTGJLEY-UHFFFAOYSA-N,CC(C)=CCOc1cc(=O)c2c(O)oc(O)c3c(=O)cc(C)c1c32,10.79478622431028
CWSILOORVVDVLM-UHFFFAOYSA-N,CC(=O)Oc1cc2oc3oc4c(C)c(O)c(O)c(O)c4c(=O)c3c2cc1O,22.01291425381656
KKRZJBWBZYVFHO-UHFFFAOYSA-N,CC(C)(O)CNC1C(O)C(O)CC1C1CCCCC1,28.614858362247578
ITVGXXMINPYUHD-CUVHLRMHSA-N,COc1ccc(CCC(=O)c2c(O)cc(O[C@@H]3O[C@H](CO)[C@@H](O)[C@H](O)[C@H]3O[C@@H]3O[C@@H](C)[C@H](O)[C@@H](O)[C@H]3O)cc2O)cc1O,33.77135579014362
FFLUVDOEJBDSSD-UXBLZVDNSA-N,C=CC(C)(O)CC/C=C(\CO)C(=O)OC1C(C)OC(O)C(O)C1O,12.20229277197692
RNPABQVCNAUEIY-UHFFFAOYSA-N,CC1CCC2N(C1)CC1C(C(O)C(O)C3(O)C1CC14OC5(O)C(O)CCC1(C)C5CC(O)C34)C2(C)O,31.414094347459564
APNQDBXMTOZFPF-UHFFFAOYSA-N,CCCCCC1C=CC(CCCCCC(CO)C(=O)O)C(O)C1,13.06600037845558
RYPQSGURZSTFSX-UHFFFAOYSA-N,CCC(CCC(C)O)COC(=O)c1ccccc1C(=O)O,3.986524117009359
UGEFTPDLHPVPKD-LJNXOKLISA-N,CC1=C\C=C\C=C\CC(C)NC(=O)/C=C/C=C\C=C\CC(O)CC(O)CC(O)/C=C/C=C\1,37.12317664094529
VZPAURMDJZOGHU-UHFFFAOYSA-N,CC(=O)OCC(Cc1ccccc1)NC(=O)C(Cc1ccccc1)NC(=O)c1ccccc1,26.335875144141912
DWCOBEAATKLPOA-UHFFFAOYSA-N,CCCCCCCC(O)CCCCCCC(C(=O)O)C(O)CC(CO)CNC,21.708735419737963
QTFPZVNCJKSWJG-UHFFFAOYSA-N,CC(C)NC1CC(C)(C)C2CC(C)(O)CCC12CCC(=O)NCCN1CCOCC1,35.271537169390925
QSBHSPFCUOHNKQ-VAWYXSNFSA-N,CCCCCCCCCC/C=C/C(O)CCC(O)C(N)CO,16.028993394113588
PKFQANQONAAVFD-UHFFFAOYSA-N,CCC(C)CCCCCCCCCCCN,16.21976368725601
NRDQQWPDWIXTER-FNORWQNLSA-N,CC(=O)NCCCN(CCCN1CCCC/C=C/CCCCCCCC1)C(C)=O,24.81866878393473
OIGNJSKKLXVSLS-VWUMJDOOSA-N,C[C@]12C=CC(=O)C=C1CC[C@@H]1[C@@H]2[C@@H](O)C[C@@]2(C)[C@H]1CC[C@]2(O)C(=O)CO,15.845239844400629
VHPPWHOLBHVFAP-UHFFFAOYSA-N,Cc1cc(C)c2oc(-c3ccccc3C(=O)O)cc(=O)c2c1,1.863944329611083
RFXLKVTYRRYTBK-UHFFFAOYSA-N,CCCCCC1C=CC(CCCCCC(C(=O)O)C(O)CC(CO)CNC)CC1,23.43792784324836
ARDNWKYZQFLONF-FCDQGJHFSA-N,CCCCCCCCC(CCC(Nc1ccc[nH]1)/C(=C/C(=O)O)CNC(=N)N)C1CCCCC1,20.105416217927445
VACHUYIREGFMSP-UHFFFAOYSA-N,CCCCCCCCC(O)C(O)CCCCCCCC(=O)O,3.819695609840995
FIRNSKBCXJVXEU-MDZDMXLPSA-N,CCCCCC/C=C/CCCC(=O)N(CCCCCNC(=N)N)CCCNC(=O)C=C(C)C,13.856946002455214
KTKMBQWXZUUUDH-UHFFFAOYSA-N,CCCCCCCC(O)CCCCCCC(C(=O)O)C(O)CC(CNC)C1(O)CCCC1,23.758764904961065
AERBNCYCJBRYDG-UHFFFAOYSA-N,CCCCCCCCCCCCCCC(O)C(O)C(N)CO,13.982197366124849
GIMYNFALDVRKIW-UHFFFAOYSA-N,CCCCCCCCCCCCCCCC(OC(C)=O)C(CO)NC(C)=O,17.91990011252676
AERBNCYCJBRYDG-KSZLIROESA-N,CCCCCCCCCCCCCC[C@@H](O)[C@@H](O)[C@@H](N)CO,13.982197366124849
HUSISCNTLUEZCN-PDBXOOCHSA-N,CC/C=C\C/C=C\C/C=C\CCCCCCCC(=O)OCC(O)COC1OC(CO)C(O)C(O)C1O,15.59099597925202
IJUQYYAQRYPAMG-UHFFFAOYSA-N,CCCCCCCCCCCCCCCC(O)C(COC(C)=O)NC(C)=O,17.49644962438412
CJPAHDXHCYFKCY-ZTMAGHJKSA-N,CCCCC/C=C/C/C=C/CC/C=C/CC(O)C(C)N,13.851116296164674
CVULDJMCSSACEO-UHFFFAOYSA-N,O=C(NC(COC(=O)C(Cc1ccccc1)NC(=O)c1ccccc1)Cc1ccccc1)c1ccccc1,22.90439246021817
VXMVFYOURWLTPI-UHFFFAOYSA-N,CCNCc1ccccc1Cc1cc(O)cc(CC2CCCC3C2CCCC32C=CCC(C)C2)c1,40.79699541630437
QFJUYMMIBFBOJY-UXZRXANASA-N,CC1(C)CCC[C@](C)([C@H]2CC[C@]3(C)[C@@H]2[C@H](O)C[C@@H]2[C@@]4(C)CC[C@H](O)C(C)(C)[C@@H]4[C@H](O)C[C@]23C)O1,17.742022065459885
YHBQOFLCJMAVHB-CMDGGOBGSA-N,CCCCCCC/C=C/CCCCCCCCCCC(O)C(O)C(O)C(N)CO,16.847170121148256
RNRUHRONLFGPJY-UHFFFAOYSA-N,CC(=O)OC1CCC(CCCCCCCCCCCCC(C)O)NC1C,28.136214666387023
ASNURABVVXFZSH-CAOOACKPSA-N,CC(C)=CCC(O)C(C)CCC/C(C)=C/CCC(C)CC(O)C(N)CO,33.23249266534286
WIHDBVXMXZUKBO-UHFFFAOYSA-N,CCCC1OCC(OC(C)=O)C(C(C)(OC(C)=O)C(C)OC(C)=O)O1,15.633847126611498
YPHQMIRXEFDOQM-KERFEQBRSA-N,O=C(O)CCCCCCC/C=C/C=C/C=C/CCCCO,8.641763189298732
NRTMMFZTXXHFPV-UHFFFAOYSA-N,CCC1CNC(C(=O)N(C)C2C(=O)NC(CC(C)C)C(=O)C3CC(C)CN3C(=O)NC(CCC(C)C)C(=O)N(C)C(C(C)C)C(=O)N3CCCC3C(=O)N(C)C(CC(C)C)C(=O)NCC(=O)OC2C)C1,91.42504394464494
OGMGVAAQSPXYGZ-UHFFFAOYSA-N,CC1=CC(CN2CCC(C([NH])=O)CC2)C(C(C)C)CC1Cc1nnc(-c2ccc(N(C)C)cc2)o1,47.432326823884914
LUZSWWYKKLTDHU-ZJHFMPGASA-N,CCCCC/C=C\C=C\C(=O)CCCCCCCC(=O)O,4.893073649737112
NUFGXXTYECLQGB-UHFFFAOYSA-N,CCC(C)C1NC(=O)C(C)NC(=O)C(C(C)C)NC(=O)C(CC(C)C)NC(=O)C(Cc2ccccc2)NC(=O)C(C(C)CC)NC(=O)C(CCCCN)NC(=O)C(C(C)CC)NC1=O,51.37442574168066
FIUHUHMHXKIXRQ-BQYQJAHWSA-N,CC(C)C(C)/C=C/C(C)C1CCC2C3=C(C(O)CC21C)C1(C)CCC(OCCO)CC1(O)C(O)C3O,25.42035813123491
KTASCZVHBOCQCI-UHFFFAOYSA-N,C=C(C)C(O)CC(CC12CC(CC=C(C)C)C(C)(C)C(CC=C(C)C)(C(=O)C(C(=O)c3ccc(O)c(O)c3)C1=O)C2=O)C(=C)C,13.74201452908904
IRIAEXORFWYRCZ-UHFFFAOYSA-N,CCCCOC(=O)c1ccccc1C(=O)OCc1ccccc1,2.400831261429248
WEVZGKSDDNCUFL-UHFFFAOYSA-N,CCC1CCCC(C)CCC(OC2OC(C)C(O)C(NC(C)=O)C2O)C(CC)CCCNC1=O,27.83004051340301
FIRNSKBCXJVXEU-MDZDMXLPSA-N,CCCCCC/C=C/CCCC(=O)N(CCCCCNC(=N)N)CCCNC(=O)C=C(C)C,13.856946002455214
PGMHPYRIXBRRQD-UHFFFAOYSA-N,CC1COC(=O)c2cc3c(cc21)C(C)(C)C(C)C3(C)C,3.3714822636223603
YDDBYAHYJZNEBN-UHFFFAOYSA-N,C=C1C(=O)OC2C1C(O)C(=O)C(C)CCCC(C)(O)C2OC(=O)CC(C)C,28.78918240280584
JIMOHLIIDCNPSU-UHFFFAOYSA-N,CC(=O)NC(C)C(O)CC(O)CCCCCC(O)CCCCCCCO,19.238334079625854
KTASCZVHBOCQCI-UHFFFAOYSA-N,C=C(C)C(O)CC(CC12CC(CC=C(C)C)C(C)(C)C(CC=C(C)C)(C(=O)C(C(=O)c3ccc(O)c(O)c3)C1=O)C2=O)C(=C)C,13.74201452908904
KJHYUSLWTPMFTN-BQYQJAHWSA-N,CCCCCC/C=C/CCCCCCCCCC(=O)OCC(O)CO,15.723748271687272
ZGDOOBRKAZVQOQ-PKNBQFBNSA-N,CCCCC(O)C/C=C/CCCCCCCCC(=O)OCC(O)CO,18.800070983328805
VQVZQURJRWNJKH-CBNHHMLQSA-N,CCCCCC/C=C/CCCCCCCc1cc(O)cc(O)c1C1=C(CCCCCCC/C=C/CCCCCCCC)C(=O)C(OC)=CC1=O,16.50298329143332
GLXYKTASIIUSRC-UHFFFAOYSA-N,CC(C)=CCc1c(O)c(CC=C(C)C)c2[nH]c3c(O)cccc3c(=O)c2c1O,30.89972390562469
DZIILFGADWDKMF-UHFFFAOYSA-N,C#CCCCCCCCCCCCCCCCC(=O)O,-3.5771445232584105
ZILRQSBQUHWCBR-VNKDHWASSA-N,C/C=C/C=C/CCCCCCCCCCCCC(=O)OC,14.019863107800784
SPVJKPBJLRNLPI-NSCUHMNNSA-N,COC(=O)CCCCCCC/C=C/CCCCCCCCO,11.559456670439166
QPYLSRKRZRZUJP-JLHYYAGUSA-N,CCCCCCCCC/C=C/C(O)CCCCOCC(O)CO,16.529822885797344
GGJRAQULURVTAJ-IUQGRGSQSA-N,CC/C=C/C/C=C/C/C=C/CCCCCCCC(=O)OCC(O)CO,13.674725797187946
RSPFXXVMPYBSBP-UHFFFAOYSA-N,CC(NC(=O)CC1C(O)CCC2C(C)(CO)C(O)CCC12C)C(C)(C)C,16.763963934303927
KTASCZVHBOCQCI-UHFFFAOYSA-N,C=C(C)C(O)CC(CC12CC(CC=C(C)C)C(C)(C)C(CC=C(C)C)(C(=O)C(C(=O)c3ccc(O)c(O)c3)C1=O)C2=O)C(=C)C,13.74201452908904
BIVRZKNOPNUGJZ-UHFFFAOYSA-N,CC(=O)N1CCCN(CCC2CN(C(=O)C3CC3)CCC2CC(=O)O)CC1,17.58668408886493
XRUBIEUDSSLMOV-UHFFFAOYSA-N,COc1ccc(CC2C(=O)OC(C)C(NC(=O)C(CC(C)C)N(C)C(=O)C3CCCN3)C(=O)NC(CC(C)C)C(O)CC(=O)OC(C(C)C)C(=O)C(C)C(=O)NC(CC(C)C)C(=O)N3CCCC3C(=O)N2C)cc1,118.21213349092515
UKUSZBXLMJFGPN-UHFFFAOYSA-N,CC1(C)C=Cc2c(c(-c3cc(-c4cc(=O)c5c(O)cc(O)cc5o4)ccc3O)c3oc(-c4ccc(O)cc4)cc(=O)c3c2O)O1,41.72173447115323
KTASCZVHBOCQCI-UHFFFAOYSA-N,C=C(C)C(O)CC(CC12CC(CC=C(C)C)C(C)(C)C(CC=C(C)C)(C(=O)C(C(=O)c3ccc(O)c(O)c3)C1=O)C2=O)C(=C)C,13.74201452908904
CJPAHDXHCYFKCY-ZTMAGHJKSA-N,CCCCC/C=C/C/C=C/CC/C=C/CC(O)C(C)N,13.851116296164674
YMQGYTCBTSSBHF-UHFFFAOYSA-N,CCOCCN1C(=O)COCC1C(O)c1ccc(NC(=O)C2CCCCC2)cc1,19.147998151736605
WQBURULAXWBFLG-UHFFFAOYSA-N,C=CCCCCCCCCC1C(=O)OC(C(=O)O)C1(O)C(=O)O,-0.9372226058135532
CKQGRJBJJDMVFY-UHFFFAOYSA-N,COC1CC(OC2CCC3(C)C(CCC4C3CCC3(C)C(C5=CC(=O)OC5)CCC43O)C2)OC(C)C1OC1OC(COC2OC(C)C(O)C(O)C2O)C(O)C(O)C1O,36.47023756788822
YVHLLZXSGPDXOA-ZHBFVYIWSA-N,COc1ccc(/C=C/C(=O)O[C@H](C(=O)O)[C@](O)(Cc2ccc(O)c(O)c2)C(=O)O)cc1O,7.7811837126783985
RUXSJGOKSGFEHU-BUHFOSPRSA-N,CCCCCCOC(=O)c1ccc(OC2CCC3(C)C(=CCC4C3CCC3(C)C(C(C)/C=C/C(CC)C(C)C)CCC43)C2)cc1,20.02587091930561
JHAAEJPYWGVVFN-UHFFFAOYSA-N,CCCCCCCCCC(O)CCCC(O)C(O)CCCCCCC(=O)O,8.302225055721381
PIYNPBVOTLQBTC-UHFFFAOYSA-N,CCCc1ccc(C2OC(C(O)CO)C3OC(c4ccc(CCC)cc4)OC(CCC)C3O2)cc1,14.102913625860843
GSYGVFBYRIDTHY-JQIJEIRASA-N,CCCCCCCCCCCCCC(C/C=C/CCC(=O)NC(CO)COC)OC,15.19054674353312
DUEKIALBULZRSH-OVVQPSECSA-N,CC(=O)OC1CC2(C)/C(=C(\C)CC(C)C(C)C(C)C)C(O)CC2C2CC(O)C3(O)CC(O)CCC3(C)C12,22.210985292910117
DGCDPGNJPFFAED-UHFFFAOYSA-N,CCCc1cc2c(=O)c(-c3ccc4c(c3)OCO4)c(C)oc2cc1OC(C)C,26.947757065113716
BOWVQLFMWHZBEF-KTKRTIGZSA-N,CCCCCCCC/C=C\CCCCCCCC(=O)NCCO,10.008003371777615
BXFPGPRDNQSKKM-UHFFFAOYSA-N,CCCCCCCCCCCCCC(=O)NC(CO)C(O)C(O)C(O)CCCCCC,13.20109655301856
NXQNUOZBBPDPLK-ZHACJKMWSA-N,C=C(C)/C=C/CC(C)(O)C1CCC2(C)C1C(OC1OC(C)C(O)C(O)C1O)CC1C3(C)CCC(OC4OCC(O)C(O)C4O)C(C)(C)C3CCC12C,38.82743468827434
SRBNLZGRVJNNGC-GESWKGEBSA-N,COC(=O)/C=C/CCCCCCCCCCCCCCOC(=O)/C=C/c1ccc(O)c(OC)c1,21.972387454462275
QIVRABJQTNPYAI-UHFFFAOYSA-N,CCCCCCCCCCCC(=O)NC(CCC(=O)NCCCC)C(=O)NCCCC,11.013205356006246
IDQDRQKBUHBSKB-UHFFFAOYSA-N,CC(=O)OCC12CC(O)C3C(CC=C4CC(O)CC(O)C43C)C1CCC2C(C)CCCC(C)C,18.583975299403225
GLXYKTASIIUSRC-UHFFFAOYSA-N,CC(C)=CCc1c(O)c(CC=C(C)C)c2[nH]c3c(O)cccc3c(=O)c2c1O,30.89972390562469
YOIQTGQBNQQIQU-UHFFFAOYSA-N,CCCCCC(O)CC1CC(=O)N(CCCCN2CCCN(C)C(c3ccccc3)CC2=O)CCCN1C,45.963274529892296
KNFHYIVXHSFVJV-UHFFFAOYSA-N,O=C(CCCCCCCCCCCCCCCCCCCCCCC(=O)OCC(O)CO)OCC(O)CO,12.762031871121684
WOJQKANMTTXFGZ-UHFFFAOYSA-N,CC1=CC(CN2CCC(O)CC2)C(C(C)C)CC1Cc1nnc(C(C)(C)C)o1,38.35012524414128
SLEJVZIMVOLHGW-UHFFFAOYSA-N,CCc1cc(-c2cccc(O)c2)c(Cc2cc(OC3CCCC3)cc3c2OCC(C2C(CCCOC)Oc4c(c5c(c6cc(O)ccc46)OCCC5CNC)C2O)C3O)cc1O,70.01707691674315
GSYGVFBYRIDTHY-JQIJEIRASA-N,CCCCCCCCCCCCCC(C/C=C/CCC(=O)NC(CO)COC)OC,15.19054674353312
JWVKNHDSRADFFA-UHFFFAOYSA-N,CC(C)C1NC(=O)C(NC(=O)NC(Cc2ccc(O)cc2)C(=O)O)CCCCNC(=O)C(Cc2ccccc2)NC(=O)C(C)N(C)C(=O)C(CCc2ccc(O)cc2)NC1=O,45.32976222045294
QFEQYDZENWTAAC-JVWAILMASA-N,CC(C)=CCC/C(C)=C/CC1(CC=C(C)C)C(=O)C(=O)Cc2oc3c(c(=O)c21)C(=O)CC(=O)C3(CC=C(C)C)CC=C(C)C,10.32608695192182
RANVOWKPCZCMQC-UHFFFAOYSA-N,CCCCCCCC(O)CC(=O)NC(CO)C(=O)NC1CCNC(=O)C(CC(C)C)NC(=O)C(CCN)NC(=O)C(CCN)NC(=O)C(CC(C)C)NC(=O)C(CC(C)C)NC(=O)C(CCN)NC1=O,30.847725890029064
XKGDWZQXVZSXAO-ADYSOMBNSA-N,CCCCCC[C@@H](O)C/C=C\CCCCCCCC(=O)OC,14.589514816868167
HSEMFIZWXHQJAE-UHFFFAOYSA-N,CCCCCCCCCCCCCCCC(N)=O,4.560663312510402
CFRXQGXKLCOKGG-UHFFFAOYSA-N,CCCCCCCC1CC2CCC3C(C(=O)OCCCCCCCCCC4NC(=N)N5CCCC5=C4C(=O)OCCCCNC(=N)N)=C(C)N=C(N1)N23,8.627452028651094
TXOKSKCKTYISQV-FHCXDJKBSA-N,C=Cc1c(C)c2cc3nc(c4c5[nH]c(cc6nc(cc1[nH]2)C(C)=C6CC)c(C)c5C(=O)[C@]4(O)C(=O)OC)[C@@H](CCC(=O)O)[C@@H]3C,20.282418580736387
SMALWXOJQUDDPA-XZBBILGWSA-N,CCCCC/C=C/C/C=C/CCCCCCCCC(=O)OC(COC(=O)CCCCCCCCCCCCCCC)COC1OC(COC2OC(CO)C(O)C(O)C2O)C(O)C(O)C1O,6.667875196313037
LIOYKDUPKKYWOE-UHFFFAOYSA-N,C=CC(C)(CCO)C1C(O)CCC2C(C)(C)CCCC21C,21.71432940641437
SPVJKPBJLRNLPI-NSCUHMNNSA-N,COC(=O)CCCCCCC/C=C/CCCCCCCCO,11.559456670439166
GNNBHBRZPVSHKB-UHFFFAOYSA-N,C=C(C)CCC(CC12CC(CC=C(C)C)C(C)(C)C(CC=C(C)C)(C1=O)c1oc3cc(O)c(O)cc3c(=O)c1C2=O)C(=C)C,24.19045469062057
GXGFNSDOYGEKLT-NIDAHSRKSA-N,CC(O)CCCCCC/C=C/C/C=C/C/C=C/CCCC(=O)O,4.312758506681706
ZILRQSBQUHWCBR-VNKDHWASSA-N,C/C=C/C=C/CCCCCCCCCCCCC(=O)OC,14.019863107800784
POMQYTSPMKEQNB-UHFFFAOYSA-N,CCCCCCCCCCCCCCCC(O)CC(=O)O,2.6943617700875877
SPVJKPBJLRNLPI-NSCUHMNNSA-N,COC(=O)CCCCCCC/C=C/CCCCCCCCO,11.559456670439166
ZVMLLPSSQZSZOA-ZQHUEGGHSA-N,CCCCCC(O)/C=C/C=C/CCCCCCCC(=O)OC,21.262598204335248
REBFJHRPKOXRLD-ZJYPAHHQSA-N,C=CC1=C(C)C2=N/C1=C\C1=N/C(=C\C3=C(C)C4C(=O)C(O)(C(=O)OC)/C(=C5/N/C(=C\2)C(C)C5CCC(=O)O)C4=N3)C(CC)=C1C,10.413319733863746
BJFNQYYKDGQJNK-UHFFFAOYSA-N,CCC(CC(O)C(C)C1CCC2C3=CCC4CC(OC5OC(CO)C(O)C(O)C5O)CCC4(C)C3=CCC21C)C(C)C,28.462574314942387
VFWGQUZLHBLDFF-OSIIPQMASA-N,C[C@@H]1C[C@H]2O[C@]3(O[C@@H]2C(C)(C)O)[C@H]1[C@@]1(C)CC[C@@]24C[C@@]25CC[C@H](O)C(C)(C)[C@@H]5CC=C4[C@]1(C)[C@H]3O,42.09129874812486
KXTNVBQRLRYVCO-MWVHARJDSA-N,CC(C)=CC[C@@H]1C[C@]23C[C@H](CC=C(C)C)C(C)(C)[C@](CC=C(C)C)(C(=O)C(C(=O)c4ccc(O)c(O)c4)=C2OC1(C)C)C3=O,14.399582793914536
FQYGQINELNMLPB-UHFFFAOYSA-N,CCCCCCCCCCCCCCC(O)C(=O)NC(COC1OC(CO)C(O)C(O)C1O)C(O)C(O)CCCCCCCCCCCC(C)C,26.185478852267345
GSZARNLVZLUGBY-CMDGGOBGSA-N,CCC(/C=C/C(C)C1CC=C2C3=C(CCC21C)C1(C)CCC(O)CC1(O)CC3)C(C)C,18.91028359434077
FWFPSFPTCYWMQB-UHFFFAOYSA-N,COCC(=O)NC1C(c2ccccc2)N(CCC(C)C)CCC1(C)O,20.946311952854074
AOAINXPVTJHQLE-UHFFFAOYSA-N,CC(C)CCC1CCCC(C23CCC(C(N)C2)C(C)(C)O3)C1,15.82202080474372
RZRNAYUHWVFMIP-KTKRTIGZSA-N,CCCCCCCC/C=C\CCCCCCCC(=O)OCC(O)CO,15.723748271687272
MOUAGYBQHCQHHI-UHFFFAOYSA-N,CC(=O)OCC12C(OCc3ccccc3)CCC(C)(O)C13OC(C)(C)C(C(OC(C)=O)C2OCc1ccccc1)C3OC(C)=O,39.51277454926277
IUJWQEIXWLMIBP-GFMRDNFCSA-N,CCCCCCCCCCCCCCCC(=O)OC1C2CC(O)C(CCCCC)C1/C=C\CCCCC(=O)OCC1OC(O2)C(O)C(O)C1O,27.28300842957253
XEKVDIPCVMPBHF-DRGBSJHOSA-N,C=CC1=C(C)C2=N/C1=C\C1=N/C(=C\C3=C(C)C4C(=O)C(C(=O)OC)/C(=C5/N/C(=C\2)C(C)C5CCC(=O)O)C4=N3)C(CC)=C1C,6.098728409059131
ZWPZBUQZKQDKAN-ARYPUJDWSA-N,C=CC1=C(C)/C2=C/C3=N/C(=C4\C5=N/C(=C\C6=N/C(=C\C1=N2)C(C)=C6CC)C(C)=C5C(=O)C4(O)C(=O)OC)C(CCC(=O)OC)C3C,13.057432939593184
YDGRDDWFYSHYSZ-UHFFFAOYSA-N,CCC(O)CC1CC=CC(CC(C)O)N1C,24.23371233553313
LURGILDDCOKZRE-UHFFFAOYSA-N,CCC(C)C1NC(=O)C(Cc2ccc(OC)cc2)NC(=O)C(NC(=O)C(NC=O)C(C)C)C(C)OC(=O)C(C(C)C)N(C)C(=O)C(CC(C)C)NC(=O)C2CCCNN2C1=O,101.60387146475668
SAHCNEDAENGUHE-UHFFFAOYSA-N,CCCCCCCCCCCC(CCCCCC(=O)OC)NO,8.35926319692688
XEKVDIPCVMPBHF-LCIJJDDTSA-N,C=CC1=C(C)C2=N/C1=C\C1=N/C(=C\C3=C(C)C4C(=O)[C@H](C(=O)OC)/C(=C5/N/C(=C\2)[C@@H](C)[C@@H]5CCC(=O)O)C4=N3)C(CC)=C1C,6.098728409059131
LDHICUSXTFKRBQ-UHFFFAOYSA-N,CCCCCCCC1CC2CCC3C(C(=O)OCCCCCCCCCC4NC(=N)N5CCCC5=C4C(=O)OCCCCNC(=N)N)C(C)N=C(N1)N23,18.786109261794813
JWTWEJXHMGNREA-JVWAILMASA-N,CC(C)=CCC/C(C)=C/CC1CC2(CC=C(C)C)C(=O)C(C(=O)c3cccc(O)c3)C(=O)C(CC=C(C)C)(C2=O)C1(C)C,12.799805336094227
JLIPYNXGFBRMPV-UHFFFAOYSA-N,CCCCCCCCCCCCC1CCCCCCCCC(=O)OCC2OC(O1)C(O)C(OC(C)=O)C2O,16.96495044800683
IEGUQQKIFBYXLG-UWJYYQICSA-N,C=Cc1c(C)c2cc3nc(c4c5[nH]c(cc6nc(cc1[nH]2)C(C)=C6CC)c(C)c5C(=O)C4)[C@@H](CCC(=O)O)[C@@H]3C,16.66024341472482
BACVPBPMMZQFFX-YNIRFQKGSA-N,C=CC1=C(C)C2=N/C1=C\C1=N/C(=C\C3=C(C)C4C(=O)C/C(=C5/N/C(=C\2)[C@@H](C)[C@@H]5CCC(=O)O)C4=N3)C(CC)=C1C,5.066102256147327
SZFRHIILRMXBBN-UHFFFAOYSA-N,CC(CCCc1ccccc1)CCC(O)C12C(O)CCC(C)(C3CCCCC3)C1C(OC(=O)C1CCCCC1)CC(C)C2(O)CCC1=CC(=O)OC1,36.639887752398806
HTAWBNJTNNTCSA-UHFFFAOYSA-N,COC1(C)COC2(C=C(C3CCC45CC34CCC3C4CC=C6CC(c7ccccc7)OCC6(C)C4CC(O)C35C)C(=O)O2)C1,20.603707119018505
FFKXVKSBBRVQCC-UHFFFAOYSA-N,CCCCCCCCCCCCCCCCCCCCCC1(O)CC(=O)c2c(O)cc(O)cc2O1,19.632798333557552
ASNURABVVXFZSH-CAOOACKPSA-N,CC(C)=CCC(O)C(C)CCC/C(C)=C/CCC(C)CC(O)C(N)CO,33.23249266534286
BZGPQOXONNDOEM-UHFFFAOYSA-N,CCCCCCCCCCCCCC(CC1C=CCC2(CC3OC(=O)C=CC3O2)O1)OC(C)=O,32.6537750160031
NVQGQHXFWUBOAU-MDZDMXLPSA-N,CCCCCCCC/C=C/CCCCCCCCCCCCCC(=O)OCC(O)CO,15.723748271687272
IGFQNNFYQDCUDR-LKUDQCMESA-N,C/C(=C\CC1C(=O)c2ccccc2C(=O)C1(C)O)CCCC(C)CCCC(C)CCCC(C)C,19.152770293228794
SIFBPUMCNGQJGE-UHFFFAOYSA-N,O=C(CCCCCCCCCCCCCCCCCCCCCCCO)OCC(O)CO,14.84901797361374
KRUORMCKORWKOO-UHFFFAOYSA-N,CCCCCCCCCCCc1nc(=N)n2c(c1C(=O)OCCCCNC(=N)N)CCC2,14.89887706031543
DOFYAVLOCYRMIV-UHFFFAOYSA-N,C=Cc1c(C)c2cc3nc(c4c5[nH]c(cc6nc(cc1[nH]2)C(C)=C6CC)c(C)c5C(=O)C4(O)C(=O)OC)C(CCC(=O)OC)C3C,25.550780831261967
RMUJWENALAQPCS-SREVYHEPSA-N,CCCCC/C=C\CCCCCCCCCCCCC(=O)O,0.3186725548107882
GPBZMPMGAAJCNA-UHFFFAOYSA-N,CCNCC1=CC2(C)CCC1C1(OC3CC4(O)C5=CC(=O)C6C(c7ccc(O)c(O)c7)C(O)C(O)CC6(C)C5C5(CCCC5)CC4(C)C3C1(O)CCO)C(O)C2C,38.29636771907785
KXTNVBQRLRYVCO-MWVHARJDSA-N,CC(C)=CC[C@@H]1C[C@]23C[C@H](CC=C(C)C)C(C)(C)[C@](CC=C(C)C)(C(=O)C(C(=O)c4ccc(O)c(O)c4)=C2OC1(C)C)C3=O,14.399582793914536
BANQKNDBYSHYOO-UHFFFAOYSA-N,COc1cc2ccc(=O)oc2c(OC)c1OCC(O)C(C)(O)CCC1OC1(C)C,20.95456247569528
UOWFQGKGXMGYLA-UHFFFAOYSA-N,CCCC1(C2OC(C3OC(O)(CO)C(C)CC3C)CC2C)CC(OC2CCC(OC)C(C)O2)C(C2(C)CCC3(CC(OC)C(C)C(C(C)C(OC)C(CC)C(C)O)O3)O2)O1,113.99677562765544
JEHWHTLUXYQZGI-AFPCPRRPSA-N,CC/C=C/C/C=C/C/C=C/CCCCCCCC(=O)OCC(COC1OC(CO)C(O)C(O)C1O)OC(=O)CCCCCCCCCCCCC,9.64415569875174
OJFDGOAJDAPKNG-UHFFFAOYSA-N,CCCCCCCCCCCCC(O)C1CCC(C(O)CC(CCCCC(=O)CCCCC(O)CCC2=CC(C)OC2=O)OC(C)=O)O1,32.84029240515425
RDFQXWJCWRPJPF-SJCQXOIGSA-N,COc1cc(/C=C/C(=O)OCC2COC(=O)CCCCCCCCCCCCCCCCCCCCCCCCCCO2)ccc1O,13.649639722402538
OFLAYDFSIORKCC-UHFFFAOYSA-N,CCCCCCCCCCCCCCC(C(=O)OC)C(CCCCCCCCC)OC(C)=O,18.084918037255
UKUSZBXLMJFGPN-UHFFFAOYSA-N,CC1(C)C=Cc2c(c(-c3cc(-c4cc(=O)c5c(O)cc(O)cc5o4)ccc3O)c3oc(-c4ccc(O)cc4)cc(=O)c3c2O)O1,41.72173447115323
ZWYPFAOMSUWVRZ-UHFFFAOYSA-N,CCCCCCCCCCCCC(O)C1CCC(C(O)CCCCC(=O)CC2CCCC(CC3=CC(C)OC3=O)O2)O1,27.702609071696244
APLJPCNYUIMBNB-UHFFFAOYSA-N,O=C(CCCCCCCCCCCCCCCCCCCCCCCCCO)OCC(O)CO,14.84901797361374
UAUDZVJPLUQNMU-MDZDMXLPSA-N,CCCCCCCC/C=C/CCCCCCCCCCCC(N)=O,6.459187913194949
ODBRNZZJSYPIDI-UHFFFAOYSA-N,O=c1cc(-c2ccc(O)c(O)c2)oc2cc(O)c(C3OC(CO)C(O)C(O)C3O)c(O)c12,19.76986376489927
RVKRJABUQLMQNO-IPZRHRPYSA-N,COc1c(O)ccc2c1C(=O)c1c(O)cc(C)cc1[C@@H]2[C@@H]1O[C@H](CO)[C@@H](O)[C@H](O)[C@H]1O,17.821616678395415
RXIRUHYYNOJORF-UHFFFAOYSA-N,C=C(CCC(C)C1CC=C2C3=C(CCC21C)C1(C)CCC(O)C(C)(O)C1CC3)C(C)C,20.690366742480094
