key,input,score
FZHXIRIBWMQPQF-SLPGGIOYSA-N,N[C@@H](C=O)[C@@H](O)[C@H](O)[C@H](O)CO,87.64480590820312
FWULQXYJOANGSS-UHFFFAOYSA-N,CCCC(=O)NC(CCO)C(=O)O,82.67387390136719
FZWBNHMXJMCXLU-UHFFFAOYSA-N,O=CC(O)C(O)C(O)C(O)COC1OC(COC2OC(CO)C(O)C(O)C2O)C(O)C(O)C1O,68.58001708984375
FZWBNHMXJMCXLU-UHFFFAOYSA-N,O=CC(O)C(O)C(O)C(O)COC1OC(COC2OC(CO)C(O)C(O)C2O)C(O)C(O)C1O,68.58001708984375
DWZAJFZEYZIHPO-UHFFFAOYSA-N,COc1ccc(-c2oc3cc(O)c(OC)c(O)c3c(=O)c2OC)cc1,73.34397888183594
JCQLYHFGKNRPGE-FCVZTGTOSA-N,OC[C@H]1O[C@@H](O[C@@H]2[C@@H](CO)O[C@](O)(CO)[C@H]2O)[C@H](O)[C@@H](O)[C@H]1O,70.02632904052734
YEZAXZZXDSQLIA-UHFFFAOYSA-N,OCC1C(O)CN2CCCC12,78.73821258544922
HFSKSWPVYWOHEY-SZEHBUNVSA-N,O=C(O)CCCNCC(=O)[C@@H](O)[C@H](O)[C@H](O)CO,75.71247863769531
ZDLIFNAOCJUWIZ-UHFFFAOYSA-N,CC(N)C1CCC(C(=O)N2CCOCC2)O1,76.85868835449219
MTYOYAYKYNGNKH-UHFFFAOYSA-N,O=C(OC1Cc2c(cc(O)c(C3c4c(O)cc(O)cc4OC(c4cc(O)c(O)c(O)c4)C3O)c2O)OC1c1cc(O)c(O)c(O)c1)c1cc(O)c(O)c(O)c1,27.430274963378906
VYGRYVGDPYFVCA-UHFFFAOYSA-N,CCC(C)C(NCC1(O)OC(CO)C(O)C1O)C(=O)O,61.487369537353516
OIRDTQYFTABQOQ-KQYNXXCUSA-N,Nc1ncnc2c1ncn2[C@@H]1O[C@H](CO)[C@@H](O)[C@H]1O,86.29149627685547
ZRJHYOXNWCMGMW-UHFFFAOYSA-N,N=C(N)NCCCC1NC(=O)C2CCCN2C1=O,
COLNVLDHVKWLRT-UHFFFAOYSA-N,NC(Cc1ccccc1)C(=O)O,86.73545837402344
XMOCLSLCDHWDHP-IUODEOHRSA-N,Oc1cc(O)c2c(c1)O[C@H](c1cc(O)c(O)c(O)c1)[C@H](O)C2,84.3848876953125
MTYOYAYKYNGNKH-UHFFFAOYSA-N,O=C(OC1Cc2c(cc(O)c(C3c4c(O)cc(O)cc4OC(c4cc(O)c(O)c(O)c4)C3O)c2O)OC1c1cc(O)c(O)c(O)c1)c1cc(O)c(O)c(O)c1,27.430274963378906
SFUVCMKSYKHYLD-FNORWQNLSA-N,COc1cc(/C=C/C(=O)NCCCCN)ccc1O,75.69049072265625
TUSDEZXZIZRFGC-UHFFFAOYSA-N,O=C(OC1OC2COC(=O)c3cc(O)c(O)c(O)c3-c3c(cc(O)c(O)c3O)C(=O)OC(C2O)C1O)c1cc(O)c(O)c(O)c1,38.49709701538086
UIOJPVZTRKXUSH-XCVCLJGOSA-N,O=C(/C=C/c1ccc(O)cc1)OCOC1OC(Oc2c(-c3ccc(O)cc3)oc3cc(O)cc(O)c3c2=O)C(O)C(O)C1O,43.16606140136719
DEMVNNCXWGOASJ-UHFFFAOYSA-N,O=C(OC1C(c2cc(O)c(O)c(O)c2)Oc2c(C3c4c(O)cc(O)cc4OC(c4cc(O)c(O)c(O)c4)C3O)c(O)cc(O)c2C1c1c(O)cc(O)c2c1OC(c1cc(O)c(O)c(O)c1)C(O)C2)c1cc(O)c(O)c(O)c1,0.0
CKGKQISENBKOCA-NHBPFIHPSA-N,COc1cc(O[C@@H]2O[C@H](CO[C@H]3OC[C@](O)(CO)[C@H]3O)[C@@H](O)[C@H](O)[C@H]2O)cc(OC)c1OC,62.846439361572266
SJDDGZBVGOKCKT-UHFFFAOYSA-N,Oc1cc(O)c2c(c1)OC1(c3cc(O)c(O)c(O)c3)Oc3cc(O)c4c(c3C2C1O)OC(c1cc(O)c(O)c(O)c1)C(O)C4,22.356964111328125
JKYOAXJUOXSWNA-UHFFFAOYSA-N,Oc1ccc(C2Oc3c(ccc(O)c3O)C(OC3c4ccc(O)c(O)c4OC(c4ccc(O)c(O)c4)C3O)C2O)cc1,36.42475509643555
QOWRRUMGFVBSIT-UHFFFAOYSA-N,O=C(OC1Cc2c(O)cc(O)c(Cc3c(O)cc(O)c4c3OC(c3cc(O)c(O)c(O)c3)C(O)C4)c2OC1c1cc(O)c(O)c(O)c1)c1cc(O)c(O)c(O)c1,14.643104553222656
ZEEBOBPVWJWREK-UHFFFAOYSA-N,O=C(NCC1OC(Cc2cc(COc3ccccc3)on2)CCC1O)C1CCC1,52.21005630493164
BUOLDWJIICQRBU-UHFFFAOYSA-N,O=C(OC1Cc2c(O)cc(O)c(C3c4c(O)cc(O)cc4OC(c4ccc(O)c(O)c4)C3O)c2OC1c1cc(O)c(O)c(O)c1)c1cc(O)c(O)c(O)c1,22.162208557128906
MCBYOIJIIOKICY-UHFFFAOYSA-N,CNC(=O)C(Cc1ccccc1)NC(=O)CC1(c2oc(C)cc(=O)c2O)CCOCC1,51.958396911621094
MEWWIUOJWCHCRK-UHFFFAOYSA-N,O=C(OC1Cc2c(O)cc(O)c(C3c4c(O)cc(O)cc4OC(c4cc(O)c(O)c(O)c4)C3OC(=O)c3ccc(O)c(O)c3O)c2OC1c1cc(O)c(O)c(O)c1)c1cc(O)c(O)c(O)c1,0.0
TUSDEZXZIZRFGC-UHFFFAOYSA-N,O=C(OC1OC2COC(=O)c3cc(O)c(O)c(O)c3-c3c(cc(O)c(O)c3O)C(=O)OC(C2O)C1O)c1cc(O)c(O)c(O)c1,38.49709701538086
GAYKAIAESJROGN-UHFFFAOYSA-N,COc1cc(C2OCC(Cc3ccc(OC4OC(CO)C(O)C(O)C4O)c(OC)c3)C2CO)ccc1O,56.78988265991211
MLMDACHSXKCQIF-UHFFFAOYSA-N,COc1cc(C2c3cc(OC)c(OC4OC(CO)C(O)C(O)C4O)c(OC)c3CC(CO)C2CO)cc(OC)c1O,47.83603286743164
FZMBKMJMGLZRNL-UHFFFAOYSA-N,COc1c2c(cc3c1C(CC(=O)c1c(O)n(C)c(=O)n(C)c1=O)N(C)CC3)OCO2,68.33195495605469
VSJGJMKGNMDJCI-ZASXJUAOSA-N,C=C[C@H]1[C@H](O[C@@H]2O[C@H](CO)[C@@H](O)[C@H](O)[C@H]2O)OC=C2C(=O)OCC[C@H]21,65.9990234375
NFUHNVZGHNEYRG-UHFFFAOYSA-N,COc1cc(C(O)C(CO)Oc2ccc(CCCOC3OC(CO)C(O)C(O)C3O)cc2OC)ccc1O,63.50568389892578
UHHVHDDICOEBTQ-WTZDRGJSSA-N,CC(=C/C(=O)O)/C=C/[C@]1(O)[C@@]2(C)CO[C@]1(C)C[C@@H](O[C@@H]1O[C@H](CO)[C@@H](O)[C@H](O)[C@H]1O)C2,47.05600357055664
WMBWREPUVVBILR-UHFFFAOYSA-N,O=C(OC1Cc2c(O)cc(O)cc2OC1c1cc(O)c(O)c(O)c1)c1cc(O)c(O)c(O)c1,71.18846130371094
BHZRTFCMKIGIBB-BRJLIKDPSA-N,COc1ccc2c(c1)c(/C=C1/Oc3cc(OS(=O)(=O)c4ccc(C)cc4)ccc3C1=O)cn2C,66.7406005859375
WMBWREPUVVBILR-WIYYLYMNSA-N,O=C(O[C@@H]1Cc2c(O)cc(O)cc2O[C@@H]1c1cc(O)c(O)c(O)c1)c1cc(O)c(O)c(O)c1,68.72486114501953
BWFSBUVPIAIXKJ-QHHAFSJGSA-N,COc1cc(/C=C/C(=O)c2ccc(O)cc2O)ccc1O,84.319580078125
OFCAQTJEYSFBJR-UHFFFAOYSA-N,COc1cc(OC2OC(COC3OC(CO)C(O)C(O)C3O)C(O)C(O)C2O)c2c(c1O)C(=O)c1cc(C)cc(OC)c1C2=O,52.52635955810547
MOJZMWJRUKIQGL-UHFFFAOYSA-N,Oc1cc(O)c2c(c1)OC(c1ccc(O)c(O)c1)C(O)C2c1c(O)cc(O)c2c1OC(c1ccc(O)c(O)c1)C(O)C2c1c(O)cc(O)c2c1OC(c1ccc(O)c(O)c1)C(O)C2,3.3593597412109375
MTYOYAYKYNGNKH-UHFFFAOYSA-N,O=C(OC1Cc2c(cc(O)c(C3c4c(O)cc(O)cc4OC(c4cc(O)c(O)c(O)c4)C3O)c2O)OC1c1cc(O)c(O)c(O)c1)c1cc(O)c(O)c(O)c1,27.430274963378906
SFAUGFBHUYQMBW-UHFFFAOYSA-N,CC1c2c(O)cc(O)c(C3c4c(O)cc(O)cc4OC(c4cc(O)c(O)c(O)c4)C3OC(=O)c3cc(O)c(O)c(O)c3)c2OC(c2cc(O)c(O)c(O)c2)C1OC(=O)c1cc(O)c(O)c(O)c1,0.0
PLAPMLGJVGLZOV-VPRICQMDSA-N,O=c1cc(-c2ccc(O)c(O)c2)oc2c([C@@H]3O[C@H](CO)[C@@H](O)[C@H](O)[C@H]3O)c(O)cc(O)c12,78.90534973144531
ODBRNZZJSYPIDI-VJXVFPJBSA-N,O=c1cc(-c2ccc(O)c(O)c2)oc2cc(O)c([C@@H]3O[C@H](CO)[C@@H](O)[C@H](O)[C@H]3O)c(O)c12,78.91870880126953
DWTOBCBYINHWCP-UHFFFAOYSA-N,O=C(OC1Cc2c(cc(O)c(C3c4c(O)cc(O)cc4OC(c4ccc(O)c(O)c4)C3O)c2O)OC1c1ccc(O)c(O)c1)c1cc(O)c(O)c(O)c1,31.006942749023438
MLMDACHSXKCQIF-UHFFFAOYSA-N,COc1cc(C2c3cc(OC)c(OC4OC(CO)C(O)C(O)C4O)c(OC)c3CC(CO)C2CO)cc(OC)c1O,47.83603286743164
VUGAXKYOJRPREO-UHFFFAOYSA-N,COc1ccc(-n2nc(C)c3c2C=C2Oc4c(-c5ccc6c(=O)[nH]c(=O)n(-c7ccc(OC)cc7)c6n5)c(O)c(C)c(O)c4C2(C)C3=O)cc1,0.0
LLLRNXQDWBZVIL-UHFFFAOYSA-N,CNC(C)C1=CCC(N)C(OC2C(N)CC(N)C(OC3OCC(C)(O)C(NC)C3O)C2O)O1,36.5202522277832
PZZRDJXEMZMZFD-DUYPVGENSA-N,O=c1c(OC2OC[C@@H](O)[C@H](O)[C@H]2O)c(-c2ccc(O)c(O)c2)oc2cc(O)cc(O)c12,73.99569702148438
KRHJUZZZEMFSIW-UHFFFAOYSA-N,O=C(OC1Cc2c(cc(O)c(C3c4c(O)cc(O)cc4OC(c4cc(O)c(O)c(O)c4)C3OC(=O)c3cc(O)c(O)c(O)c3)c2O)OC1c1ccc(O)c(O)c1)c1cc(O)c(O)c(O)c1,0.0
LXQFRGHXODSYNA-UHFFFAOYSA-N,O=C(OC1Cc2c(cc(O)c(C3c4c(O)cc(O)cc4OC(c4cc(O)c(O)c(O)c4)C3OC(=O)c3cc(O)c(O)c(O)c3)c2O)OC1c1cc(O)c(O)c(O)c1)c1cc(O)c(O)c(O)c1,0.0
USYWOYRASQMIBQ-UHFFFAOYSA-N,CCOC(=O)N(Nc1ccc(N)cc1N)c1ccccc1,65.47413635253906
PLAPMLGJVGLZOV-VPRICQMDSA-N,O=c1cc(-c2ccc(O)c(O)c2)oc2c([C@@H]3O[C@H](CO)[C@@H](O)[C@H](O)[C@H]3O)c(O)cc(O)c12,78.90534973144531
WXQMTHFXSUBUEQ-UHFFFAOYSA-N,O=C(OC1Cc2c(O)cc3c(c2OC1c1cc(O)c(O)c(O)c1)C1c2c(O)cc(O)cc2OC(c2cc(O)c(O)c(O)c2)(O3)C1O)c1cc(O)c(O)c(O)c1,2.9750137329101562
ACRIYYKEWCXQOS-XAYOXWHSSA-N,O=c1cc(-c2ccc(O)cc2)oc2cc(O)c([C@@H]3O[C@H](CO)[C@@H](O)[C@H](O)[C@H]3O[C@@H]3OC[C@H](O)[C@H](O)[C@H]3O)c(O)c12,62.44155502319336
PTSMMCZEGIOHQM-UHFFFAOYSA-N,COc1cccc(COC2COC3C(N)COC23)c1,63.79882049560547
DIPALNDKWHCLEA-UHFFFAOYSA-N,CC(C)C1=CCC(C)(O)C(OC2OC(CO)C(O)C(O)C2O)C1,54.626609802246094
GKDNXBQBKUXXDE-FPYGCLRLSA-N,COc1cc(/C=C/C(=O)Oc2cc3oc(-c4ccc(O)cc4)cc(=O)c3c(O)c2C2OC(CO)C(O)C(O)C2O)cc(OC)c1O,39.093971252441406
RODXRVNMMDRFIK-UHFFFAOYSA-N,COc1cc2ccc(=O)oc2cc1O,83.10222625732422
NMGRDAPKXGVAPF-UHFFFAOYSA-N,COc1ccc(-c2cc(=O)c3c(O)cc(OC4OC(COC5OC(O)C(O)C(O)C5O)C(O)C(O)C4O)cc3o2)cc1,58.704071044921875
MEWWIUOJWCHCRK-UHFFFAOYSA-N,O=C(OC1Cc2c(O)cc(O)c(C3c4c(O)cc(O)cc4OC(c4cc(O)c(O)c(O)c4)C3OC(=O)c3ccc(O)c(O)c3O)c2OC1c1cc(O)c(O)c(O)c1)c1cc(O)c(O)c(O)c1,0.0
PCXAYEPRXOKCNC-UHFFFAOYSA-N,COc1cc(C(=O)Oc2cc(C3Oc4cc(O)cc(O)c4CC3O)cc(O)c2O)cc(O)c1O,57.428855895996094
ZOEARLNZIDXANJ-UHFFFAOYSA-N,O=C1CC2(C3Oc4cc(O)cc(O)c4CC3OC(=O)c3cc(O)c(O)c(O)c3)C(C(=O)C1=O)C(=O)C1(O)C(=O)C=C(C3Oc4cc(O)cc(O)c4CC3O)C12,0.0
AFSDNFLWKVMVRB-UHFFFAOYSA-N,O=c1oc2c(O)c(O)cc3c(=O)oc4c(O)c(O)cc1c4c23,92.30433654785156
AGFXSLXNSBDFHU-UHFFFAOYSA-N,COc1cc(C(CC(=O)NCC(c2cccs2)N(C)C)c2oc(C)cc(=O)c2O)ccc1O,61.9500846862793
MYXNWGACZJSMBT-VJXVFPJBSA-N,O=c1cc(-c2ccc(O)cc2)oc2cc(O)c([C@@H]3O[C@H](CO)[C@@H](O)[C@H](O)[C@H]3O)c(O)c12,81.194091796875
RXCSLWWSSDJODS-UHFFFAOYSA-N,COc1cc2oc(-c3ccc(O)c(OC4OC(CO)C(O)C(O)C4O)c3)cc(=O)c2c(O)c1C1OC(CO)C(O)C(O)C1O,57.955291748046875
JVIDANAJZDBKRL-FJUMDGKUSA-N,CC(=O)CCC1=C(C)C(O[C@@H]2O[C@H](CO)[C@@H](O)[C@H](O)[C@H]2O)C(O)CC1(C)C,64.31369018554688
CYHRYKJCGPPJFP-UHFFFAOYSA-N,CCCCCCCCCCCCCC1CC(=O)NC(C(C)O)C(=O)NC(C)C(=O)N2CCCC2C(=O)NC(CCCNC(=N)N)C(=O)NC(C(O)C(=O)O)C(=O)NC(CO)C(=O)N2CCC(O)C2C(=O)NC(C(O)C(=O)O)C(=O)O1,
GAYKAIAESJROGN-UHFFFAOYSA-N,COc1cc(C2OCC(Cc3ccc(OC4OC(CO)C(O)C(O)C4O)c(OC)c3)C2CO)ccc1O,56.78988265991211
RODXRVNMMDRFIK-UHFFFAOYSA-N,COc1cc2ccc(=O)oc2cc1O,83.10222625732422
IAAABTPANVNWIO-QPJJXVBHSA-N,COC1CC2C(OC(=O)/C=C/c3ccc(O)cc3)CC3(O)COC(O1)C23,42.25859451293945
GSZHJJBYEUDSFV-UHFFFAOYSA-N,COc1cc(C2Oc3cc(O)cc(O)c3CC2OC(=O)c2cc(O)c(O)c(O)c2)cc(O)c1O,67.22230529785156
OAQDGDLXZKERNI-UHFFFAOYSA-N,COc1c(C)ccc2c1C(=O)c1c(O)c3c(c(O)c1C2=O)CC(C)(O)C(O)C3OC1OCC(O)C(OC)C1O,43.22088623046875
UDLCSWCVLXHBHY-UHFFFAOYSA-N,CC(=O)Oc1cc(CO)c2c(c1)C(=O)c1cc(OC3OC(C)C(O)C(O)C3O)c(CCCCO)c(O)c1C2=O,18.180870056152344
PIYXRWHBLXNZBA-HMMKTVFPSA-N,O=C(/C=C/c1ccc(O)c(O)c1)OCC1OC(Oc2cc(O)c3c(=O)cc(-c4ccc(O)cc4)oc3c2)C(O)C(OC(=O)/C=C/c2ccc(O)c(O)c2)C1O,47.693058013916016
PIYXRWHBLXNZBA-HMMKTVFPSA-N,O=C(/C=C/c1ccc(O)c(O)c1)OCC1OC(Oc2cc(O)c3c(=O)cc(-c4ccc(O)cc4)oc3c2)C(O)C(OC(=O)/C=C/c2ccc(O)c(O)c2)C1O,47.693058013916016
YXHFXGHAELQJGK-UHFFFAOYSA-N,COc1cc(-c2cc(=O)c3c(O)cc(O)c(C4OC(CO)C(O)C(O)C4O)c3o2)ccc1O,71.71196746826172
YQIVRYWOBFTREV-UHFFFAOYSA-N,COc1cc2c(=O)oc3c(OC4OC(CO)C(O)C(O)C4O)c(OC)cc4c(=O)oc(c1O)c2c34,65.59072875976562
LSHVYAFMTMFKBA-UHFFFAOYSA-N,O=C(OC1Cc2c(O)cc(O)cc2OC1c1ccc(O)c(O)c1)c1cc(O)c(O)c(O)c1,74.02481842041016
MEWWIUOJWCHCRK-UHFFFAOYSA-N,O=C(OC1Cc2c(O)cc(O)c(C3c4c(O)cc(O)cc4OC(c4cc(O)c(O)c(O)c4)C3OC(=O)c3ccc(O)c(O)c3O)c2OC1c1cc(O)c(O)c(O)c1)c1cc(O)c(O)c(O)c1,0.0
VBFNHFCZDZPFPB-UHFFFAOYSA-N,Cc1ccc2nc(C3CCN(Cc4ccc(N(C)C)cc4)C3)[nH]c2c1,61.90552520751953
FFFUNJMMCXXZRG-UHFFFAOYSA-N,O=C1CC2(C3Oc4cc(O)cc(O)c4CC3OC(=O)c3cc(O)c(O)c(O)c3)C(C(=O)C1=O)C(=O)C1(O)C(=O)C=C(C3Oc4cc(O)cc(O)c4CC3OC(=O)c3cc(O)c(O)c(O)c3)C12,0.0
ZIFHIMARMSIXMN-DGCIPFFKSA-N,C=CC1C[N@@+]2(C)CC[C@@]34c5ccccc5N[C@]32[C@@H](O)C[C@@H]1C4(CO)C(=O)OC,37.41682434082031
JXZJSKVDEPPIQL-UHFFFAOYSA-N,COc1cc(C2Oc3c(OC)cc(CCCO)cc3C2COC2OC(CO)C(O)C(O)C2O)cc(OC)c1OC(CO)CO,43.935211181640625
NXJFZPXRASCOES-UHFFFAOYSA-N,COc1cc(CCC(=O)CC(O)CCc2cc(O)c(O)c(OCCCCO)c2)ccc1O,49.9645881652832
PMBZQUHCTGZCSX-UHFFFAOYSA-N,Nc1ccc(CCC2(CO)Oc3cc4oc(C(O)c5cc(O)cc(O)c5)cc(=O)c4c(O)c3CC2O)cc1,10.557319641113281
XFNAMDRYBAWYQR-UHFFFAOYSA-N,CC(=O)OCC1OC(OC2C=C(C(C)C)CCC2(C)O)C(OC(C)=O)C(OC(C)=O)C1OC(C)=O,60.855289459228516
BOWWIAFHRQYJRF-UHFFFAOYSA-N,O=C(OCc1cc(O)c(OC2OC(COC(=O)c3cc(O)c(O)c(O)c3)C(O)C(O)C2O)c(O)c1)c1cc(O)c(O)c(Oc2c(C(=O)OCc3cc(O)c(OC4OC(CO)C(O)C(O)C4O)c(O)c3)cc(O)c(O)c2O)c1,0.0
IEHRDCJJWCUBMN-UHFFFAOYSA-N,O=C(Oc1cc(C2Oc3cc(O)c(C4c5c(O)cc(O)cc5OC(c5ccc(O)c(O)c5)C4O)c(O)c3CC2OC(=O)c2cc(O)c(O)c(O)c2)cc(O)c1O)c1cc(O)c(O)c(O)c1,2.1981582641601562
AJINBYNQJFUZDA-UHFFFAOYSA-N,COCCNC(=O)CC1CC2OC(CNC3CCCCC3)C(O)C2O1,53.922149658203125
FFFUNJMMCXXZRG-UHFFFAOYSA-N,O=C1CC2(C3Oc4cc(O)cc(O)c4CC3OC(=O)c3cc(O)c(O)c(O)c3)C(C(=O)C1=O)C(=O)C1(O)C(=O)C=C(C3Oc4cc(O)cc(O)c4CC3OC(=O)c3cc(O)c(O)c(O)c3)C12,0.0
LSHVYAFMTMFKBA-UHFFFAOYSA-N,O=C(OC1Cc2c(O)cc(O)cc2OC1c1ccc(O)c(O)c1)c1cc(O)c(O)c(O)c1,74.02481842041016
HKMIVNRODKQQRJ-UHFFFAOYSA-N,O=C(OC1Cc2c(O)cc3c(c2OC1c1ccc(O)c(O)c1)C1c2c(O)cc(O)cc2OC(c2cc(O)c(O)c(O)c2)(O3)C1O)c1cc(O)c(O)c(O)c1,9.728355407714844
DIPALNDKWHCLEA-UHFFFAOYSA-N,CC(C)C1=CCC(C)(O)C(OC2OC(CO)C(O)C(O)C2O)C1,54.626609802246094
XEVQXKKKAVVSMW-WRWORJQWSA-N,CC1(C)C[C@H](O)C[C@@]2(C)OC(=O)C=C12,69.54084777832031
LUNIFWBIDDAUHK-UHFFFAOYSA-N,COC(=O)c1cc(O)c(O)c(O)c1-c1c(O)c(O)c2oc(=O)c3cc(O)c(O)c4oc(=O)c1c2c43,39.171630859375
VFSWRBJYBQXUTE-UHFFFAOYSA-N,O=C(OC1C(=O)c2ccc(O)cc2OC1c1cc(O)c(O)c(O)c1)c1cc(O)c(O)c(O)c1,55.173423767089844
HLRKFHIIGKCJEW-UHFFFAOYSA-N,COC(=O)C(Cc1ccccc1)NC(=O)NCCc1ccc(OC)cc1,67.26628112792969
VTKHRLZMWODHJA-UHFFFAOYSA-N,COc1cc(C2Oc3c(OC)cc(CCCO)cc3C2COC2OC(CO)C(O)C(O)C2O)ccc1O,70.69511413574219
XPIXCPCSKJDZLU-MRJPKMESSA-N,COc1cc(/C=C/C(=O)OCC2OC(Oc3c(-c4ccc(O)cc4)oc4cc(O)cc(O)c4c3=O)C(O)C(OC(=O)/C=C/c3ccc(O)cc3)C2O)ccc1O,43.49753952026367
MWIVEDXGNCCAQA-UHFFFAOYSA-N,COc1cc(OC(=O)c2c(C)cc(OC(=O)c3c(C)cc(O)cc3O)cc2O)cc(C)c1C(=O)O,36.386165618896484
LGMNKSBINQXDAI-UHFFFAOYSA-N,O=c1oc2c(O)c(Oc3ccc(O)c(O)c3O)cc3c(=O)oc4c(O)c(O)cc1c4c23,60.641536712646484
FMTLKIJHTZJTFK-UHFFFAOYSA-N,COc1cc(O)c2c(c1O)C(=O)C1=C(C2=O)C(O)C2(O1)Oc1c(cc3cc(C)oc(=O)c3c1O)CC2O,15.272621154785156
FFPCLXMLAVOGGA-ONNFQVAWSA-N,COc1cc(/C=C/C(=O)OCC2OC(Oc3c(-c4ccc(O)cc4)oc4cc(O)cc(O)c4c3=O)C(O)C(O)C2OC(C)=O)ccc1O,46.55585861206055
FLSOTPIEFVBPBU-LDBVRRDLSA-N,COc1cc(-c2cc(=O)c3c(O[C@@H]4O[C@H](CO)[C@@H](O)[C@H](O)[C@H]4O)cc(O)cc3o2)cc(OC)c1O,64.86622619628906
PTYYVBPXCVLOAP-UHFFFAOYSA-N,COC(=O)c1ccc2c(=O)c3cc(O)cc(C(=O)O)c3oc2c1O,60.17741394042969
DDUYMNONWMLEII-UHFFFAOYSA-N,COCC(=O)NC1C(c2ccccc2)N(Cc2ccccc2)CCC1(C)O,58.896385192871094
SLKYVXNLSZNUTP-UHFFFAOYSA-N,COc1cc(-c2oc3c(OC)c(O)cc(O)c3c(=O)c2OC2OC(C)C(O)C(O)C2O)cc(O)c1O,67.09706115722656
DKZBBWMURDFHNE-NSCUHMNNSA-N,COc1cc(/C=C/C=O)ccc1O,84.46470642089844
OQZXEYARJWNNIW-UHFFFAOYSA-N,[NH]C(=O)CCC(NC(=O)C(Cc1ccccc1)NC(=O)C(Cc1ccccc1)n1c(=O)[nH]c2ccccc2c1=O)C(=O)O,49.668277740478516
UVTOORPUEZFGDK-KGVSQERTSA-N,O=C(/C=C/c1cc(O)c2c(c1)C(C(=O)OC(Cc1ccc(O)c3c1C(C(=O)OC(Cc1ccc(O)c(O)c1)C(=O)O)C(c1ccc(O)c(O)c1)O3)C(=O)O)C(c1ccc(O)c(O)c1)O2)OC(Cc1ccc(O)c(O)c1)C(=O)O,0.0
IEDHINQMIRRVDA-UHFFFAOYSA-N,C=CC1C(OC2OC(CO)C(O)C(O)C2O)OC=C(C(=O)OC)C1CCNC(Cc1ccccc1)C(=O)O,37.50025177001953
FJEGHJSIAMHISO-UHFFFAOYSA-N,COc1ccc(C2Oc3cc(O)cc(O)c3C(=O)C2c2c(O)cc(O)c3c2OC(c2ccc(O)c(O)c2)C(O)C3=O)cc1O,59.73100280761719
POJDBLHPROLFJU-UHFFFAOYSA-N,COc1cc(C2Oc3c(OC)cc(CCCO)cc3C2CO)ccc1OC(O)CCO,58.54914855957031
XMUVSDXMVAMDSN-UHFFFAOYSA-N,Cc1ccc(NC(=O)NC2C=C(C(=O)N3Cc4ccccc4CC3C([NH])=O)CC(O)C2O)cc1,40.808929443359375
PFTAWBLQPZVEMU-UHFFFAOYSA-N,Oc1cc(O)c2c(c1)OC(c1ccc(O)c(O)c1)C(O)C2,90.61156463623047
HKPGWUPXXPIOAN-ZZXKWVIFSA-N,O=C(/C=C/c1ccc(O)cc1)OC1Cc2c(O)cc(O)cc2OC1c1cc(O)c(O)c(O)c1,59.455692291259766
HACLGAXVNPAGBB-UHFFFAOYSA-N,COc1cc(C(=O)N2CCN(c3cccc(C)c3C)CC2)cc(OC)c1OC,81.6540756225586
KDTVAWRBRULBLS-QPSGOUHRSA-N,COc1ccc(/C=C2/Oc3cc(OCC(=O)N4CC(O)CC4C(=O)O)ccc3C2=O)c(OC)c1,65.00018310546875
FXTIILIJTTYSLT-UHFFFAOYSA-N,CC1OC(CC(=O)O)Cc2c(O)c3c(c(O)c21)C(=O)C(C1=CC(=O)c2c(O)c4c(c(O)c2C1=O)C(C)OC(CC(=O)O)C4)=CC3=O,22.222030639648438
KFJCJZYMDNJCMY-UHFFFAOYSA-N,COc1cc2c(=O)oc3c4ooc4cc4c(=O)oc(c1OC)c2c43,47.81575012207031
CXEBHAGFESHWNA-UHFFFAOYSA-N,CC1=CCC2C(C=CC(C)C2C(=O)c2c(O)c(C3(O)CCC(O)C4OC43)cn(O)c2=O)C1,2.0697097778320312
NWZBNZUABGSPSN-UHFFFAOYSA-N,O=C1CC(c2ccc(O)c(O)c2)c2c(cc(O)c3c2OC(c2ccc(O)c(O)c2)C(O)C3c2c(O)cc(O)c3c2OC(c2ccc(O)c(O)c2)C(O)C3)O1,30.250473022460938
NZNOTOIOKOCXIB-UHFFFAOYSA-N,CC(C)=CCc1c(OC(=O)c2c(C)cc(O)cc2O)cc2c(c1O)CN(C(CC(=O)O)C(=O)O)C2=O,44.65406036376953
SZFPXJLIQAVYPT-UHFFFAOYSA-N,O=C(Nc1ccc(C(O)C2COCC(=O)N2CCCc2ccccc2)cc1)C1CC1,68.73442077636719
NZXFMXDJYAHTHS-HWKANZROSA-N,COc1cc(/C=C/C(=O)OC2Cc3c(O)cc(O)cc3OC2c2cc(O)c(O)c(O)c2)ccc1O,59.96405029296875
NLAXFZHJXUCLDR-DAFODLJHSA-N,O=C(/C=C/c1cc(O)c(O)c(O)c1)c1ccc(O)cc1O,81.31229400634766
LMXVAQGQBWGDQE-UHFFFAOYSA-N,COc1cc(C(=O)OC2Cc3c(O)cc(O)cc3OC2c2ccc(O)c(O)c2)cc(OC)c1O,65.6651611328125
GGMCFLXPZMBJMV-NPVWYNPDSA-N,COc1ccc(-c2oc3cc(O[C@@H]4O[C@H](CO)[C@@H](O)[C@H](O)[C@H]4O)c(OC)c(O)c3c(=O)c2OC)cc1O,60.330238342285156
VXNMHZVTDWLWRX-UHFFFAOYSA-N,C=CC(CCCCC)OC1OC(COC2OCC(O)C(O)C2O)C(O)C(O)C1O,66.89242553710938
OGAWCPDFNFONNX-UHFFFAOYSA-N,CCCOc1ccc(C2OC(c3c[nH]c4ccccc34)C(=O)NC2CO)cc1,47.45492935180664
NZXFMXDJYAHTHS-HWKANZROSA-N,COc1cc(/C=C/C(=O)OC2Cc3c(O)cc(O)cc3OC2c2cc(O)c(O)c(O)c2)ccc1O,59.96405029296875
NZNOTOIOKOCXIB-UHFFFAOYSA-N,CC(C)=CCc1c(OC(=O)c2c(C)cc(O)cc2O)cc2c(c1O)CN(C(CC(=O)O)C(=O)O)C2=O,44.65406036376953
QKGKCIQHXQLDCR-UHFFFAOYSA-N,COc1cc2c(O)c3c(c(O)c2c(O)c1-c1c(OC)cc2c(O)c4c(c(O)c2c1O)C(=O)CC(C)(O)C4=O)C(=O)CC(C)(O)C3=O,40.506412506103516
QSHBSBLCKIPCKO-UHFFFAOYSA-N,COc1cc2c(c3oc(=O)c4c(c13)CCOC4=O)C1(O)C=COC1O2,46.2352294921875
FJEGHJSIAMHISO-UHFFFAOYSA-N,COc1ccc(C2Oc3cc(O)cc(O)c3C(=O)C2c2c(O)cc(O)c3c2OC(c2ccc(O)c(O)c2)C(O)C3=O)cc1O,59.73100280761719
VWEYRBPFCQAXNX-HGAQOODWSA-N,O=C(c1cc(O)c(O)c(O)c1)C(O)[C@H]1O[C@](O)(C(=O)c2cc(O)c(O)c(O)c2)[C@H](O)[C@@H](O)[C@@H]1O,58.01350784301758
MUPQSGHACLOUTE-PARKKQJRSA-N,C=CC(CCCCC)O[C@@H]1O[C@H](CO[C@@H]2OC[C@](O)(CO)[C@H]2O)[C@@H](O)[C@H](O)[C@H]1O,60.94889450073242
YMTUMHHQUWOKJM-CJLVFECKSA-N,CNCCC1OC(O)C(OC(=O)/C(=C/c2ccc(O)c(OC)c2)CCc2cccc(CCO)c2)C(OC(C)=O)C1O,6.874320983886719
KDCDMMXOSHLPFR-UHFFFAOYSA-N,CCCCCC1OC(=O)C(C(C)C)NC(=O)C(C)NC(=O)C(Cc2ccccc2)N(C)C(=O)C2CCCN2C(=O)C1(C)C,31.571876525878906
FBUJYYRONHLNQF-JTGGRASYSA-N,CC(=O)O[C@H]1CC[C@H](C)[C@@]2(C)[C@H](OC(C)=O)c3c(C)coc3C(=O)[C@H]12,42.33974075317383
WNPGPJRHDMTHIO-PJQLUOCWSA-N,C=C(c1[nH]c2ccccc2c1COC)C1CCN(C(=O)OC)C/C1=C\C,40.402732849121094
TWPWUWKVJSCMMU-UHFFFAOYSA-N,CC(C)CC(NC(=O)OC(C)(C)C)C(=O)OCC1OC(O)C(O)C(O)C1O,71.2708969116211
PSGFKGASHCTNSI-UHFFFAOYSA-N,COc1cc(O)c2c(c1)C(=O)c1cc(C)c(O)c(-c3c(OC)cc4c(c3O)C(=O)C3=C(C4=O)C(O)C(C)(O)C(O)C3O)c1C2=O,22.008827209472656
HUCNZRPYZDCCEF-UHFFFAOYSA-N,COc1cc(C2c3cc4c(c(OC5OC(CO)C(O)C(O)C5O)c3CC3COC(=O)C32)OCO4)cc(OC)c1O,66.60438537597656
IBSNNVHJJNLMJW-BMVMOQKNSA-N,CCCCCCCCO[C@@H]1O[C@H](CO[C@@H]2OC[C@@H](O)[C@H](O)[C@H]2O)[C@@H](O)[C@H](O)[C@H]1O,71.92106628417969
ZEECUFLMKQGAQP-UHFFFAOYSA-N,CC1OC(CC(=O)O)CC2=C1C(=O)c1c(O)cc(-c3cc(O)c4c(c3O)C(=O)C3=C(C4=O)C(C)OC(CC(=O)O)C3)c(O)c1C2=O,0.0
HKPGWUPXXPIOAN-ZZXKWVIFSA-N,O=C(/C=C/c1ccc(O)cc1)OC1Cc2c(O)cc(O)cc2OC1c1cc(O)c(O)c(O)c1,59.455692291259766
FJEGHJSIAMHISO-UHFFFAOYSA-N,COc1ccc(C2Oc3cc(O)cc(O)c3C(=O)C2c2c(O)cc(O)c3c2OC(c2ccc(O)c(O)c2)C(O)C3=O)cc1O,59.73100280761719
FMTLKIJHTZJTFK-UHFFFAOYSA-N,COc1cc(O)c2c(c1O)C(=O)C1=C(C2=O)C(O)C2(O1)Oc1c(cc3cc(C)oc(=O)c3c1O)CC2O,15.272621154785156
PAIASCMUTMHGHU-UHFFFAOYSA-N,COc1cc(C2c3cc4c(c(OC5OC(CO)C(O)C(O)C5O)c3CC3COC(=O)C32)OCO4)cc(OC)c1OC,64.38917541503906
PAIASCMUTMHGHU-UHFFFAOYSA-N,COc1cc(C2c3cc4c(c(OC5OC(CO)C(O)C(O)C5O)c3CC3COC(=O)C32)OCO4)cc(OC)c1OC,64.38917541503906
ZEECUFLMKQGAQP-UHFFFAOYSA-N,CC1OC(CC(=O)O)CC2=C1C(=O)c1c(O)cc(-c3cc(O)c4c(c3O)C(=O)C3=C(C4=O)C(C)OC(CC(=O)O)C3)c(O)c1C2=O,0.0
JWFATQDULKQFOC-UHFFFAOYSA-N,CC1CCC2C(C)C3C(CC4C5CC=C6CC(OC7OC(CO)C(OC8OC(CO)C(O)C(O)C8OC8OC(C)C(O)C(O)C8O)C(O)C7O)CCC6(C)C5CCC43C)N2C1,0.0
SWZCZCVNENWMMN-ZRECBCIESA-N,C=C(/C=C/C=C(/CO)C1C2CCCC3(O)CC/C(=C(/C)C(=O)Cc4cccc5c4CC(=O)NC5N)C(CCCO)C3(C2)C1O)CCC=C(C)C,0.0
GREDPMIEFHLABC-UHFFFAOYSA-N,CC1(CO)CCC2(C(=O)O)C(C1)C1=CC3C#CC4CCCC45C(=O)NC4C5C(C=CC4(c4cnc[nH]4)C(O)CC(N)O)C4C(O)C(OC5OCC(O)C(O)C5O)C(C)(CO)C5CCC(C)(C3C45C)C1(C)C1Cc3nc[nH]c3NCC12,0.0
GJCRYRAHLOGDQE-UHFFFAOYSA-N,CNC(=N)NC(CCO)c1c(C)cc2c(c1O)C(=O)c1c(OC3OC(CO)C(O)(CC(CN4C(=O)C=CC4=O)c4ccnc(N)c4)C(O)C3O)cc(OC)cc1C2=O,
KFPFFDLIYFQCKZ-UDWIEESQSA-N,COC(=O)CC(c1cc(OC)c2c(c1)OCO2)c1c(O)ccc2c1O/C(=C/N1CCOCC1)C2=O,52.949398040771484
HYAHTBRGSZYTKT-KEBDBYFISA-N,COc1cc(C(CC(=O)O)c2c(O)ccc3c2O/C(=C/c2ccc(C)o2)C3=O)cc(OC)c1O,54.80996322631836
ILFLFDSLJRPWIW-UHFFFAOYSA-N,COC(=O)c1ccc(OCC(=O)c2ccc(O)cc2O)cc1,73.26736450195312
FWAUTRWOYQZINE-OEAKJJBVSA-N,COc1cc(/C=C(\CCc2cccc(CCO)c2)C(=O)OC2C(O)OC(CNCC(C)O)C(O)C2OC(C)=O)ccc1O,0.0
XDTJJIJEOFWRLC-GQCTYLIASA-N,COc1cc(/C=C/C(=O)OC2Cc3c(O)cc(O)cc3OC2c2cc(O)c(OC)c(O)c2)ccc1O,51.228328704833984
XLTXRMBIJSESJQ-UHFFFAOYSA-N,C=CC1C(OC2OC(CO)C(O)C(O)C2O)OC=C(C(=O)O)C1CC1NCCc2cc(O)c(OC)cc21,51.636070251464844
DEUBRPUUWZYZHV-UHFFFAOYSA-N,O=C(OCC1OC(Oc2ccc(Oc3ccc(O)cc3)cc2)C(O)C(O)C1O)c1ccc(O)cc1,64.38156127929688
UEOXZOJREOKERR-UHFFFAOYSA-N,COc1cc2c(c(OC)c1OC)-c1ccc(NC(CC(C)C)C(=O)Nc3ccc(O)cc3)c(=O)cc1C(NC(C)=O)CC2,64.49392700195312
XDTJJIJEOFWRLC-GQCTYLIASA-N,COc1cc(/C=C/C(=O)OC2Cc3c(O)cc(O)cc3OC2c2cc(O)c(OC)c(O)c2)ccc1O,51.228328704833984
NXYXPYNRHMYNHQ-UHFFFAOYSA-N,CN(C)CCCn1cnc2c1c(=O)[nH]c(=O)n2Cc1ccccc1,75.27640533447266
QHOKBDNMUUDRLX-YTXTXJHMSA-N,O=C(/C=C/c1cc(O)c(O)cc1/C=C/c1cc(O)c(O)cc1-c1cccc(O)c1)OC(Cc1cc(O)c(O)c(O)c1)C(=O)O,16.651702880859375
PSGFKGASHCTNSI-UHFFFAOYSA-N,COc1cc(O)c2c(c1)C(=O)c1cc(C)c(O)c(-c3c(OC)cc4c(c3O)C(=O)C3=C(C4=O)C(O)C(C)(O)C(O)C3O)c1C2=O,22.008827209472656
NARVTFUJLQKXLI-UHFFFAOYSA-N,COc1cc(C2Oc3ccc(-c4cc(=O)c5c(OC(C)=O)cc(OC(C)=O)cc5o4)cc3OC2COC(C)=O)ccc1OC(C)=O,28.98694610595703
SEEWMSOVGSUOJV-UHFFFAOYSA-N,COC(=O)c1c(O)ccc2oc3cc(C(=O)O)cc(O)c3c(=O)c12,61.607887268066406
BFUKSFXYHVDMHB-UHFFFAOYSA-N,COc1cc(C2OCC3C(c4ccc(OC(CO)C(O)c5cc(OC)c(O)c(OC)c5)c(OC)c4)OCC23)ccc1O,33.97804260253906
WLDPHRMLSRTKBF-UHFFFAOYSA-N,CNC(=N)NOC1C(O)C(COC(=O)CC(=O)O)OC(O)C1OOc1ccc2c(c1)C1Oc3cc4c(cc3C1CO2)OC(CO)O4,
IJUQYYAQRYPAMG-UHFFFAOYSA-N,CCCCCCCCCCCCCCCC(O)C(COC(C)=O)NC(C)=O,75.75941467285156
SAFYEZARNLSZOM-ASNITMKRSA-N,C/C=C(C)/C=C/C(=O)NCC(=O)OCC1NC(=O)C(C(C)O)NC(=O)C(Cc2ccccc2)NC(=O)C(c2ccc(O)cc2)NC(=O)C(C(C)CC)NC(=O)C(NC(=O)C(C)C(O)C(C)C)C(C)OC1=O,0.0
DLROXGDCTAOTGG-UHFFFAOYSA-N,CCN1C(=O)COCC1C(O)c1ccc(NC(=O)CCc2ccccc2)cc1,57.08266067504883
GQGIIUWXMCBYIJ-VOTSOKGWSA-N,O=C(/C=C/c1ccccc1)OC1Cc2c(O)cc(O)cc2OC1c1cc(O)c(O)c(O)c1,57.48815155029297
VKZXVDMHCBCMCO-UHFFFAOYSA-N,CCC(C)C1NC(=O)C(CCC(=O)O)N(C)C(=O)C(C(C)C)N(C)C(=O)CNC(=O)C2CCCN2C(=O)C(Cc2ccccc2)NC(=O)C(C(C)CC)OC(=O)C(CCC(=O)O)N(C)C(=O)C(C(C)C)NC(=O)C2CCCN2C1=O,0.0
XONXRXLRRBVQTJ-UHFFFAOYSA-N,CC1(C)CCC2(C(=O)O)CCC3(C)C(=CCC4C5(C)CCC(OC6OC(CO)C(O)C(OC7OC(CO)C(O)C(OC8OCC(O)(CO)C8O)C7O)C6OC6OC(CO)C(O)C(O)C6O)C(C)(C)C5CCC43C)C2C1,0.0
WRCORLXOLDLDOJ-UHFFFAOYSA-N,COc1cc(OC)c2c(c1)C(=O)C1=C(C2=O)c2c(OC)cc3c(c2OC(=O)CC(C)(O)C1)C(=O)c1c(O)cc(C)cc1C3=O,2.8863067626953125
BEXDGRJTUXVAIT-UHFFFAOYSA-N,CC1(C)CCC2(C(=O)OC3OC(CO)C(O)C(O)C3O)CCC3(C)C(=CCC4C5(C)CCC(OC6OC(COC7OC(COC8OCC(O)C(O)C8O)C(O)C(O)C7O)C(O)C(O)C6O)C(C)(C)C5CCC43C)C2C1,0.0
RFYNAVYPYXLVOM-UHFFFAOYSA-N,O=C(NC(CO)Cc1ccccc1)c1ccccc1,78.38456726074219
FSQXVCNWJMITHZ-UHFFFAOYSA-N,CC1CCC2(NC1)OC1C3CCC4CC(OC5OC(CO)C(OC6OC(CO)C(O)C(OC7OCC(O)C(O)C7OC7OC(CO)C(O)C(O)C7O)C6O)C(O)C5O)CCC4(C)C3CCC1(C)C2C,0.0
WFUZAJQDKFLIRT-BSWSSELBSA-N,CNCC(c1cc(O)c(O)c(O)c1)C(OC(=O)/C=C/c1cc(O)c(O)cc1/C=C/c1cc(O)c(O)cc1-c1cccc(O)c1)C(=O)O,0.0
QLHULAHOXSSASE-UHFFFAOYSA-N,CCC(C)OC(=O)N1CCCCC1CCO,64.63880920410156
WFUZAJQDKFLIRT-BSWSSELBSA-N,CNCC(c1cc(O)c(O)c(O)c1)C(OC(=O)/C=C/c1cc(O)c(O)cc1/C=C/c1cc(O)c(O)cc1-c1cccc(O)c1)C(=O)O,0.0
RTTVHSKQNJDIDD-UHFFFAOYSA-N,C=C(CNC(=O)C(O)CCCCCCCCCCCCCCC)C(=O)OC,57.93184280395508
DOOTYTYQINUNNV-UHFFFAOYSA-N,CCOC(=O)CC(O)(CC(=O)OCC)C(=O)OCC,80.14384460449219
XUFRACXJJSCGFK-UHFFFAOYSA-N,CN(C)c1ccc(C(=O)NC2COC3C(Nc4nccc(-c5ccc(-c6ccccc6)cc5)n4)COC23)cc1,40.353736877441406
FSQXVCNWJMITHZ-UHFFFAOYSA-N,CC1CCC2(NC1)OC1C3CCC4CC(OC5OC(CO)C(OC6OC(CO)C(O)C(OC7OCC(O)C(O)C7OC7OC(CO)C(O)C(O)C7O)C6O)C(O)C5O)CCC4(C)C3CCC1(C)C2C,0.0
DAGFXZAYWUIGPC-LMSSTIIKSA-N,O=C1c2c(O)cc(O)cc2O[C@H](c2ccc(O)c(O)c2)[C@H]1c1c(O)cc(O)c2c(=O)cc(-c3ccc(O)cc3)oc12,57.83146286010742
UZHGFJZFJRMSOS-UHFFFAOYSA-N,COC1C(O)C(O)C(Oc2ccc3c(O)c(NC(=O)c4ccc(O)c(CC=C(C)C)c4)c(=O)oc3c2C)OC1(C)C,46.51428985595703
PGYHWYHNVHYXFQ-UHFFFAOYSA-N,COC1=CC(=O)c2c(cc3c(c2OC(C)=O)C(=O)OC(C)C3)C1=O,65.94200134277344
MATGKVZWFZHCLI-LSDHHAIUSA-N,COc1cc(C[C@H]2COC(=O)[C@@H]2Cc2ccc(O)c(OC)c2)ccc1O,78.25154876708984
USBWWSIEUOUQTH-UHFFFAOYSA-N,CC(=O)OC1CC(C)(C(=O)O)CC2C3=CCC4C5(C)CCC(OC6OC(C(=O)O)C(O)C(O)C6OC6OC(C(=O)O)C(O)C(OC7OC(C)C(O)C(O)C7O)C6O)C(C)(C)C5CCC4(C)C3(C)CCC12C,0.0
NWFYESYCEQICQP-UHFFFAOYSA-N,COc1cc(CC2COC(=O)C2Cc2ccc(OC)c(OC)c2)ccc1O,78.69164276123047
MDEPSEICSOAYRD-UHFFFAOYSA-N,CC(CCCCCCCCCCCCC(=O)C1C(=O)C(CC(=O)O)N(C)C1=O)CCCCCCCCOC1OC(C(=O)O)C(OC2OC(CO)C(O)C(O)C2O)C(O)C1O,0.0
LHJJKJNQRCMYPR-DHSUVYDUSA-N,C/C=C(\C)C(=O)OC1C(OC(=O)/C(C)=C/C)C2(CO)C(O)CC3(C)C(=CCC4C5(C)CCC(OC6OC(C(=O)O)C(O)C(OC7OC(CO)C(O)C7O)C6OC6OC(CO)C(O)C(O)C6O)C(C)C5CCC43C)C2CC1(C)C,0.0
MDEPSEICSOAYRD-UHFFFAOYSA-N,CC(CCCCCCCCCCCCC(=O)C1C(=O)C(CC(=O)O)N(C)C1=O)CCCCCCCCOC1OC(C(=O)O)C(OC2OC(CO)C(O)C(O)C2O)C(O)C1O,0.0
SKBGYAGGFRHBDJ-UHFFFAOYSA-N,CC1(C(=O)O)CCC2(C)CCC3(C)C(=CC(=O)C4C5(C)CCC(OC6OC(C(=O)O)C(O)C(O)C6OC6OC(C(=O)O)C(OC7OC(CO)C(O)C(O)C7O)C(O)C6O)C(C)(C)C5CCC43C)C2C1,16.09612274169922
YKCPYKJWOGZJLA-UHFFFAOYSA-N,C=Cc1oc2cccc(OC(C)=O)c2c(=O)c1C(C(=O)OC)C(=O)OC,51.66143798828125
JHOYIGDPCIBYKV-UHFFFAOYSA-N,COc1cc(O)c2c(=O)c3ccc(O)c(O)c3oc2c1,73.99091339111328
KFJCJZYMDNJCMY-UHFFFAOYSA-N,COc1cc2c(=O)oc3c4ooc4cc4c(=O)oc(c1OC)c2c43,47.81575012207031
HLBPOYVRLSXWJJ-UHFFFAOYSA-N,COc1cc(C2c3cc4c(c(O)c3CC3COC(=O)C32)OCO4)cc(OC)c1OC,78.39862823486328
IIFBDSDNCYSXSW-UHFFFAOYSA-N,COC(=O)c1cc(O)c2c(=O)c3c(C(=O)OC)c(O)ccc3oc2c1,55.320953369140625
UXDAWVUDZLBBAM-UHFFFAOYSA-N,CCN(CC)C(=O)Cc1ccccc1,81.61153411865234
QLHULAHOXSSASE-UHFFFAOYSA-N,CCC(C)OC(=O)N1CCCCC1CCO,64.63880920410156
NORAXXZWLVRTBQ-UHFFFAOYSA-N,COC(CCc1ccccc1)CC(=O)c1ccccc1,71.30815124511719
IMKHDCBNRDRUEB-UHFFFAOYSA-N,CC1(C)CCCC2(C)OC(=O)C=C12,74.1751480102539
HNJIRKJOLJDINX-UHFFFAOYSA-N,COc1ccc(C(=O)OC2C(OC3C(O)COC(OC4CC5C6CC=C7CC(O)CCC7(C)C6CCC5(C)C4(O)C(C)C(=O)CCC(C)C)C3OC(C)=O)OCC(OC3OC(CO)C(O)C(O)C3O)C2O)cc1OC,0.0
VOPSFXLIPFJEHR-UHFFFAOYSA-N,CC1(C)CCC2C(=O)CC3(C)C(=CCC4C5(C)CCC(OC6OC(C(=O)O)C(O)C(O)C6O)C(C)(C)C5CCC43C)C2C1,55.566925048828125
SQSJOUYJBHDMLJ-UHFFFAOYSA-N,CCC(C)CCCCCCCCC1CC(=O)NCC(=O)NC(CCCN)C(=O)NC(C(C)C)C(=O)N1,40.7327880859375
NKFNFFJDQWGZHZ-UHFFFAOYSA-N,C=C(C(=O)CC(C)C1CCC2=C3CCC4C(C)C(O)CCC4(C)C3CCC21C)C(C)C,57.75897979736328
VOPSFXLIPFJEHR-UHFFFAOYSA-N,CC1(C)CCC2C(=O)CC3(C)C(=CCC4C5(C)CCC(OC6OC(C(=O)O)C(O)C(O)C6O)C(C)(C)C5CCC43C)C2C1,55.566925048828125
BBMCUFUDCJRYOK-UHFFFAOYSA-N,COC1OC(COCc2ccccc2)C(N(C)C(C)=O)C1O,54.6471061706543
BZVQRDURNMNAGT-UHFFFAOYSA-N,CC(=O)NC1C(OC2CCC3(C)C(CCC4(C)C3CC=C3C5CC(C)(C)CCC5(C(=O)O)C(O)CC34C)C2(C)C)OC(COC2OCC(O)C(O)C2OC2OCC(O)C(OC3OC(CO)C(O)C(O)C3O)C2O)C(O)C1O,0.0
RFXLKVTYRRYTBK-UHFFFAOYSA-N,CCCCCC1C=CC(CCCCCC(C(=O)O)C(O)CC(CO)CNC)CC1,38.00524139404297
OZFAGHUNGAZEMO-UHFFFAOYSA-N,CC(C)C1=C2CCC3(C)C(CCC4C5(C)CCCC(C)(C)C5C(=O)CC43C)C2(C)CC1,53.931724548339844
RFXLKVTYRRYTBK-UHFFFAOYSA-N,CCCCCC1C=CC(CCCCCC(C(=O)O)C(O)CC(CO)CNC)CC1,38.00524139404297
RFXLKVTYRRYTBK-UHFFFAOYSA-N,CCCCCC1C=CC(CCCCCC(C(=O)O)C(O)CC(CO)CNC)CC1,38.00524139404297
WGBOGGRFCAYNGJ-UHFFFAOYSA-N,O=C(O)CCCCCCCCCC(O)CO,81.43973541259766
NGPDQWFWZNXVLZ-UHFFFAOYSA-N,CCCCCC(=O)NC(CC(=O)O)C(=O)NC1C(=O)NC(Cc2ccc(O)cc2)C(=O)NC2CCC(O)N(C2=O)C(CC(C)C)C(=O)N(C)C(Cc2ccccc2)C(=O)NC(C(C)C)C(=O)OC1C,0.0
OWQIUQKMMPDHQQ-UHFFFAOYSA-N,CCN(CC)CC(C)(C)COC(=O)c1ccc(N)cc1,80.51982116699219
GOVVAPGKZTZZHX-UHFFFAOYSA-N,C=C1CCC2C(C3CC(C4CCCCC4)CC13)C2(C(N)C=O)C1CCCC(C2CC(O)C=CO2)C1,0.0
RNPABQVCNAUEIY-GUQYYFCISA-N,C[C@H]1CC[C@@H]2N(C1)C[C@@H]1[C@H]([C@@H](O)[C@H](O)[C@]3(O)[C@H]1C[C@@]14O[C@@]5(O)[C@@H](C[C@@H](O)[C@@H]31)[C@]4(C)CC[C@@H]5O)[C@]2(C)O,0.0
GMKYQCNACYZPGS-UHFFFAOYSA-N,COc1ccc2c3c(cccc13)OC(=O)C2=O,75.60816955566406
RCDKSSKNXGNUBZ-UHFFFAOYSA-N,CC(C)CCCCCCCCCCC1NC(=O)C(C(C)O)NC(=O)C(CC([NH])=O)NC(=O)C2CCCN2C(=O)C(CCC(=O)O)NC(=O)C(CC([NH])=O)NC(=O)C(Cc2ccc(O)cc2)NC(=O)C(CC([NH])=O)NC1=O,0.0
QTFPZVNCJKSWJG-UHFFFAOYSA-N,CC(C)NC1CC(C)(C)C2CC(C)(O)CCC12CCC(=O)NCCN1CCOCC1,32.507957458496094
BTUSGZZCQZACPT-OUKQBFOZSA-N,CCCCCCCCCCC/C=C/C(O)C(N)CO,73.90019989013672
HIYAISWQVRVOGX-UHFFFAOYSA-N,CCC(OC)n1c2ccccc2c2ccccc21,73.18402862548828
UWENACCIDNTZCO-UHFFFAOYSA-N,COC(=O)c1c(O)ccc2oc3cc(COC(C)=O)cc(O)c3c(=O)c12,56.90566635131836
YIWMIFMRTGJLEY-UHFFFAOYSA-N,CC(C)=CCOc1cc(=O)c2c(O)oc(O)c3c(=O)cc(C)c1c32,47.76626968383789
CWSILOORVVDVLM-UHFFFAOYSA-N,CC(=O)Oc1cc2oc3oc4c(C)c(O)c(O)c(O)c4c(=O)c3c2cc1O,52.03134536743164
KKRZJBWBZYVFHO-UHFFFAOYSA-N,CC(C)(O)CNC1C(O)C(O)CC1C1CCCCC1,51.42656707763672
ITVGXXMINPYUHD-CUVHLRMHSA-N,COc1ccc(CCC(=O)c2c(O)cc(O[C@@H]3O[C@H](CO)[C@@H](O)[C@H](O)[C@H]3O[C@@H]3O[C@@H](C)[C@H](O)[C@@H](O)[C@H]3O)cc2O)cc1O,48.00031661987305
FFLUVDOEJBDSSD-UXBLZVDNSA-N,C=CC(C)(O)CC/C=C(\CO)C(=O)OC1C(C)OC(O)C(O)C1O,41.84760665893555
RNPABQVCNAUEIY-UHFFFAOYSA-N,CC1CCC2N(C1)CC1C(C(O)C(O)C3(O)C1CC14OC5(O)C(O)CCC1(C)C5CC(O)C34)C2(C)O,0.0
APNQDBXMTOZFPF-UHFFFAOYSA-N,CCCCCC1C=CC(CCCCCC(CO)C(=O)O)C(O)C1,55.60185623168945
RYPQSGURZSTFSX-UHFFFAOYSA-N,CCC(CCC(C)O)COC(=O)c1ccccc1C(=O)O,68.63494873046875
UGEFTPDLHPVPKD-LJNXOKLISA-N,CC1=C\C=C\C=C\CC(C)NC(=O)/C=C/C=C\C=C\CC(O)CC(O)CC(O)/C=C/C=C\1,32.014976501464844
VZPAURMDJZOGHU-UHFFFAOYSA-N,CC(=O)OCC(Cc1ccccc1)NC(=O)C(Cc1ccccc1)NC(=O)c1ccccc1,75.61717224121094
DWCOBEAATKLPOA-UHFFFAOYSA-N,CCCCCCCC(O)CCCCCCC(C(=O)O)C(O)CC(CO)CNC,45.960086822509766
QTFPZVNCJKSWJG-UHFFFAOYSA-N,CC(C)NC1CC(C)(C)C2CC(C)(O)CCC12CCC(=O)NCCN1CCOCC1,32.507957458496094
QSBHSPFCUOHNKQ-VAWYXSNFSA-N,CCCCCCCCCC/C=C/C(O)CCC(O)C(N)CO,64.37593078613281
PKFQANQONAAVFD-UHFFFAOYSA-N,CCC(C)CCCCCCCCCCCN,70.21678924560547
NRDQQWPDWIXTER-FNORWQNLSA-N,CC(=O)NCCCN(CCCN1CCCC/C=C/CCCCCCCC1)C(C)=O,52.49567794799805
OIGNJSKKLXVSLS-VWUMJDOOSA-N,C[C@]12C=CC(=O)C=C1CC[C@@H]1[C@@H]2[C@@H](O)C[C@@]2(C)[C@H]1CC[C@]2(O)C(=O)CO,80.24016571044922
VHPPWHOLBHVFAP-UHFFFAOYSA-N,Cc1cc(C)c2oc(-c3ccccc3C(=O)O)cc(=O)c2c1,75.03819274902344
RFXLKVTYRRYTBK-UHFFFAOYSA-N,CCCCCC1C=CC(CCCCCC(C(=O)O)C(O)CC(CO)CNC)CC1,38.00524139404297
ARDNWKYZQFLONF-FCDQGJHFSA-N,CCCCCCCCC(CCC(Nc1ccc[nH]1)/C(=C/C(=O)O)CNC(=N)N)C1CCCCC1,
VACHUYIREGFMSP-UHFFFAOYSA-N,CCCCCCCCC(O)C(O)CCCCCCCC(=O)O,80.10379028320312
FIRNSKBCXJVXEU-MDZDMXLPSA-N,CCCCCC/C=C/CCCC(=O)N(CCCCCNC(=N)N)CCCNC(=O)C=C(C)C,
KTKMBQWXZUUUDH-UHFFFAOYSA-N,CCCCCCCC(O)CCCCCCC(C(=O)O)C(O)CC(CNC)C1(O)CCCC1,39.39839553833008
AERBNCYCJBRYDG-UHFFFAOYSA-N,CCCCCCCCCCCCCCC(O)C(O)C(N)CO,68.04174041748047
GIMYNFALDVRKIW-UHFFFAOYSA-N,CCCCCCCCCCCCCCCC(OC(C)=O)C(CO)NC(C)=O,71.33857727050781
AERBNCYCJBRYDG-KSZLIROESA-N,CCCCCCCCCCCCCC[C@@H](O)[C@@H](O)[C@@H](N)CO,65.18017578125
HUSISCNTLUEZCN-PDBXOOCHSA-N,CC/C=C\C/C=C\C/C=C\CCCCCCCC(=O)OCC(O)COC1OC(CO)C(O)C(O)C1O,71.29241943359375
IJUQYYAQRYPAMG-UHFFFAOYSA-N,CCCCCCCCCCCCCCCC(O)C(COC(C)=O)NC(C)=O,75.75941467285156
CJPAHDXHCYFKCY-ZTMAGHJKSA-N,CCCCC/C=C/C/C=C/CC/C=C/CC(O)C(C)N,59.2618522644043
CVULDJMCSSACEO-UHFFFAOYSA-N,O=C(NC(COC(=O)C(Cc1ccccc1)NC(=O)c1ccccc1)Cc1ccccc1)c1ccccc1,67.52470397949219
VXMVFYOURWLTPI-UHFFFAOYSA-N,CCNCc1ccccc1Cc1cc(O)cc(CC2CCCC3C2CCCC32C=CCC(C)C2)c1,19.97711181640625
QFJUYMMIBFBOJY-UXZRXANASA-N,CC1(C)CCC[C@](C)([C@H]2CC[C@]3(C)[C@@H]2[C@H](O)C[C@@H]2[C@@]4(C)CC[C@H](O)C(C)(C)[C@@H]4[C@H](O)C[C@]23C)O1,53.02818298339844
YHBQOFLCJMAVHB-CMDGGOBGSA-N,CCCCCCC/C=C/CCCCCCCCCCC(O)C(O)C(O)C(N)CO,54.309627532958984
RNRUHRONLFGPJY-UHFFFAOYSA-N,CC(=O)OC1CCC(CCCCCCCCCCCCC(C)O)NC1C,45.828468322753906
ASNURABVVXFZSH-CAOOACKPSA-N,CC(C)=CCC(O)C(C)CCC/C(C)=C/CCC(C)CC(O)C(N)CO,47.20406723022461
WIHDBVXMXZUKBO-UHFFFAOYSA-N,CCCC1OCC(OC(C)=O)C(C(C)(OC(C)=O)C(C)OC(C)=O)O1,44.06180191040039
YPHQMIRXEFDOQM-KERFEQBRSA-N,O=C(O)CCCCCCC/C=C/C=C/C=C/CCCCO,65.09539794921875
NRTMMFZTXXHFPV-UHFFFAOYSA-N,CCC1CNC(C(=O)N(C)C2C(=O)NC(CC(C)C)C(=O)C3CC(C)CN3C(=O)NC(CCC(C)C)C(=O)N(C)C(C(C)C)C(=O)N3CCCC3C(=O)N(C)C(CC(C)C)C(=O)NCC(=O)OC2C)C1,0.0
OGMGVAAQSPXYGZ-UHFFFAOYSA-N,CC1=CC(CN2CCC(C([NH])=O)CC2)C(C(C)C)CC1Cc1nnc(-c2ccc(N(C)C)cc2)o1,37.662628173828125
LUZSWWYKKLTDHU-ZJHFMPGASA-N,CCCCC/C=C\C=C\C(=O)CCCCCCCC(=O)O,78.54049682617188
NUFGXXTYECLQGB-UHFFFAOYSA-N,CCC(C)C1NC(=O)C(C)NC(=O)C(C(C)C)NC(=O)C(CC(C)C)NC(=O)C(Cc2ccccc2)NC(=O)C(C(C)CC)NC(=O)C(CCCCN)NC(=O)C(C(C)CC)NC1=O,0.0
FIUHUHMHXKIXRQ-BQYQJAHWSA-N,CC(C)C(C)/C=C/C(C)C1CCC2C3=C(C(O)CC21C)C1(C)CCC(OCCO)CC1(O)C(O)C3O,40.3746223449707
KTASCZVHBOCQCI-UHFFFAOYSA-N,C=C(C)C(O)CC(CC12CC(CC=C(C)C)C(C)(C)C(CC=C(C)C)(C(=O)C(C(=O)c3ccc(O)c(O)c3)C1=O)C2=O)C(=C)C,7.996429443359375
IRIAEXORFWYRCZ-UHFFFAOYSA-N,CCCCOC(=O)c1ccccc1C(=O)OCc1ccccc1,84.72174072265625
WEVZGKSDDNCUFL-UHFFFAOYSA-N,CCC1CCCC(C)CCC(OC2OC(C)C(O)C(NC(C)=O)C2O)C(CC)CCCNC1=O,31.659408569335938
FIRNSKBCXJVXEU-MDZDMXLPSA-N,CCCCCC/C=C/CCCC(=O)N(CCCCCNC(=N)N)CCCNC(=O)C=C(C)C,
PGMHPYRIXBRRQD-UHFFFAOYSA-N,CC1COC(=O)c2cc3c(cc21)C(C)(C)C(C)C3(C)C,56.6291618347168
YDDBYAHYJZNEBN-UHFFFAOYSA-N,C=C1C(=O)OC2C1C(O)C(=O)C(C)CCCC(C)(O)C2OC(=O)CC(C)C,54.766536712646484
JIMOHLIIDCNPSU-UHFFFAOYSA-N,CC(=O)NC(C)C(O)CC(O)CCCCCC(O)CCCCCCCO,51.659507751464844
KTASCZVHBOCQCI-UHFFFAOYSA-N,C=C(C)C(O)CC(CC12CC(CC=C(C)C)C(C)(C)C(CC=C(C)C)(C(=O)C(C(=O)c3ccc(O)c(O)c3)C1=O)C2=O)C(=C)C,7.996429443359375
KJHYUSLWTPMFTN-BQYQJAHWSA-N,CCCCCC/C=C/CCCCCCCCCC(=O)OCC(O)CO,74.70893096923828
ZGDOOBRKAZVQOQ-PKNBQFBNSA-N,CCCCC(O)C/C=C/CCCCCCCCC(=O)OCC(O)CO,64.92089080810547
VQVZQURJRWNJKH-CBNHHMLQSA-N,CCCCCC/C=C/CCCCCCCc1cc(O)cc(O)c1C1=C(CCCCCCC/C=C/CCCCCCCC)C(=O)C(OC)=CC1=O,31.650718688964844
GLXYKTASIIUSRC-UHFFFAOYSA-N,CC(C)=CCc1c(O)c(CC=C(C)C)c2[nH]c3c(O)cccc3c(=O)c2c1O,59.47159957885742
DZIILFGADWDKMF-UHFFFAOYSA-N,C#CCCCCCCCCCCCCCCCC(=O)O,76.09114837646484
ZILRQSBQUHWCBR-VNKDHWASSA-N,C/C=C/C=C/CCCCCCCCCCCCC(=O)OC,76.7603988647461
SPVJKPBJLRNLPI-NSCUHMNNSA-N,COC(=O)CCCCCCC/C=C/CCCCCCCCO,77.98052978515625
QPYLSRKRZRZUJP-JLHYYAGUSA-N,CCCCCCCCC/C=C/C(O)CCCCOCC(O)CO,63.08172607421875
GGJRAQULURVTAJ-IUQGRGSQSA-N,CC/C=C/C/C=C/C/C=C/CCCCCCCC(=O)OCC(O)CO,71.35527801513672
RSPFXXVMPYBSBP-UHFFFAOYSA-N,CC(NC(=O)CC1C(O)CCC2C(C)(CO)C(O)CCC12C)C(C)(C)C,54.18137741088867
KTASCZVHBOCQCI-UHFFFAOYSA-N,C=C(C)C(O)CC(CC12CC(CC=C(C)C)C(C)(C)C(CC=C(C)C)(C(=O)C(C(=O)c3ccc(O)c(O)c3)C1=O)C2=O)C(=C)C,7.996429443359375
BIVRZKNOPNUGJZ-UHFFFAOYSA-N,CC(=O)N1CCCN(CCC2CN(C(=O)C3CC3)CCC2CC(=O)O)CC1,51.7423210144043
XRUBIEUDSSLMOV-UHFFFAOYSA-N,COc1ccc(CC2C(=O)OC(C)C(NC(=O)C(CC(C)C)N(C)C(=O)C3CCCN3)C(=O)NC(CC(C)C)C(O)CC(=O)OC(C(C)C)C(=O)C(C)C(=O)NC(CC(C)C)C(=O)N3CCCC3C(=O)N2C)cc1,0.0
UKUSZBXLMJFGPN-UHFFFAOYSA-N,CC1(C)C=Cc2c(c(-c3cc(-c4cc(=O)c5c(O)cc(O)cc5o4)ccc3O)c3oc(-c4ccc(O)cc4)cc(=O)c3c2O)O1,27.791282653808594
KTASCZVHBOCQCI-UHFFFAOYSA-N,C=C(C)C(O)CC(CC12CC(CC=C(C)C)C(C)(C)C(CC=C(C)C)(C(=O)C(C(=O)c3ccc(O)c(O)c3)C1=O)C2=O)C(=C)C,7.996429443359375
CJPAHDXHCYFKCY-ZTMAGHJKSA-N,CCCCC/C=C/C/C=C/CC/C=C/CC(O)C(C)N,59.2618522644043
YMQGYTCBTSSBHF-UHFFFAOYSA-N,CCOCCN1C(=O)COCC1C(O)c1ccc(NC(=O)C2CCCCC2)cc1,52.79081344604492
WQBURULAXWBFLG-UHFFFAOYSA-N,C=CCCCCCCCCC1C(=O)OC(C(=O)O)C1(O)C(=O)O,53.77995300292969
CKQGRJBJJDMVFY-UHFFFAOYSA-N,COC1CC(OC2CCC3(C)C(CCC4C3CCC3(C)C(C5=CC(=O)OC5)CCC43O)C2)OC(C)C1OC1OC(COC2OC(C)C(O)C(O)C2O)C(O)C(O)C1O,37.98435592651367
YVHLLZXSGPDXOA-ZHBFVYIWSA-N,COc1ccc(/C=C/C(=O)O[C@H](C(=O)O)[C@](O)(Cc2ccc(O)c(O)c2)C(=O)O)cc1O,54.43994140625
RUXSJGOKSGFEHU-BUHFOSPRSA-N,CCCCCCOC(=O)c1ccc(OC2CCC3(C)C(=CCC4C3CCC3(C)C(C(C)/C=C/C(CC)C(C)C)CCC43)C2)cc1,26.536354064941406
JHAAEJPYWGVVFN-UHFFFAOYSA-N,CCCCCCCCCC(O)CCCC(O)C(O)CCCCCCC(=O)O,62.84423828125
PIYNPBVOTLQBTC-UHFFFAOYSA-N,CCCc1ccc(C2OC(C(O)CO)C3OC(c4ccc(CCC)cc4)OC(CCC)C3O2)cc1,35.40763854980469
GSYGVFBYRIDTHY-JQIJEIRASA-N,CCCCCCCCCCCCCC(C/C=C/CCC(=O)NC(CO)COC)OC,41.368255615234375
DUEKIALBULZRSH-OVVQPSECSA-N,CC(=O)OC1CC2(C)/C(=C(\C)CC(C)C(C)C(C)C)C(O)CC2C2CC(O)C3(O)CC(O)CCC3(C)C12,10.592697143554688
DGCDPGNJPFFAED-UHFFFAOYSA-N,CCCc1cc2c(=O)c(-c3ccc4c(c3)OCO4)c(C)oc2cc1OC(C)C,59.14668273925781
BOWVQLFMWHZBEF-KTKRTIGZSA-N,CCCCCCCC/C=C\CCCCCCCC(=O)NCCO,80.77711486816406
BXFPGPRDNQSKKM-UHFFFAOYSA-N,CCCCCCCCCCCCCC(=O)NC(CO)C(O)C(O)C(O)CCCCCC,67.15025329589844
NXQNUOZBBPDPLK-ZHACJKMWSA-N,C=C(C)/C=C/CC(C)(O)C1CCC2(C)C1C(OC1OC(C)C(O)C(O)C1O)CC1C3(C)CCC(OC4OCC(O)C(O)C4O)C(C)(C)C3CCC12C,2.570556640625
SRBNLZGRVJNNGC-GESWKGEBSA-N,COC(=O)/C=C/CCCCCCCCCCCCCCOC(=O)/C=C/c1ccc(O)c(OC)c1,61.601219177246094
QIVRABJQTNPYAI-UHFFFAOYSA-N,CCCCCCCCCCCC(=O)NC(CCC(=O)NCCCC)C(=O)NCCCC,74.13863372802734
IDQDRQKBUHBSKB-UHFFFAOYSA-N,CC(=O)OCC12CC(O)C3C(CC=C4CC(O)CC(O)C43C)C1CCC2C(C)CCCC(C)C,32.472923278808594
GLXYKTASIIUSRC-UHFFFAOYSA-N,CC(C)=CCc1c(O)c(CC=C(C)C)c2[nH]c3c(O)cccc3c(=O)c2c1O,59.47159957885742
YOIQTGQBNQQIQU-UHFFFAOYSA-N,CCCCCC(O)CC1CC(=O)N(CCCCN2CCCN(C)C(c3ccccc3)CC2=O)CCCN1C,28.412017822265625
KNFHYIVXHSFVJV-UHFFFAOYSA-N,O=C(CCCCCCCCCCCCCCCCCCCCCCC(=O)OCC(O)CO)OCC(O)CO,68.14904022216797
WOJQKANMTTXFGZ-UHFFFAOYSA-N,CC1=CC(CN2CCC(O)CC2)C(C(C)C)CC1Cc1nnc(C(C)(C)C)o1,58.84408950805664
SLEJVZIMVOLHGW-UHFFFAOYSA-N,CCc1cc(-c2cccc(O)c2)c(Cc2cc(OC3CCCC3)cc3c2OCC(C2C(CCCOC)Oc4c(c5c(c6cc(O)ccc46)OCCC5CNC)C2O)C3O)cc1O,0.0
GSYGVFBYRIDTHY-JQIJEIRASA-N,CCCCCCCCCCCCCC(C/C=C/CCC(=O)NC(CO)COC)OC,41.368255615234375
JWVKNHDSRADFFA-UHFFFAOYSA-N,CC(C)C1NC(=O)C(NC(=O)NC(Cc2ccc(O)cc2)C(=O)O)CCCCNC(=O)C(Cc2ccccc2)NC(=O)C(C)N(C)C(=O)C(CCc2ccc(O)cc2)NC1=O,12.696685791015625
QFEQYDZENWTAAC-JVWAILMASA-N,CC(C)=CCC/C(C)=C/CC1(CC=C(C)C)C(=O)C(=O)Cc2oc3c(c(=O)c21)C(=O)CC(=O)C3(CC=C(C)C)CC=C(C)C,0.0
RANVOWKPCZCMQC-UHFFFAOYSA-N,CCCCCCCC(O)CC(=O)NC(CO)C(=O)NC1CCNC(=O)C(CC(C)C)NC(=O)C(CCN)NC(=O)C(CCN)NC(=O)C(CC(C)C)NC(=O)C(CC(C)C)NC(=O)C(CCN)NC1=O,0.0
XKGDWZQXVZSXAO-ADYSOMBNSA-N,CCCCCC[C@@H](O)C/C=C\CCCCCCCC(=O)OC,81.41301727294922
HSEMFIZWXHQJAE-UHFFFAOYSA-N,CCCCCCCCCCCCCCCC(N)=O,84.03885650634766
CFRXQGXKLCOKGG-UHFFFAOYSA-N,CCCCCCCC1CC2CCC3C(C(=O)OCCCCCCCCCC4NC(=N)N5CCCC5=C4C(=O)OCCCCNC(=N)N)=C(C)N=C(N1)N23,
TXOKSKCKTYISQV-FHCXDJKBSA-N,C=Cc1c(C)c2cc3nc(c4c5[nH]c(cc6nc(cc1[nH]2)C(C)=C6CC)c(C)c5C(=O)[C@]4(O)C(=O)OC)[C@@H](CCC(=O)O)[C@@H]3C,0.0
SMALWXOJQUDDPA-XZBBILGWSA-N,CCCCC/C=C/C/C=C/CCCCCCCCC(=O)OC(COC(=O)CCCCCCCCCCCCCCC)COC1OC(COC2OC(CO)C(O)C(O)C2O)C(O)C(O)C1O,55.0683708190918
LIOYKDUPKKYWOE-UHFFFAOYSA-N,C=CC(C)(CCO)C1C(O)CCC2C(C)(C)CCCC21C,53.4677619934082
SPVJKPBJLRNLPI-NSCUHMNNSA-N,COC(=O)CCCCCCC/C=C/CCCCCCCCO,77.98052978515625
GNNBHBRZPVSHKB-UHFFFAOYSA-N,C=C(C)CCC(CC12CC(CC=C(C)C)C(C)(C)C(CC=C(C)C)(C1=O)c1oc3cc(O)c(O)cc3c(=O)c1C2=O)C(=C)C,0.0
GXGFNSDOYGEKLT-NIDAHSRKSA-N,CC(O)CCCCCC/C=C/C/C=C/C/C=C/CCCC(=O)O,63.545631408691406
ZILRQSBQUHWCBR-VNKDHWASSA-N,C/C=C/C=C/CCCCCCCCCCCCC(=O)OC,76.7603988647461
POMQYTSPMKEQNB-UHFFFAOYSA-N,CCCCCCCCCCCCCCCC(O)CC(=O)O,82.7385025024414
SPVJKPBJLRNLPI-NSCUHMNNSA-N,COC(=O)CCCCCCC/C=C/CCCCCCCCO,77.98052978515625
ZVMLLPSSQZSZOA-ZQHUEGGHSA-N,CCCCCC(O)/C=C/C=C/CCCCCCCC(=O)OC,78.30960845947266
REBFJHRPKOXRLD-ZJYPAHHQSA-N,C=CC1=C(C)C2=N/C1=C\C1=N/C(=C\C3=C(C)C4C(=O)C(O)(C(=O)OC)/C(=C5/N/C(=C\2)C(C)C5CCC(=O)O)C4=N3)C(CC)=C1C,0.0
BJFNQYYKDGQJNK-UHFFFAOYSA-N,CCC(CC(O)C(C)C1CCC2C3=CCC4CC(OC5OC(CO)C(O)C(O)C5O)CCC4(C)C3=CCC21C)C(C)C,38.078948974609375
VFWGQUZLHBLDFF-OSIIPQMASA-N,C[C@@H]1C[C@H]2O[C@]3(O[C@@H]2C(C)(C)O)[C@H]1[C@@]1(C)CC[C@@]24C[C@@]25CC[C@H](O)C(C)(C)[C@@H]5CC=C4[C@]1(C)[C@H]3O,19.39820098876953
KXTNVBQRLRYVCO-MWVHARJDSA-N,CC(C)=CC[C@@H]1C[C@]23C[C@H](CC=C(C)C)C(C)(C)[C@](CC=C(C)C)(C(=O)C(C(=O)c4ccc(O)c(O)c4)=C2OC1(C)C)C3=O,0.0
FQYGQINELNMLPB-UHFFFAOYSA-N,CCCCCCCCCCCCCCC(O)C(=O)NC(COC1OC(CO)C(O)C(O)C1O)C(O)C(O)CCCCCCCCCCCC(C)C,66.03369140625
GSZARNLVZLUGBY-CMDGGOBGSA-N,CCC(/C=C/C(C)C1CC=C2C3=C(CCC21C)C1(C)CCC(O)CC1(O)CC3)C(C)C,55.718692779541016
FWFPSFPTCYWMQB-UHFFFAOYSA-N,COCC(=O)NC1C(c2ccccc2)N(CCC(C)C)CCC1(C)O,51.68587875366211
AOAINXPVTJHQLE-UHFFFAOYSA-N,CC(C)CCC1CCCC(C23CCC(C(N)C2)C(C)(C)O3)C1,37.33640670776367
RZRNAYUHWVFMIP-KTKRTIGZSA-N,CCCCCCCC/C=C\CCCCCCCC(=O)OCC(O)CO,80.04496765136719
MOUAGYBQHCQHHI-UHFFFAOYSA-N,CC(=O)OCC12C(OCc3ccccc3)CCC(C)(O)C13OC(C)(C)C(C(OC(C)=O)C2OCc1ccccc1)C3OC(C)=O,18.073585510253906
IUJWQEIXWLMIBP-GFMRDNFCSA-N,CCCCCCCCCCCCCCCC(=O)OC1C2CC(O)C(CCCCC)C1/C=C\CCCCC(=O)OCC1OC(O2)C(O)C(O)C1O,0.0
XEKVDIPCVMPBHF-DRGBSJHOSA-N,C=CC1=C(C)C2=N/C1=C\C1=N/C(=C\C3=C(C)C4C(=O)C(C(=O)OC)/C(=C5/N/C(=C\2)C(C)C5CCC(=O)O)C4=N3)C(CC)=C1C,0.0
ZWPZBUQZKQDKAN-ARYPUJDWSA-N,C=CC1=C(C)/C2=C/C3=N/C(=C4\C5=N/C(=C\C6=N/C(=C\C1=N2)C(C)=C6CC)C(C)=C5C(=O)C4(O)C(=O)OC)C(CCC(=O)OC)C3C,0.0
YDGRDDWFYSHYSZ-UHFFFAOYSA-N,CCC(O)CC1CC=CC(CC(C)O)N1C,57.80496597290039
LURGILDDCOKZRE-UHFFFAOYSA-N,CCC(C)C1NC(=O)C(Cc2ccc(OC)cc2)NC(=O)C(NC(=O)C(NC=O)C(C)C)C(C)OC(=O)C(C(C)C)N(C)C(=O)C(CC(C)C)NC(=O)C2CCCNN2C1=O,0.0
SAHCNEDAENGUHE-UHFFFAOYSA-N,CCCCCCCCCCCC(CCCCCC(=O)OC)NO,67.81787872314453
XEKVDIPCVMPBHF-LCIJJDDTSA-N,C=CC1=C(C)C2=N/C1=C\C1=N/C(=C\C3=C(C)C4C(=O)[C@H](C(=O)OC)/C(=C5/N/C(=C\2)[C@@H](C)[C@@H]5CCC(=O)O)C4=N3)C(CC)=C1C,0.0
LDHICUSXTFKRBQ-UHFFFAOYSA-N,CCCCCCCC1CC2CCC3C(C(=O)OCCCCCCCCCC4NC(=N)N5CCCC5=C4C(=O)OCCCCNC(=N)N)C(C)N=C(N1)N23,
JWTWEJXHMGNREA-JVWAILMASA-N,CC(C)=CCC/C(C)=C/CC1CC2(CC=C(C)C)C(=O)C(C(=O)c3cccc(O)c3)C(=O)C(CC=C(C)C)(C2=O)C1(C)C,49.49727249145508
JLIPYNXGFBRMPV-UHFFFAOYSA-N,CCCCCCCCCCCCC1CCCCCCCCC(=O)OCC2OC(O1)C(O)C(OC(C)=O)C2O,31.67315673828125
IEGUQQKIFBYXLG-UWJYYQICSA-N,C=Cc1c(C)c2cc3nc(c4c5[nH]c(cc6nc(cc1[nH]2)C(C)=C6CC)c(C)c5C(=O)C4)[C@@H](CCC(=O)O)[C@@H]3C,15.898109436035156
BACVPBPMMZQFFX-YNIRFQKGSA-N,C=CC1=C(C)C2=N/C1=C\C1=N/C(=C\C3=C(C)C4C(=O)C/C(=C5/N/C(=C\2)[C@@H](C)[C@@H]5CCC(=O)O)C4=N3)C(CC)=C1C,0.0
SZFRHIILRMXBBN-UHFFFAOYSA-N,CC(CCCc1ccccc1)CCC(O)C12C(O)CCC(C)(C3CCCCC3)C1C(OC(=O)C1CCCCC1)CC(C)C2(O)CCC1=CC(=O)OC1,0.0
HTAWBNJTNNTCSA-UHFFFAOYSA-N,COC1(C)COC2(C=C(C3CCC45CC34CCC3C4CC=C6CC(c7ccccc7)OCC6(C)C4CC(O)C35C)C(=O)O2)C1,0.0
FFKXVKSBBRVQCC-UHFFFAOYSA-N,CCCCCCCCCCCCCCCCCCCCCC1(O)CC(=O)c2c(O)cc(O)cc2O1,57.698421478271484
ASNURABVVXFZSH-CAOOACKPSA-N,CC(C)=CCC(O)C(C)CCC/C(C)=C/CCC(C)CC(O)C(N)CO,47.20406723022461
BZGPQOXONNDOEM-UHFFFAOYSA-N,CCCCCCCCCCCCCC(CC1C=CCC2(CC3OC(=O)C=CC3O2)O1)OC(C)=O,40.82772445678711
NVQGQHXFWUBOAU-MDZDMXLPSA-N,CCCCCCCC/C=C/CCCCCCCCCCCCCC(=O)OCC(O)CO,66.59580993652344
IGFQNNFYQDCUDR-LKUDQCMESA-N,C/C(=C\CC1C(=O)c2ccccc2C(=O)C1(C)O)CCCC(C)CCCC(C)CCCC(C)C,58.43003463745117
SIFBPUMCNGQJGE-UHFFFAOYSA-N,O=C(CCCCCCCCCCCCCCCCCCCCCCCO)OCC(O)CO,71.03327941894531
KRUORMCKORWKOO-UHFFFAOYSA-N,CCCCCCCCCCCc1nc(=N)n2c(c1C(=O)OCCCCNC(=N)N)CCC2,
DOFYAVLOCYRMIV-UHFFFAOYSA-N,C=Cc1c(C)c2cc3nc(c4c5[nH]c(cc6nc(cc1[nH]2)C(C)=C6CC)c(C)c5C(=O)C4(O)C(=O)OC)C(CCC(=O)OC)C3C,0.0
RMUJWENALAQPCS-SREVYHEPSA-N,CCCCC/C=C\CCCCCCCCCCCCC(=O)O,68.71818542480469
GPBZMPMGAAJCNA-UHFFFAOYSA-N,CCNCC1=CC2(C)CCC1C1(OC3CC4(O)C5=CC(=O)C6C(c7ccc(O)c(O)c7)C(O)C(O)CC6(C)C5C5(CCCC5)CC4(C)C3C1(O)CCO)C(O)C2C,0.0
KXTNVBQRLRYVCO-MWVHARJDSA-N,CC(C)=CC[C@@H]1C[C@]23C[C@H](CC=C(C)C)C(C)(C)[C@](CC=C(C)C)(C(=O)C(C(=O)c4ccc(O)c(O)c4)=C2OC1(C)C)C3=O,0.0
BANQKNDBYSHYOO-UHFFFAOYSA-N,COc1cc2ccc(=O)oc2c(OC)c1OCC(O)C(C)(O)CCC1OC1(C)C,42.726959228515625
UOWFQGKGXMGYLA-UHFFFAOYSA-N,CCCC1(C2OC(C3OC(O)(CO)C(C)CC3C)CC2C)CC(OC2CCC(OC)C(C)O2)C(C2(C)CCC3(CC(OC)C(C)C(C(C)C(OC)C(CC)C(C)O)O3)O2)O1,0.0
JEHWHTLUXYQZGI-AFPCPRRPSA-N,CC/C=C/C/C=C/C/C=C/CCCCCCCC(=O)OCC(COC1OC(CO)C(O)C(O)C1O)OC(=O)CCCCCCCCCCCCC,70.45706176757812
OJFDGOAJDAPKNG-UHFFFAOYSA-N,CCCCCCCCCCCCC(O)C1CCC(C(O)CC(CCCCC(=O)CCCCC(O)CCC2=CC(C)OC2=O)OC(C)=O)O1,40.99588394165039
RDFQXWJCWRPJPF-SJCQXOIGSA-N,COc1cc(/C=C/C(=O)OCC2COC(=O)CCCCCCCCCCCCCCCCCCCCCCCCCCO2)ccc1O,25.761146545410156
OFLAYDFSIORKCC-UHFFFAOYSA-N,CCCCCCCCCCCCCCC(C(=O)OC)C(CCCCCCCCC)OC(C)=O,65.88932800292969
UKUSZBXLMJFGPN-UHFFFAOYSA-N,CC1(C)C=Cc2c(c(-c3cc(-c4cc(=O)c5c(O)cc(O)cc5o4)ccc3O)c3oc(-c4ccc(O)cc4)cc(=O)c3c2O)O1,27.791282653808594
ZWYPFAOMSUWVRZ-UHFFFAOYSA-N,CCCCCCCCCCCCC(O)C1CCC(C(O)CCCCC(=O)CC2CCCC(CC3=CC(C)OC3=O)O2)O1,53.226566314697266
APLJPCNYUIMBNB-UHFFFAOYSA-N,O=C(CCCCCCCCCCCCCCCCCCCCCCCCCO)OCC(O)CO,69.25142669677734
UAUDZVJPLUQNMU-MDZDMXLPSA-N,CCCCCCCC/C=C/CCCCCCCCCCCC(N)=O,71.40798950195312
ODBRNZZJSYPIDI-UHFFFAOYSA-N,O=c1cc(-c2ccc(O)c(O)c2)oc2cc(O)c(C3OC(CO)C(O)C(O)C3O)c(O)c12,79.15840148925781
RVKRJABUQLMQNO-IPZRHRPYSA-N,COc1c(O)ccc2c1C(=O)c1c(O)cc(C)cc1[C@@H]2[C@@H]1O[C@H](CO)[C@@H](O)[C@H](O)[C@H]1O,52.78989028930664
RXIRUHYYNOJORF-UHFFFAOYSA-N,C=C(CCC(C)C1CC=C2C3=C(CCC21C)C1(C)CCC(O)C(C)(O)C1CC3)C(C)C,57.5599479675293
