key,input,50uM_Inhibition
WVUNYSQLFKLYNI-AATRIKPKSA-N,CCOc1cc2ncc(C#N)c(Nc3ccc(F)c(Cl)c3)c2cc1NC(=O)/C=C/CN(C)C,0.06677137915976346
UOZODPSAJZTQNH-LSWIJEOBSA-N,NC[C@@H]1O[C@H](O[C@H]2[C@@H](O)[C@H](O[C@@H]3[C@@H](O)[C@H](N)C[C@H](N)[C@H]3O[C@H]3O[C@H](CO)[C@@H](O)[C@H](O)[C@H]3N)O[C@@H]2CO)[C@H](N)[C@@H](O)[C@@H]1O,0.28846718519926073
MWMPEAHGUXCSMY-UHFFFAOYSA-N,CCCCCCCCCCCCCCCCCCCCCCCCC(=O)O,0.26258293390274046
IMUKUMUNZJILCG-UHFFFAOYSA-N,Cc1ccc(-c2cn3c4c(sc3n2)CCCC4)cc1,0.04070252068340778
BYYQYXVAWXAYQC-LJQANCHMSA-N,CC(=O)N[C@H](Cc1c[nH]c2ccccc12)C(=O)OCc1cc(C(F)(F)F)cc(C(F)(F)F)c1,0.026147300528828056
ZMISODWVFHHWNR-UHFFFAOYSA-N,OC(c1ccccc1)(c1ccccc1)C1CCNCC1,0.0021224388663540596
HEOCBCNFKCOKBX-LBONJMQPSA-N,Cc1ccc(/C=C2\C(=O)[C@]3(C)CC[C@H]2C3(C)C)cc1,0.007096980739152059
YFHYNLHGFKXAIQ-UHFFFAOYSA-N,CCn1nc(C)c2c1C(c1ccccc1)=NCC(=O)N2,0.008927558883442543
GYBXAGDWMCJZJK-UHFFFAOYSA-N,CCN(CC)CCCCN1c2ccccc2Oc2ccc(Cl)cc21,0.004389712936244905
KQKPFRSPSRPDEB-UHFFFAOYSA-N,CNS(=O)(=O)Cc1ccc2[nH]cc(CCN(C)C)c2c1,0.002449409372638911
XVFJONKUSLSKSW-JTQLQIEISA-N,C#CCO[C@H]1CN2CCC1CC2,9.533163312713811e-06
CHILCFMQWMQVAL-UHFFFAOYSA-N,O=C(Nc1cc(C(F)(F)F)cc(C(F)(F)F)c1)c1cc(Cl)ccc1O,0.01958748823381029
FDQAOULAVFHKBX-HKTJVKLFSA-N,COc1cc([C@H]2Oc3ccc([C@H]4Oc5cc(O)cc(O)c5C(=O)[C@@H]4O)cc3O[C@@H]2CO)ccc1O,0.005805427522864193
BDUHCSBCVGXTJM-WUFINQPMSA-N,COc1ccc(C2=N[C@@H](c3ccc(Cl)cc3)[C@@H](c3ccc(Cl)cc3)N2C(=O)N2CCNC(=O)C2)c(OC(C)C)c1,0.007491587575350423
HSAOETBFVAWNRP-UHFFFAOYSA-N,CCCCOCCOc1nc(-c2ccc(C(=O)O)c(F)c2)sc1C,0.040560302790254354
ZVXNYZWXUADSRV-UHFFFAOYSA-N,CCCCCCCCN=c1ccn(CCCCCCCCCCn2ccc(=NCCCCCCCC)cc2)cc1,0.26431796699762344
MDNWGCQSCGNTKH-UHFFFAOYSA-N,COc1ccc(CNC(=O)c2sc3nc(C)cc(C)c3c2N)cc1,0.006090785976266488
NOPFSRXAKWQILS-UHFFFAOYSA-N,CCCCCCCCCCCCCCCCCCCCCCO,0.4308721959590912
AHBKIEXBQNRDNL-FVCOMRFXSA-N,CC(=O)[C@@]12O[C@](C)(c3ccccc3)O[C@@H]1C[C@H]1[C@@H]3CCC4=CC(=O)CC[C@]4(C)[C@H]3CC[C@@]12C,4.3745542558917826e-05
XOZUGNYVDXMRKW-AATRIKPKSA-N,NC(=O)/N=N/C(N)=O,0.6442102372646332
GNBHRKFJIUUOQI-UHFFFAOYSA-N,O=C1OC2(c3ccc(O)cc3Oc3cc(O)ccc32)c2ccccc21,0.0044473649180872595
WPSYTTKBGAZSCX-UHFFFAOYSA-N,CCCCCCC[N+](CC)(CC)CCCCc1ccc(Cl)cc1,0.022961645375471563
KBXLMOYQNDMHQT-KRWDZBQOSA-N,COCCCOc1cc2c(cc1OC)-c1cc(=O)c(C(=O)O)cn1[C@H](C(C)C)C2,0.1304279524832964
FUBVWMNBEHXPSU-UHFFFAOYSA-N,CCOC(=O)Nc1ccc2c(c1)N(C(=O)CCN1CCOCC1)c1ccccc1S2,0.00041234246082240135
GRKYRJREJPZXIU-UHFFFAOYSA-N,CC(C)(NCCCn1ccnc1)c1ccc(Cl)cc1,0.030417782114818694
JEGGQYICWGMXOZ-YVJOQMODSA-N,CO[C@H]1C=CO[C@@]2(C)Oc3c(C)c(O)c4c(O)c(c(C=NN=CN5CCCCC5)c(O)c4c3C2=O)NC(=O)C(C)=CC=C[C@H](C)[C@H](O)[C@@H](C)[C@@H](O)[C@@H](C)[C@H](OC(C)=O)[C@@H]1C,0.5387880980968476
LZAXPYOBKSJSEX-GOSISDBHSA-N,Cc1ccc2c(c1)C(=O)[C@]1(O)CCN(c3ccccc3)C1=N2,0.0004352612634193065
QHLVBNKYJGBCQJ-UHFFFAOYSA-N,CN1CCN(c2ccc(OC(F)(F)F)c(Nc3ncc4c(n3)-c3c(c(C(N)=O)nn3CCO)CC4)c2)CC1,0.07935164498630912
SRPXSILJHWNFMK-MEDUHNTESA-N,N[C@@H]1CC[C@@H](c2ccc(Cl)c(Cl)c2)c2ccccc21,0.013421004195697606
XSBSKEQEUFOSDD-UHFFFAOYSA-N,C[N+]1(CCCCC[N+]2(C)CCCC2)CCCC1,0.6077795088291168
NHUHCSRWZMLRLA-UHFFFAOYSA-N,Cc1noc(NS(=O)(=O)c2ccc(N)cc2)c1C,0.0003284991213149624
WUWFMDMBOJLQIV-JTQLQIEISA-N,N[C@H]1CCN(c2nc3c(cc2F)c(=O)c(C(=O)O)cn3-c2ccc(F)cc2F)C1,0.9627120614051818
QHMWCHQXCUNUAK-UHFFFAOYSA-N,Fc1ccc(C(c2ccccc2)(c2ccccc2F)n2ccnc2)cc1,0.0013165765303710941
RRTPWQXEERTRRK-UHFFFAOYSA-N,CCCCCCCCCCCCCCCCCC(=O)NCCCCOn1c(CCCC)nc2c(N)nc3ccccc3c21,0.35451717376708985
DBPPRLRVDVJOCL-FQRUVTKNSA-O,CC(C)(ON=C(C(=O)N[C@@H]1C(=O)N2C(C(=O)O)=C(C[N+]3(CCNC(=O)c4ccc(O)c(O)c4Cl)CCCC3)CS[C@H]12)c1csc(N)n1)C(=O)O,0.5995513141155243
RSUVYMGADVXGOU-BUHFOSPRSA-N,CN(C)CCCSc1ccccc1NC(=O)/C=C/c1ccccc1,0.0064333626214647666
QQWUGDVOUVUTOY-UHFFFAOYSA-N,COc1cc(N2CCC(N3CCN(C)CC3)CC2)ccc1Nc1ncc(Cl)c(Nc2ccccc2S(=O)(=O)C(C)C)n1,0.011049456638284027
HCKUBNLZMKAEIN-VKHMYHEASA-N,N[C@H]1CCN(O)C1=O,0.0008693057436175878
FSFZRNZSZYDVLI-UHFFFAOYSA-N,COc1ccc2c(c1)c(CCN1CCOCC1)c(C)n2C(=O)c1cccc(Cl)c1Cl,0.0009737053593198653
YXSLJKQTIDHPOT-MWAPPURBSA-N,COc1ccc(C[C@H]2c3cc(OC)c(OC)cc3CC[N@+]2(C)CCC(=O)OCCCCCOC(=O)CC[N@+]2(C)CCc3cc(OC)c(OC)cc3[C@@H]2Cc2ccc(OC)c(OC)c2)cc1OC,0.030996974650770427
XOZLRRYPUKAKMU-UHFFFAOYSA-N,Cc1c(NC(C)C)c(=O)n(-c2ccccc2)n1C,0.001949348688867758
QNJKSUYWBCNWFI-IKHBEOKZSA-N,C=C1c2cccc(O)c2C(=O)[C@@H]2C(=O)[C@]3(O)C(=O)[C@@H](C(N)=O)C(=O)[C@@H](N(C)C)[C@@H]3[C@@H](O)[C@H]12,0.9971912622451782
BWWVAEOLVKTZFQ-ISVUSNJMSA-N,CC1(C)S[C@@H]2[C@H](/N=C/N3CCCCCC3)C(=O)N2[C@H]1C(=O)O,0.12632036178838463
OJFKUJDRGJSAQB-UHFFFAOYSA-N,N#Cc1c(Oc2ccc(F)c(NC(=O)Cc3cccc(C(F)(F)F)c3)c2)ccc2nc(NC(=O)C3CC3)sc12,0.06575738880783319
ICFJFFQQTFMIBG-UHFFFAOYSA-N,N=C(N=C(N)N)NCCc1ccccc1,0.03145053284242749
RDLPVSKMFDYCOR-UEKVPHQBSA-N,CC1=C(C(=O)O)N2C(=O)[C@@H](NC(=O)[C@H](N)C3=CCC=CC3)[C@H]2SC1,0.1399591861627414
ITNLONMDUMHEOK-NSHDSACASA-N,CNC(=S)[C@@]1(c2ccccn2)CCCS1,0.0004960602512710466
PPUDLEUZKVJXSZ-VPCXQMTMSA-N,C[C@@]1(O)[C@H](O)[C@@H](CO)O[C@H]1n1ccc(N)nc1=O,0.048405721224844454
NDAUXUAQIAJITI-LBPRGKRZSA-N,CC(C)(C)NC[C@H](O)c1ccc(O)c(CO)c1,0.000329042132534596
VAPDZNUFNKUROY-UHFFFAOYSA-N,Oc1c(I)cc(I)cc1I,0.0003650067852150496
XRISENIKJUKIHD-LHQZMKCDSA-N,CCCC1([C@H](O)C/C=C/[C@H]2[C@H](O)CC(=O)[C@@H]2CCCCCCC(=O)OC)CCC1,0.0023541340994952973
KSUUMAWCGDNLFK-ZETCQYMHSA-N,C=CC[C@H](C(=O)NC(N)=O)C(C)C,0.0007466366935278357
SMANXXCATUTDDT-QPJJXVBHSA-N,Fc1ccc(C(c2ccc(F)cc2)N2CCN(C/C=C/c3ccccc3)CC2)cc1,0.00433276598341763
RFWZESUMWJKKRN-UHFFFAOYSA-N,Cc1ccccc1N1CCN(CCc2nnc3n2CCCC3)CC1,0.005658685011439957
HEFNNWSXXWATRW-SNVBAGLBSA-N,CC(C)Cc1ccc([C@@H](C)C(=O)O)cc1,0.00633388317655772
MEUQWHZOUDZXHH-UHFFFAOYSA-N,COc1ccc(C(=O)c2c(C)n(CCN3CCOCC3)c3ccccc23)cc1,0.0005105598534100864
NEQSWPCDHDQINX-MRXNPFEDSA-N,CS(=O)(=O)c1ccc([C@@H](CC2CCCC2)C(=O)Nc2nccs2)cc1,0.006631308883515885
ACAKNPKRLPMONU-UHFFFAOYSA-N,Cc1[nH]c2ccccc2c1CCNC(=O)c1cccs1,0.002442247636645334
PLHJCIYEEKOWNM-HHHXNRCGSA-N,Cn1cncc1[C@@](N)(c1ccc(Cl)cc1)c1ccc2c(c1)c(-c1cccc(Cl)c1)cc(=O)n2C,0.011060998117318376
HPJKCIUCZWXJDR-UHFFFAOYSA-N,N#Cc1ccc(C(c2ccc(C#N)cc2)n2cncn2)cc1,0.0006821019738708856
CYXKNKQEMFBLER-GOSISDBHSA-N,C1CCC(C(C[C@H]2CCCCN2)C2CCCCC2)CC1,0.0034822408109903336
SNUDIPVBUUXCDG-QHSBEEBCSA-N,C[C@@H](O)[C@H]1C(=O)N2C(C(=O)OCOC(=O)C(C)(C)C)=C(SC3CN(C4=NCCS4)C3)[C@H](C)[C@H]12,0.23338682651519777
GPNHMOZDMYNCPO-PDUMRIMRSA-N,CCC(=O)O[C@]1(C(=O)CO)CC[C@H]2[C@@H]3CCC4=CC(=O)CC[C@]4(C)[C@H]3CC[C@@]21C,1.8904450113554905e-05
BGOQGUHWXBGXJW-RHSMWYFYSA-N,Oc1cc2c(cc1O)[C@H]1c3ccccc3CN[C@@H]1CC2,0.0009895691283418272
UQOSBPRTQFFUOA-UHFFFAOYSA-N,CC(=NNc1nnc2c(n1)[nH]c1c(C)cccc12)c1ccccn1,0.014477621717378496
NVTKJBXOBFRPLQ-UHFFFAOYSA-N,O=C(O)CNC(=O)c1c(O)n(C2CCCCC2)c(=O)n(C2CCCCC2)c1=O,0.6098127007484436
QIVBCDIJIAJPQS-VIFPVBQESA-N,N[C@@H](Cc1c[nH]c2ccccc12)C(=O)O,0.0006833238765466376
HBPXWEPKNBHKAX-NSHDSACASA-N,Cc1nc(NC(=O)N2CCC[C@H]2C(N)=O)sc1-c1csc(C(C)(C)C)n1,0.012370531749911606
KEECCEWTUVWFCV-UHFFFAOYSA-N,CCN(CC)CCNC(=O)c1ccc(NC(C)=O)cc1,3.881870310209479e-05
LGQCVMYAEFTEFN-DQYPLSBCSA-N,C=CCN1CC[C@]2(C)c3cc(O)ccc3C[C@H]1[C@H]2C,0.000298958189193288
QDBVSOZTVKXUES-UHFFFAOYSA-N,CN(C)CCCNC(=O)c1ccc(-c2cc(O)c3ncccc3c2)cc1,0.008348146465141325
CANZROMYQDHYHR-UHFFFAOYSA-N,C[N+](C)(C)CC#CCN1CCCC1=O,0.00021676442885472104
SRLPZQAEBMZCIJ-UHFFFAOYSA-N,CN(C)c1cccc(F)c1C(=O)NC(=O)Nc1ccc(Cl)cc1,0.0017789381370675982
YPIQVCUJEKAZCP-UHFFFAOYSA-N,CC(C)OC(=O)C(C(=O)OC(C)C)=C1SC=CS1,0.07842090163612739
AKMNUCBQGHFICM-UHFFFAOYSA-N,Cc1nc2ccc(NC(=O)Nc3ccnc4cccnc34)cc2o1,0.0036017562670167536
YBBLVLTVTVSKRW-UHFFFAOYSA-N,CC(C)(C#N)c1cc(Cn2cncn2)cc(C(C)(C)C#N)c1,0.0026653410624930983
ZEWQUBUPAILYHI-UHFFFAOYSA-N,CN1CCN(CCCN2c3ccccc3Sc3ccc(C(F)(F)F)cc32)CC1,0.0375504803378135
NOYPYLRCIDNJJB-UHFFFAOYSA-N,COc1cc(NCc2ccc3nc(N)nc(N)c3c2C)cc(OC)c1OC,0.026861428195843473
FOUVTBKPJRMLPE-FMIVXFBMSA-N,CC(C)(C)c1cc(C(=O)/C=C/c2ccc(C(=O)O)cc2)cc(C(C)(C)C)c1,0.0014460927777690813
QJPPEMXOOWNICQ-UHFFFAOYSA-N,c1ccc2c(c1)CC(N1CCN(c3cccc4c3OCCO4)CC1)C2,0.004748473185463809
HXTGXYRHXAGCFP-OAQYLSRUSA-N,COc1cccc([C@H](O)C2CCN(CCc3ccc(F)cc3)CC2)c1OC,0.003588349896017462
IYRMWMYZSQPJKC-UHFFFAOYSA-N,O=c1c(O)c(-c2ccc(O)cc2)oc2cc(O)cc(O)c12,0.0017581517138751223
RWIMETUXCNDSLE-UHFFFAOYSA-N,Nc1ccc(-c2cccc(C(=O)Nc3cnc4nc(N5CCOCC5)oc4c3)n2)cn1,0.0008411834935031948
ORFLZNAGUTZRLQ-ZMBVWFSWSA-N,CC(C)C[C@H](NC(=O)[C@@H](NC(=O)CNC(=O)CN)C(C)C)C(=O)N[C@H](C(=O)N[C@@H](CCC(N)=O)C(=O)N1CCC[C@H]1C(=O)NCC(=O)O)C(C)C,0.16771594691090286
KJKKMMMRWISKRF-FQEVSTJZSA-N,CCc1cc(-c2noc(-c3cc(OC)nc(C4CCCC4)c3)n2)cc(C)c1OC[C@@H](O)CO,0.027552154567092656
XCFLWTZSJYBCPF-UHFFFAOYSA-N,CCNc1nc(Nc2cc(F)c(C(=O)N3CCOCC3)cc2OC)ncc1C(F)(F)F,0.0036161020369036125
IDQPVOFTURLJPT-UHFFFAOYSA-N,O=C(CCCCCCC(=O)NO)NO,0.001853842033597175
XHHRGYCOEVNAKV-ZDUSSCGKSA-N,Cc1cc(Nc2cc(C)c(C#N)c(N[C@@H](C)CCCC(C)(C)O)n2)[nH]n1,0.00447418809926603
LIOKMIQQPDDTNO-UPRLRBBYSA-N,CC(C)C[C@H](NC(=O)N1CCCCCC1)C(=O)N[C@H](Cc1cn(C)c2ccccc12)C(=O)N[C@H](Cc1ccccn1)C(=O)O,0.03281269054859877
ZQPXSRTZFYHSFB-FQEVSTJZSA-N,CCC(=O)c1ccc(OC[C@@H](O)CN2CCN(c3ccccc3)CC2)cc1,0.0010582041562884116
CYPGNVSXMAUSJY-CXUHLZMHSA-N,N=C(N)N/N=C1\CCc2c(C(=N)N)cccc21,0.49922082568518816
DBSMLQTUDJVICQ-CJODITQLSA-N,Nc1nc2cc(CC[C@H]3C[C@@H](n4ccc5c(N)ncnc54)[C@H](O)[C@@H]3O)ccc2cc1Br,0.01101863409858197
WVLHHLRVNDMIAR-IBGZPJMESA-N,NCCCCN(Cc1nc2ccccc2[nH]1)[C@H]1CCCc2cccnc21,0.004835884016938507
HVXKQKFEHMGHSL-QKDCVEJESA-N,COc1cc2c(Nc3ccc(Cl)c(Cl)c3F)ncnc2cc1OC[C@@H]1C[C@@H]2CN(C)C[C@@H]2C1,0.01077730940287438
UXZFQZANDVDGMM-UHFFFAOYSA-N,Oc1c(I)cc(I)c2cccnc12,0.006592516444652574
FBPFZTCFMRRESA-KVTDHHQDSA-N,OC[C@@H](O)[C@@H](O)[C@H](O)[C@H](O)CO,1.3334296316902528e-05
BMMXYEBLEBULND-UHFFFAOYSA-N,COc1ccc(-c2ccc3ncc4c(c3c2)n(-c2ccc(N3CCNCC3)c(C(F)(F)F)c2)c(=O)n4C)cn1,0.031697444210294634
HJLSLZFTEKNLFI-UHFFFAOYSA-N,CCS(=O)(=O)CCn1c([N+](=O)[O-])cnc1C,0.0015324128633437794
DVASNQYQOZHAJN-OAHLLOKOSA-N,CC[C@@](O)(c1ccccc1)c1cccc(C(F)(F)F)c1,0.010637878876877949
MUTNCGKQJGXKEM-UHFFFAOYSA-N,CC1(C)CCC(C)(C)c2cc(NC(=O)c3ccc(C(=O)O)cc3)ccc21,0.002135034966340754
WJOHZNCJWYWUJD-IUGZLZTKSA-N,CC(=O)OCC(=O)[C@@]12OC(C)(C)O[C@@H]1C[C@H]1[C@@H]3C[C@H](F)C4=CC(=O)C=C[C@]4(C)[C@@]3(F)[C@@H](O)C[C@@]12C,0.0007791932857657002
XWAONOGAGZNUSF-UHFFFAOYSA-N,Fc1ccc(-n2cc(CCCCN3CCC4(CC3)OCc3ccccc34)c3ccccc32)cc1,0.018846858479082584
ZZZRUAITSXLWBH-NOHUXHDNSA-N,CN(C)c1ccc(O)c2c1C[C@H]1C[C@H]3[C@H](N(C)C)C(=O)[C@@H](C(N)=O)C(=O)[C@@]3(O)C(=O)[C@H]1C2=O,0.9221774816513062
KCLANYCVBBTKTO-UHFFFAOYSA-N,CCCOc1ccc(C(=O)OCCN(CC)CC)cc1N,0.00018335700910938614
PFENFDGYVLAFBR-UHFFFAOYSA-N,CCOC(=O)c1c(N)sc2c1CCN(Cc1ccccc1)C2,0.01459444067440927
ZCCUWMICIWSJIX-AUUYWEPGSA-O,CCON=C(C(=O)N[C@@H]1C(=O)N2C(C(=O)O)=C(Sc3nc(-c4cc[n+](C)cc4)cs3)CS[C@H]12)c1nsc(NP(=O)(O)O)n1,0.72285698056221
KLWUUPVJTLHYIM-UHFFFAOYSA-N,O=C(C(c1ccccc1)c1ccccc1)N1CCN(CC(O)COc2cccc3ncccc23)CC1,0.012318009126465768
OSDLLIBGSJNGJE-UHFFFAOYSA-N,Cc1cc(O)cc(C)c1Cl,0.002337310929578962
MFPAAKZZUIRMKR-UHFFFAOYSA-N,CN(C)c1cccc(Oc2cnc(Nc3cccc(O)c3)nc2)c1,0.0036175447196001185
KFHMLBXBRCITHF-UHFFFAOYSA-N,CNc1cc2c(Nc3cccc(Br)c3)ncnc2cn1,0.0016789933253676282
PHVGLTMQBUFIQQ-UHFFFAOYSA-N,CNCCC=C1c2ccccc2CCc2ccccc21,0.008010936371283606
JCRIVQIOJSSCQD-VIFPVBQESA-N,CN[C@@H](C)CC1CCCCC1,0.08696881663054228
RNUXIZKXJOGYQP-UHFFFAOYSA-N,COc1ccc(-n2c(SCCCN3C(=O)c4cccc5cccc(c45)C3=O)nnc2-c2ccncc2)cc1,0.003970653447322547
RZRPTBIGEANTGU-IRIMSJTPSA-N,C[C@]12CCC(=O)C=C1CC[C@@H]1[C@@H]2C(=O)C[C@]2(C)C(=O)CC[C@@H]12,6.689727563191639e-05
VDDUJINYXKGZLV-JOCHJYFZSA-N,CCOC(=O)c1c(C)[nH]c2ccc3c(c12)CN1CCc2cc(OC)ccc2[C@H]1O3,0.0005182777893878665
CBHCDHNUZWWAPP-OAHLLOKOSA-N,CN1CCC[C@@H](CN2c3ccccc3Sc3ccccc32)C1,0.004024709766235901
FNQDSLSOLMXCMU-UHFFFAOYSA-N,CCCCCCCCCCCC1C(=O)C(=O)CC(=O)C1=O,0.4278897285461426
CEMAWMOMDPGJMB-CYBMUJFWSA-N,C=CCOc1ccccc1OC[C@H](O)CNC(C)C,0.00025752599884185654
GQNZGCARKRHPOH-UEZYHSOPSA-N,CCC(=O)O[C@@H]1CC(=O)O[C@H](C)CC=CC=C[C@H](OC(C)=O)[C@H](C)C[C@H](CC=O)[C@H](O[C@@H]2O[C@H](C)[C@@H](O[C@H]3C[C@@](C)(OC(C)=O)[C@@H](OC(=O)CC)[C@H](C)O3)[C@H](N(C)C)[C@H]2O)[C@H]1OC,0.11385126253589987
MWLSOWXNZPKENC-SSDOTTSWSA-N,C[C@H](c1cc2ccccc2s1)N(O)C(N)=O,0.002557982358848676
NVRXTLZYXZNATH-UHFFFAOYSA-N,Nc1ncnc2c1c(-c1cnc3[nH]ccc3c1)nn2C1CCCC1,0.05202962304465473
JWBOIMRXGHLCPP-ZDUSSCGKSA-N,Clc1ccc([C@@H](c2ccccc2Cl)C(Cl)Cl)cc1,0.012137814339075704
DDRJAANPRJIHGJ-UHFFFAOYSA-N,CN1CC(=O)NC1=N,0.12397116720676422
GMPKIPWJBDOURN-UHFFFAOYSA-N,CON,0.02110073622316122
KIAPWMKFHIKQOZ-UHFFFAOYSA-N,COC(=O)c1ccccc1NC(=O)c1ccc(F)cc1,0.000653244385648577
DVKQVRZMKBDMDH-UUOKFMHZSA-N,Nc1ncnc2c1nc(Br)n2[C@@H]1O[C@@H]2CO[P@@](=O)(O)O[C@H]2[C@H]1O,0.007046544227341656
RUDATBOHQWOJDD-BSWAIDMHSA-N,C[C@H](CCC(=O)O)[C@H]1CC[C@H]2[C@@H]3[C@H](O)C[C@@H]4C[C@H](O)CC[C@]4(C)[C@H]3CC[C@]12C,2.014704180684952e-07
VXROHTDSRBRJLN-UHFFFAOYSA-O,COc1cc(N)cn[n+]1-c1ccccc1,0.006403146834782092
LFVVNPBBFUSSHL-SZPZYZBQSA-N,CCCC[C@@H](CC)CNC(=N)N=C(N)NCCCCCCNC(N)=NC(=N)NC[C@@H](CC)CCCC,0.5222964257001876
HKGWQUVGHPDEBZ-OLZOCXBDSA-N,CN1CC[C@@]2(C)c3cc(O)ccc3N(C)[C@@H]12,0.050115121086128055
LEACJMVNYZDSKR-FQEVSTJZSA-N,CCCCCCCCCC[C@@H](CO)CCCCCCCC,0.21321819722652435
XPYBSIWDXQFNMH-UYFOZJQFSA-N,O=C(COP(=O)(O)O)[C@@H](O)[C@H](O)[C@H](O)COP(=O)(O)O,8.027482128181163e-05
XDZKBRJLTGRPSS-CXAGYDPISA-N,CON=C(C(=O)N[C@@H]1C(=O)N2C(C(=O)O)=C(CSc3nc(C)c(CC(=O)O)s3)CS[C@H]12)c1csc(N)n1,0.8873666048049926
ZDASUJMDVPTNTF-UHFFFAOYSA-N,Oc1c(Br)cc(Br)c2cccnc12,0.04185302118421532
OUZWUKMCLIBBOG-UHFFFAOYSA-N,CCOc1ccc2nc(S(N)(=O)=O)sc2c1,0.00035007917267648736
KTEIFNKAUNYNJU-GFCCVEGCSA-N,C[C@@H](Oc1cc(-c2cnn(C3CCNCC3)c2)cnc1N)c1c(Cl)ccc(F)c1Cl,0.23510600477457047
LMEKQMALGUDUQG-UHFFFAOYSA-N,Cn1cnc([N+](=O)[O-])c1Sc1ncnc2nc[nH]c12,0.01783892841776833
XPIJWUTXQAGSLK-UHFFFAOYSA-N,CNc1ncc(-c2ccc3c(=O)c(C(=O)O)cn(C4CC4)c3c2C)cc1C,0.7725471794605255
VXTKXGKPBOLHRY-UHFFFAOYSA-N,CNC(=S)NS(=O)(=O)c1cc(CCNC(=O)c2cc(Cl)ccc2OC)ccc1OC,0.0022760724677937105
SBTRHJHOLCAPFT-AREMUKBSSA-N,O=C1Nc2ccc(Cl)c3c2[C@@]1(CCCCN1CC=C(c2ccc(Cl)cc2)CC1)CCC3,0.004482676694169641
FFKUDWZICMJVPA-UHFFFAOYSA-N,O=C(O)c1ccccc1OP(=O)(O)O,0.00364457992836833
UVIQSJCZCSLXRZ-UBUQANBQSA-N,CC(=O)O[C@H]1CC[C@@]2(C)C(=CC[C@@H]3[C@@H]2CC[C@]2(C)C(c4cccnc4)=CC[C@@H]32)C1,3.0667859875821435e-05
FEJVSJIALLTFRP-LJQANCHMSA-N,COc1cc(OC)nc(O[C@H](C(=O)O)C(OC)(c2ccccc2)c2ccccc2)n1,0.003217350589693524
RYYCJUAHISIHTL-UHFFFAOYSA-N,O=C(O)c1nc(=O)[nH]c(=O)[nH]1,0.005131299667846178
VYFYYTLLBUKUHU-UHFFFAOYSA-N,NCCc1ccc(O)c(O)c1,0.007218061154708267
ULGZDMOVFRHVEP-RWJQBGPGSA-N,CC[C@H]1OC(=O)[C@H](C)[C@@H](O[C@H]2C[C@@](C)(OC)[C@@H](O)[C@H](C)O2)[C@H](C)[C@@H](O[C@@H]2O[C@H](C)C[C@H](N(C)C)[C@H]2O)[C@](C)(O)C[C@@H](C)C(=O)[C@H](C)[C@@H](O)[C@]1(C)O,0.3681386083364487
GOHCTCOGYKAJLZ-UHFFFAOYSA-N,Cc1nc(C#Cc2ccnc(Cl)c2)c(C)n1-c1ccc(OC(F)(F)F)cc1,0.0015560184758214746
IAOZJIPTCAWIRG-QWRGUYRKSA-N,COC(=O)[C@H](Cc1ccccc1)NC(=O)[C@@H](N)CC(=O)O,0.0016443360886114534
QKDRXGFQVGOQKS-CRSSMBPESA-N,CCOc1ccc(Cc2cc([C@@H]3O[C@H](SC)[C@@H](O)[C@H](O)[C@H]3O)ccc2Cl)cc1,0.009247677214443684
FKRSSPOQAMALKA-CUPIEXAXSA-N,COC(=O)N[C@H](C(=O)N1CCC[C@H]1c1nc(-c2ccc(-c3ccc(-c4c[nH]c([C@@H]5CCCN5C(=O)[C@@H](NC(=O)OC)C(C)C)n4)cc3)cc2)c[nH]1)C(C)C,0.024989610983175224
ZJAOAACCNHFJAH-UHFFFAOYSA-N,O=C(O)P(=O)(O)O,1.0841850478726656e-05
OTKJDMGTUTTYMP-ZWKOTPCHSA-N,CCCCCCCCCCCCCCC[C@@H](O)[C@@H](N)CO,0.06449553947895766
XECQQDXTQRYYBH-UHFFFAOYSA-N,CNCCC=C1c2ccccc2C=Cc2ccccc21,0.009029015406849795
MCJGNVYPOGVAJF-UHFFFAOYSA-N,Oc1cccc2cccnc12,0.3017953738570213
HSYSSKFCQHXOBP-MXVIHJGJSA-N,CCCCNc1ncc(-c2ccc(CN3CCOCC3)cn2)c(N[C@H]2CC[C@H](O)CC2)n1,0.0009217850689310581
OYTKINVCDFNREN-UHFFFAOYSA-N,Nc1ccncc1N,0.002193202306443709
HOKDBMAJZXIPGC-MRXNPFEDSA-N,c1ccc2c(c1)Sc1ccccc1N2C[C@H]1CN2CCC1CC2,0.001057422938538366
KMPWYEUPVWOPIM-QAMTZSDWSA-N,C=C[C@H]1C[N@@]2CC[C@H]1C[C@@H]2[C@@H](O)c1ccnc2ccccc12,0.000705523807573627
KOMWRBFEDDEWEP-RXMQYKEDSA-N,Cc1cc(C(=O)O)sc1[C@@H](N)C(=O)O,0.005008088350859907
FIPWRIJSWJWJAI-UHFFFAOYSA-N,CCCCOCCOCCOCc1cc2c(cc1CCC)OCO2,0.04317438900470734
WBPYTXDJUQJLPQ-GSDFIKGFSA-N,CC[C@H]1OC(=O)C[C@@H](O)[C@H](C)[C@@H](O[C@@H]2O[C@H](C)[C@@H](O[C@H]3C[C@@](C)(O)[C@@H](O)[C@H](C)O3)[C@H](N(C)C)[C@H]2O)[C@@H](CC=O)C[C@@H](C)C(=O)C=CC(C)=C[C@@H]1CO[C@@H]1O[C@H](C)[C@@H](O)[C@@H](OC)[C@H]1OC,0.2728425309062004
MDJFHRLTPRPZLY-UHFFFAOYSA-N,O=[N+]([O-])c1cncn1CCN1CCOCC1,0.0005106654984956549
AOJJSUZBOXZQNB-VTZDEGQISA-N,COc1cccc2c1C(=O)c1c(O)c3c(c(O)c1C2=O)C[C@@](O)(C(=O)CO)C[C@@H]3O[C@H]1C[C@H](N)[C@@H](O)[C@H](C)O1,0.013126030680723488
ADVPTQAUNPRNPO-REOHCLBHSA-N,N[C@@H](C[S@+]([O-])O)C(=O)O,0.0005016045449661277
OZBDTKLWBSATSN-UHFFFAOYSA-N,CCCCS(=O)(=O)Nc1ncnc(OCCOc2ncc(Br)cn2)c1-c1ccc(Br)cc1,0.0017213210947375046
AQHHHDLHHXJYJD-CQSZACIVSA-N,CC(C)NC[C@@H](O)COc1cccc2ccccc12,0.0014885526223224587
ZOCKGBMQLCSHFP-KQRAQHLDSA-N,CCCCC(=O)OCC(=O)[C@]1(O)Cc2c(O)c3c(c(O)c2[C@@H](O[C@H]2C[C@H](NC(=O)C(F)(F)F)[C@H](O)[C@H](C)O2)C1)C(=O)c1c(OC)cccc1C3=O,0.02043149599339813
XTZUPNNVXIMWAR-UHFFFAOYSA-N,CCCCCCN(CCCCCC)C(=O)Cc1c(-c2ccc(Cl)cc2)[nH]c2ccc(Cl)cc12,0.016916681511793284
KBPLFHHGFOOTCA-UHFFFAOYSA-N,CCCCCCCCO,0.02750699707539752
MMGAVKCAGQCFHS-LSDHQDQOSA-N,CCCCC/N=c1\ccn(Cc2ccccc2)c2ccccc12,0.13255566284060477
KGPGFQWBCSZGEL-ZDUSSCGKSA-N,CCn1c(-c2nonc2N)nc2c(C#CC(C)(C)O)ncc(OC[C@H]3CCCNC3)c21,0.008855158416554331
BIODYGOZWZNCAG-UHFFFAOYSA-N,O=C(Nc1ccccc1)N1CCC(Cc2cnc3ccccc3c2)CC1,0.003112222845084034
ITMLWGWTDWJSRZ-PXLXIMEGSA-N,Cc1cccc(COc2cccc(/C=C3\C(=O)NN(c4ccccc4)C3=O)c2)c1,0.012495134782511741
HABROHXUHNHQMY-UHFFFAOYSA-N,O=C(O)c1cc(NCc2c(F)c(F)c(C(F)(F)F)c(F)c2F)ccc1O,0.21313577723340132
DKEZDPGUJMMUCC-OBQNDPEBSA-N,O=C(/C=C/c1ccc(O)cc1)C1C(=O)[C@H]([C@@H]2O[C@H](CO)[C@@H](O)[C@H](O)[C@H]2O)C(=O)[C@](O)([C@@H]2O[C@H](CO)[C@@H](O)[C@H](O)[C@H]2O)C1=O,0.5719516158103943
HYFHYPWGAURHIV-JFIAXGOJSA-N,COC(=O)C[C@](O)(CCCC(C)(C)O)C(=O)O[C@@H]1C(OC)=C[C@]23CCCN2CCc2cc4c(cc2[C@H]13)OCO4,0.000534596619218064
SPFYMRJSYKOXGV-UHFFFAOYSA-N,CCN1CCN(c2cc3c(cc2F)c(=O)c(C(=O)O)cn3C2CC2)CC1,0.9992564797401429
WZHJKEUHNJHDLS-QTGUNEKASA-N,CN1C[C@H](CNC(=O)OCc2ccccc2)C[C@@H]2c3cccc4c3c(cn4C)C[C@H]21,0.007084247480088379
BLGWHBSBBJNKJO-UHFFFAOYSA-N,Nc1nc2cc(-c3ccc4ncc(C(=O)N5CCOCC5)n4c3)ccc2o1,0.0009524689428872079
OJGDCBLYJGHCIH-UHFFFAOYSA-N,CN(Cc1cc(Br)cc(Br)c1N)C1CCCCC1,0.009194531789398752
AYJRTVVIBJSSKN-UHFFFAOYSA-N,CC(C)c1noc(N2CCC(COc3ccc(-c4ccc(S(C)(=O)=O)cc4)nc3)CC2)n1,0.021081935556139797
JRLOEMCOOZSCQP-JOCHJYFZSA-N,CCCCC[C@@H](O)c1cccc(OCc2ccc3ccccc3n2)c1,0.007233935175463557
SINAMTXBCYKFDL-WBJZGETLSA-N,C[C@]12CC[C@@H](O)C[C@@H]1CC[C@@H]1[C@@H]2CC[C@]2(C)C(c3ccccc3)=CC[C@@H]12,1.8779158744670205e-06
DEQZTKGFXNUBJL-UHFFFAOYSA-N,c1ccc2sc(SNC3CCCCC3)nc2c1,0.17564727999269963
MDKGKXOCJGEUJW-SECBINFHSA-N,C[C@@H](C(=O)O)c1ccc(C(=O)c2cccs2)cc1,0.0011829674542241265
IMBXEJJVJRTNOW-XYMSELFBSA-N,C[C@H]1C[C@@H]2[C@H]([C@@H](O)C[C@@]3(C)[C@H]2CC[C@]3(O)C(=O)COC(=O)CCC(=O)O)[C@@]2(C)C=CC(=O)C=C12,4.501017340601266e-05
ZSBWDKCIIZYQIR-UHFFFAOYSA-N,Cc1cccc(Cl)c1NC(=O)Nc1ccncc1,0.0009514763881270482
YERABYSOHUZTPQ-UHFFFAOYSA-P,CC[N+](CC)(CCCNC1=CC(=O)C(NCCC[N+](CC)(CC)Cc2ccccc2)=CC1=O)Cc1ccccc1,0.073223911318928
PSFDQSOCUJVVGF-UHFFFAOYSA-N,Cc1nccc2c1[nH]c1ccccc12,0.011355833662673832
UDIIBEDMEYAVNG-ZKFPOVNWSA-N,CN[C@@H]1[C@@H](O)[C@@H](O[C@@H]2[C@@H](O)[C@H](O[C@H]3O[C@H](CN)[C@@H](O)[C@H](O)[C@H]3O)[C@@H](N)C[C@H]2NC(=O)[C@@H](O)CN)OC[C@]1(C)O,0.7354263663291931
PIQCTGMSNWUMAF-UHFFFAOYSA-N,CN1CCN(c2ccc3nc(-c4c(N)c5c(F)cccc5[nH]c4=O)[nH]c3c2)CC1,0.02303016297519207
LTGLGIQQZXSLLF-UHFFFAOYSA-N,Oc1c(CN2CCCC2)cc(COCc2ccccc2)c2cccnc12,0.013865867257118225
CBOKZNLSFMZJJA-PRQTWWFRSA-N,O=c1cc(O)ccn1[C@H]1O[C@H](CO)[C@@H](O)[C@@H]1O,0.0072369642555713655
QRJJEGAJXVEBNE-HKOYGPOVSA-N,Clc1ccc(CO/N=C(\Cn2ccnc2)c2ccc(Cl)cc2Cl)c(Cl)c1,0.11117257177829742
XZNUGFQTQHRASN-XQENGBIVSA-N,CN[C@@H]1[C@@H](O[C@H]2O[C@H](CO)[C@@H](N)[C@H](O)[C@H]2O)O[C@H]2C[C@@H](N)[C@@H](O[C@H]3[C@H](O)[C@@H](O)[C@H](N)C[C@@H]3N)O[C@@H]2[C@@H]1O,0.20017250031232833
HFPLHASLIOXVGS-UHFFFAOYSA-N,Cc1ccc(NC2=CC(=O)c3sc(C)nc3C2=O)cc1,0.03492843440035358
HEAIZQNMNCHNFD-UHFFFAOYSA-N,COc1ccc2c(OCc3nnc4ccc(-c5ccccc5)nn34)ccnc2c1,0.011091813794337213
DTGLZDAWLRGWQN-LJQANCHMSA-N,CC(=O)Oc1cc2c(s1)CCN([C@@H](C(=O)C1CC1)c1ccccc1F)C2,0.008015657194482629
DPSPPJIUMHPXMA-ZETCQYMHSA-N,C[C@H]1CCc2cc(F)cc3c(=O)c(C(=O)O)cn1c23,0.9946407556533814
FSZPIAXLCCQFCM-FCQUAONHSA-N,CN(C)Cc1cccc(N/C(=C2\C(=O)Nc3cc(C(N)=O)ccc32)c2ccccc2)c1,0.00458243663488247
CEUDWZXMLMKPNN-SOFGYWHQSA-N,CC(=O)N(O)C/C=C/c1cccc(Oc2ccccc2)c1,0.0004060884206865012
ARGKVCXINMKCAZ-UZRWAPQLSA-N,COc1ccc([C@@H]2CC(=O)c3c(O)cc(O[C@@H]4O[C@H](CO)[C@@H](O)[C@H](O)[C@H]4O[C@@H]4O[C@@H](C)[C@H](O)[C@@H](O)[C@H]4O)cc3O2)cc1O,0.009934066026471556
QCVNMNYRNIMDKV-QGZVFWFLSA-N,O=C1C[C@@]2(C(=O)N1)C(=O)N(Cc1ccc(Br)cc1F)C(=O)c1cccn12,0.03198695186292753
RXQCGGRTAILOIN-UHFFFAOYSA-N,CNC(C)(C)Cc1ccccc1,0.039875033870339395
AKCRNFFTGXBONI-UHFFFAOYSA-N,CCC(=O)N1CCN(c2ccc(-n3c(=O)ccc4cnc5ccc(-c6cnc7ccccc7c6)cc5c43)cc2C(F)(F)F)CC1,0.018955351546173914
PEZPMAYDXJQYRV-UHFFFAOYSA-N,NCCNc1ccc(NCCN)c2c1C(=O)c1ccncc1C2=O,0.018260477778676433
MSWIQSFUBYCFJE-PGMHBOJBSA-N,CC(C)(C)CC(=O)Nc1c(F)cc(C(=O)/N=c2\sccn2COP(=O)(O)O)cc1F,0.09974244670011104
QSKVYHYMQQQAFS-JTQLQIEISA-N,O=C1N=C2SCCN2C(=O)[C@H]1Cc1ccc(Cl)cc1,0.026849715190473945
VLSMHEGGTFMBBZ-OOZYFLPDSA-N,C=C(C)[C@H]1CN[C@H](C(=O)O)[C@H]1CC(=O)O,0.0003895022409612814
RWZVMMQNDHPRQD-SFTDATJTSA-N,C=C1C[C@H]2C=Nc3cc(OCCCOc4cc5c(cc4OC)C(=O)N4CC(=C)C[C@H]4C=N5)c(OC)cc3C(=O)N2C1,0.0021318204002454878
OIRDTQYFTABQOQ-KQYNXXCUSA-N,Nc1ncnc2c1ncn2[C@@H]1O[C@H](CO)[C@@H](O)[C@H]1O,0.007186610158532858
ULRDYYKSPCRXAJ-KRWDZBQOSA-N,CC(C)S(=O)(=O)NC[C@H](C)c1ccc(-c2ccc(CCNS(C)(=O)=O)cc2)cc1,0.00023085613373154956
VFUXSYAXEKYYMB-UHFFFAOYSA-N,CCc1c(O)cc(O)c(C(=O)c2ccc(OCCN3CCOCC3)c(OC)c2)c1CC(=O)N(CCOC)CCOC,0.0007508048596719163
MGKYEWWFHSESJN-UHFFFAOYSA-N,CCOC(=O)c1ccc(N(C)c2csc(-c3ccccc3)n2)cc1,0.003865393939486239
RQCXKDWOCUJWQZ-UHFFFAOYSA-N,Nc1ncnc2nc(-c3ccc(N4CCOCC4)nc3)cc(-c3cccc(Br)c3)c12,0.0015739275524538244
LPXQRXLUHJKZIE-UHFFFAOYSA-N,Nc1nc2nn[nH]c2c(=O)[nH]1,0.009583047972409987
HLVVITIHAZBPKB-NSHDSACASA-N,Nc1c2c(nc3ccccc13)CCC[C@@H]2O,0.047654632851481436
OJYGBLRPYBAHRT-IPQSZEQASA-N,OC[C@@H](O)[C@H]1O[C@@H]2O[C@H](C(Cl)(Cl)Cl)O[C@@H]2[C@H]1O,0.01877598244464025
ROBVIMPUHSLWNV-ZDUSSCGKSA-N,CC[C@@]1(c2ccc(N)cc2)CCC(=O)NC1=O,0.0005922710636696138
UUOJIACWOAYWEZ-GOSISDBHSA-N,Cc1cc2c(OC[C@@H](CNC(C)(C)C)OC(=O)c3ccccc3)cccc2[nH]1,0.004006157763069495
OAKGNIRUXAZDQF-JDHGPBJTSA-N,C=CCNc1c(O)cc2c(O)c1C[C@@H](C)C[C@H](OC)[C@H](O)[C@@H](C)C=C(C)[C@H](OC(N)=O)[C@@H](OC)C=CC=C(C)C(=O)N2,0.03214240607339889
JFPVXVDWJQMJEE-QMTHXVAHSA-N,CON=C(C(=O)N[C@@H]1C(=O)N2C(C(=O)O)=C(COC(N)=O)CS[C@H]12)c1ccco1,0.265395188331604
HSTZMXCBWJGKHG-CUYWLFDKSA-N,OC[C@H]1O[C@@H](Oc2cc(O)cc(/C=C/c3ccc(O)cc3)c2)[C@H](O)[C@@H](O)[C@@H]1O,0.0004178969502390828
LTWQQWSXYYXVGA-UHFFFAOYSA-N,O=C(Nc1ccccc1C(=O)Nc1ccc(CCO)cc1)c1ccc([N+](=O)[O-])cc1,0.0008174420669092797
KTEIFNKAUNYNJU-LBPRGKRZSA-N,C[C@H](Oc1cc(-c2cnn(C3CCNCC3)c2)cnc1N)c1c(Cl)ccc(F)c1Cl,0.22682693228125572
ONBSHRSJOPSEGS-INIZCTEOSA-N,CS(=O)(=O)c1ccc(Oc2cc(F)cc(C#N)c2)c2c1[C@H](O)C(F)(F)C2,0.048580698552541435
BJSDNVVWJYDOLK-UHFFFAOYSA-N,COc1ccc2c(c1)c(CC(=O)N1CCOCC1)c(C)n2C(=O)c1ccc(Cl)cc1,0.00024625639357509497
CHFSOFHQIZKQCR-UHFFFAOYSA-N,O=c1[nH]c2cc(Cl)c(Cl)c([N+](=O)[O-])c2[nH]c1=O,0.11837963103316725
QTRXIFVSTWXRJJ-UHFFFAOYSA-N,Cn1c(=O)c2c(ncn2CC(=O)Nc2ccc(-c3ccccc3)nn2)n(C)c1=O,0.006937316810945049
DMZCCFMMPHJWQY-BKWLFHPQSA-N,CCN(CC)CCO[C@H]1CC[C@@]2(C)C(=CC[C@@H]3[C@@H]2CC[C@]2(C)C(=O)CC[C@@H]32)C1,7.660630436022442e-07
PMTSPAGBAFCORP-BZEWZVDJSA-N,CO[C@H]1[C@@H](O)[C@@H](C)O[C@@H](O[C@H]2CC[C@@]3(C=O)[C@H](CC[C@@H]4[C@@H]3CC[C@]3(C)[C@@H](C5=CC(=O)OC5)CC[C@]43O)C2)[C@@H]1O,6.857269212297012e-05
FFNWMBDISAYHDC-UHFFFAOYSA-N,CCN(CC)CCOC(=O)c1cc(Cl)c(N)cc1OC,0.0011745068070013077
PPRRDFIXUUSXRA-UHFFFAOYSA-N,O=c1[nH]c2ccccc2n1CCN1CCN(c2cccc(C(F)(F)F)c2)CC1,0.020551216311287136
NLVFBUXFDBBNBW-PBSUHMDJSA-N,NC[C@H]1O[C@H](O[C@H]2[C@H](O)[C@@H](O[C@H]3O[C@H](CO)[C@@H](O)[C@H](N)[C@H]3O)[C@H](N)C[C@@H]2N)[C@H](N)C[C@@H]1O,0.5762148201465607
YCNMAPLPQYQJFC-CYBMUJFWSA-N,COc1ccc2cc([C@@H](C)C(=O)Oc3ccc(C(N)=S)cc3)ccc2c1,0.0010918132138613146
MVHWZNBAQIGPOQ-UHFFFAOYSA-N,O=C(c1cccc(-c2nc3ccccc3[nH]2)n1)N1CCN(C(=O)c2cccc(-c3nc4ccccc4[nH]3)n2)CC1,0.010455231147352606
DWJXYEABWRJFSP-XOBRGWDASA-N,C[C@H](NC(=O)Cc1cc(F)cc(F)c1)C(=O)N[C@H](C(=O)OC(C)(C)C)c1ccccc1,0.04658164901193231
XQJWTJLJEYIUDZ-UHFFFAOYSA-N,O=C(Nc1ccc(CN2CCOCC2)cc1)c1ccc(-c2cccc(Cl)c2)o1,0.0005807513072795701
SKDVMPZQJMZEAC-SECBINFHSA-N,C[C@H](CS(C)(=O)=O)n1ccc2c(C(F)(F)F)c(C#N)ccc21,0.04438243325566873
DJEIHHYCDCTAAH-UHFFFAOYSA-N,COc1ccc(-c2noc(CC(=O)O)c2-c2ccc(OC)cc2)cc1,0.0004354312131908955
LDMWSLGGVTVJPG-UHFFFAOYSA-N,Cc1cc(-c2ccccc2)nnc1NCCN1CCOCC1,0.0017531117249745876
FTPHYXGWMIZVMP-YVSFHVDLSA-N,C=C1C(=O)O[C@@H]2C=C(C)C[C@H]3C=C(C[C@H](OC(=O)C(C)=CC)[C@@H]12)C(=O)O3,0.006303612524243362
SHCBCKBYTHZQGZ-CJPZEJHVSA-N,CC(C)=CCC[C@](C)(O)[C@H]1CC[C@]2(C)[C@@H]1[C@H](O)C[C@@H]1[C@@]3(C)CC[C@H](O)C(C)(C)[C@@H]3[C@@H](O)C[C@]12C,0.00013286875720490697
JAMULYFATHSZJM-UHFFFAOYSA-N,O=c1cc(N2CCOCC2)oc2c(-c3cccc4c3sc3ccccc34)cccc12,0.014965858415234835
CIKWKGFPFXJVGW-UHFFFAOYSA-N,CCOc1ccc2nc3cc(N)ccc3c(N)c2c1,0.00664971936494112
VXMYWVMXSWJFCV-UHFFFAOYSA-N,O=C1CCC(c2ccc(-n3ccnc3)cc2)=NN1,0.0004468398780772986
VYZAHLCBVHPDDF-UHFFFAOYSA-N,O=[N+]([O-])c1ccc(Cl)c([N+](=O)[O-])c1,0.13522498924285173
WIIZWVCIJKGZOK-RKDXNWHRSA-N,O=C(N[C@H](CO)[C@H](O)c1ccc([N+](=O)[O-])cc1)C(Cl)Cl,0.33337484747171403
CAOTVXGYTWCKQE-BRNYJPRKSA-N,O=C(NCc1ccncc1)[C@@]12C[C@H]3C[C@@H](C1)C[C@](c1ccc(Cl)cc1)(C3)C2,2.1301044532151538e-05
RWTNPBWLLIMQHL-LJAQVGFWSA-N,CC(C)(C(=O)O)c1ccc([C@@H](O)CCCN2CCC(C(O)(c3ccccc3)c3ccccc3)CC2)cc1,0.0028270424372749403
