key,input,sa_score
DHTOJANCPDVXGK-UHFFFAOYSA-N,NCCCCN1C(=O)N(CCCCN)C(=O)C(Cc2ccc(C(F)(F)F)cc2)(Cc2ccc(C(F)(F)F)cc2)C1=O,2.881341
WNPLITIXMFABAF-IFLJXUKPSA-N,CN(C)[C@@H]1C(=O)C(C(N)=O)=C(O)[C@@]2(O)C(O)=C3C(=O)c4c(O)cccc4[C@@](C)(O)[C@H]3[C@H](O)[C@@H]12.Cl,4.656149
BHTSMGGLFPERHN-UHFFFAOYSA-N,O=C(O)C(F)(F)F.OC(COc1ccc(Cl)cc1Cl)Cn1c(NCCCN2CCOCC2)nc2ccccc21,3.107416
BKONNPBZAYHNOV-VKHMYHEASA-N,O=C1CC[C@@H](C(F)(F)F)N1,3.292817
NWMCPTYKHJQJQL-UHFFFAOYSA-N,NC(=O)c1ccc(OCC(F)(F)C(F)F)nc1,2.528734
QGKATKGSGNBYES-UHFFFAOYSA-N,CCOC(=O)c1ccc(NS(=O)(=O)CC)cc1,1.731996
IFCWKMAMSJLFIX-UHFFFAOYSA-N,COc1ccc(CN(C)CC(N)=O)c(Br)c1OC,2.267472
QJCNOPYLQNMAOT-UHFFFAOYSA-N,CN1CCN(CCNC(=O)c2ccc(Cl)cc2Cl)CC1,1.830762
QXRVIBQTXXVBSB-UHFFFAOYSA-N,O=C(O)c1cn(C2CC2)c2cc(N3CCN(CCCn4cc(CNc5ccc([N+](=O)[O-])c6nonc56)nn4)CC3)c(F)cc2c1=O,3.248697
YCQNUOYFBNSHGJ-UHFFFAOYSA-N,COc1ccc(CNc2ccncc2F)cc1C#N,2.175162
FOMIQKZKACPRQP-UHFFFAOYSA-N,COCCC(NC(=O)NCc1ccccn1)C(C)(C)C,2.772683
SYXAGRJDGYYJIC-UHFFFAOYSA-N,CN(C)S(=O)(=O)CCCN1CCCC(CO)C1,2.812447
NCDMBKAOLJZLKO-NXEZZACHSA-N,CN(CC(=O)O)NC(=O)C[C@H](N)C[C@@H](O)CNCCCO,3.693262
UMHXJEJQKVEFSG-UHFFFAOYSA-N,CCOC(=O)Cc1csc(NC(=O)c2ccccn2)n1,2.046215
QUHARGDBJJUOEB-UHFFFAOYSA-N,CCc1cc(O)c(Oc2ccc(C(N)=O)cc2F)cc1F,2.205435
SVWCWICWUCWFRE-CABCVRRESA-N,N[C@H]1CN(C(=O)COCc2ccccc2)C[C@@H]1C1CC1,2.961375
CSKKIWCKDPLSDW-UHFFFAOYSA-N,Nc1c2c(nc3c1C(c1ccc(O)cc1)c1c(ccc4ccccc14)O3)CCCC2,3.09558
LCZRAJVEULBTGF-UHFFFAOYSA-L,CCCCCCCC[P+](CCCCCCCC)(CCCCCCCC)CCCCCC[P+](CCCCCCCC)(CCCCCCCC)CCCCCCCC.[Br-].[Br-],2.845604
NYTCDGYORSKIIM-UHFFFAOYSA-N,Cc1ccc(NC(=O)Cn2nc3c(Oc4ccccc4)nccn3c2=O)c(Br)c1,2.383358
ZKGLYRLJSKKFIE-RDRPBHBLSA-N,COC(=O)CO/N=C(\CN1CCN(c2c(F)cc3c(=O)c(C(=O)O)cn(C4CC4)c3c2Cl)CC1)c1nccs1,3.225788
RQBGYSVDQJORBB-UHFFFAOYSA-N,NC(=O)C1CN(CCCc2ccccc2)CCO1,2.434195
BFDOHMPLAGMCCI-KOEQRZSOSA-N,CCn1cc(C(=O)O)c(=O)c2cc(F)c(N3CCN(C/C(=N\OC)c4nccs4)CC3)cc21,2.971437
PXLFIPZYSXZASY-UHFFFAOYSA-N,Cc1cccc(C(=O)N2CCN(S(N)(=O)=O)CC2)c1,1.911029
WXLRBJMJBRMMMM-WSVATBPTSA-N,O/N=C(\c1nnc(C(F)(F)F)s1)c1nc2ccccc2s1,2.981216
SINSWHPDTBKQCH-UHFFFAOYSA-N,CC(C)(CN)C1(O)CCCOC1,3.895514
SFMWVYCGUMXQOC-UHFFFAOYSA-N,Cc1cc(C)cc(NC(=O)CCN2CCN(C)CC2)c1,1.857802
JGBARFXCGOEYSH-UHFFFAOYSA-N,Cc1cc(C(=O)Nc2ccc(C(N)=O)cc2)no1,1.822232
XPLQJYROLBKJQW-UHFFFAOYSA-N,O=C(O)c1cn(C2CC2)c2cc(Br)c(F)cc2c1=O,2.330294
FDSZXVUWSDGXNS-ZXVVBBHZSA-N,C=CCO/N=C(\CN1CCN(c2cc3c(cc2F)c(=O)c(C(=O)O)cn3CC)CC1)c1nccs1,3.125243
QWMRGLNPHRCQPX-UHFFFAOYSA-N,CCn1ccc(CN2CCCC3(CCOCC3)C2)n1,3.138573
RQCFRYUBXHXUOP-UHFFFAOYSA-N,COc1ccc2cc(C3C4=C(CC(C)(C)CC4=O)Oc4nc5c(c(N)c43)CCCCC5)c(Cl)nc2c1,3.568729
YAFOOADZRSKBJL-VFCFBJKWSA-N,C=CCO/N=C(\CN1CCN(c2cc3c(cc2F)c(=O)c(C(=O)O)cn3C2CC2)CC1)c1nccs1,3.162834
OSKUFVWHNUVFJR-UHFFFAOYSA-N,Cc1ccc2c(c1)CC(=O)N2C,2.022507
KMKTZMSHPRWKSW-HPTJLLMFSA-N,C[C@@H](O)[C@H](NC1CCc2cc(C#Cc3ccc(CN4CCOCC4)cc3)ccc21)C(=O)NO,3.624892
ABWSUFBWCGBNHO-NDZAJKAJSA-N,CC(C)(C)O/N=C(\CN1CCN(c2c(F)cc3c(=O)c(C(=O)O)cn(C4CC4)c3c2Cl)CC1)c1nccs1,3.253388
JOJORWDXBMTYPI-UHFFFAOYSA-N,O=C(c1ccoc1)N1CCC(NC2CCSCC2)CC1,2.621217
PJIUHKYBPMWXEK-KNVOCYPGSA-N,Nc1nc(-n2cc(C(=O)O)c(=O)c3cc(F)c([C@H]4C[C@@H](O)C4)c(Cl)c32)c(F)cc1F,3.131907
RRMXMQZXAPVOIW-UHFFFAOYSA-N,CCCc1nnc(N2CCC3(CC2)OCC(C)O3)s1,3.777577
XYZHNSSKLGNTAC-UHFFFAOYSA-N,CCCNC(=O)c1onc(C)c1Cl,2.356801
ZQBIIWYWUVNBKU-UHFFFAOYSA-N,CCc1ccc(N(Cc2ccc(C)cc2)S(=O)(=O)c2cccn3c(C)nnc23)cc1,2.3814
CPDDZSSEAVLMRY-FEQFWAPWSA-N,CCCCCNC(=N)N/N=C/c1c[nH]c2ccc(OC)cc12.O=C(O)/C=C\C(=O)O,2.862812
JEKOQMJNSRLMIE-NIFMGCQOSA-N,CC(C)[C@@H]1CC[C@@H](C)C[C@H]1OC(=O)NCCn1cc(CCCCCc2c[nH]c(N)n2)nn1.Cl,4.121131
IINXNTXMSWMIMR-UHFFFAOYSA-N,O=C1C(Cl)=C(O)C2(Cl)C(Cl)=C(Cl)C12Cl,4.578394
QPWPQPPZGGTHOO-UHFFFAOYSA-N,CSCCC(O)C(=O)N(C)Cc1ccncc1C,3.074158
VAGQTPAPKWZZHK-UHFFFAOYSA-N,N#CCSCC(=O)NCc1ccc(Cl)s1,2.504569
OOBLYJMPLQXUKM-UHFFFAOYSA-L,CCCCCCCC[P+](CCCCCCCC)(CCCCCCCC)CCCCCCCCCC[P+](CCCCCCCC)(CCCCCCCC)CCCCCCCC.[Br-].[Br-],2.887707
YVVWEULDWBKIBD-UHFFFAOYSA-N,COc1ccc(CN2CCC(N)C2=O)c(OC)c1,2.572173
IPEHBEGTVNYMPV-UHFFFAOYSA-N,COC(=O)CC1NCCNC1=O,3.052081
GWMAIQBTKTUIJP-UHFFFAOYSA-N,CN(C(=O)c1ccc(C#N)cn1)c1ncccc1Br,2.551211
WMUJBDDWLBTRDE-UHFFFAOYSA-N,CCn1ccnc1CN(C)CC(=O)N(C)C,2.394365
XERQUJXASYXASQ-UHFFFAOYSA-N,CC(=O)N1CCN(CC(=O)NCc2cccs2)CC1,1.939639
CVEFQQHJEIIIJW-UHFFFAOYSA-N,CCOC(=O)c1cn(CC2CC2)c2c(ccc3c2nnn3C)c1=O,2.654726
LJUFWUIUVLJYDF-UHFFFAOYSA-N,CC(=O)C1CN(C(=O)OC(C)(C)C)CCO1,2.827085
QVCOCGNCCSFLHZ-UHFFFAOYSA-N,CCc1nc(C)ccc1OCCCS(C)(=O)=O,2.267393
MUUDYSFWQUSAOO-UHFFFAOYSA-N,CC(C)=CCc1c(O)cc2oc(-c3ccc(O)cc3O)c(CC=C(C)C)c(=O)c2c1O,3.134405
NTANXVXDDJMWSI-UHFFFAOYSA-N,CC(C)C(C(=O)N1CCNC(=O)C1)c1ccc(Cl)cc1,2.775193
VGOVVJRVKIMXAH-SFHVURJKSA-N,NC[C@H](Oc1noc2ncc(-c3ccccc3Cl)cc12)c1ccccc1,2.968773
GJUBSQDKZYDULJ-UHFFFAOYSA-N,CSCc1noc(CN(C)Cc2cc(C)on2)n1,2.718334
ADOFWGXPOGRPBS-UHFFFAOYSA-N,CNCc1c(C)cc(C)nc1OC,2.271627
RVRWJOHSZVEGJH-UHFFFAOYSA-N,CCc1ccc(CN2CC(N3CCOCC3)C2)o1,2.39917
GTTMIZDMKNPAJM-WDEREUQCSA-N,Cc1nn(C)c(C)c1S(=O)(=O)N[C@@H]1C=C[C@H](CO)C1,3.767142
XGQNUIKLWGEDJT-UHFFFAOYSA-N,C=Cc1ccc(CN(c2cccc(Cl)c2)S(=O)(=O)c2cccn3c(C)nnc23)cc1,2.57961
KQOXLKOJHVFTRN-UHFFFAOYSA-N,Cc1cc(CCCOc2c(C)cc(-c3noc(C(F)(F)F)n3)cc2C)on1,2.709584
ORZKSQSEDNKPGF-UHFFFAOYSA-N,CCOCC1CCN(C(=O)NCCC2=CCOCC2)C1,3.217427
YTUGQJYIJAAQMR-UHFFFAOYSA-N,CN1CC(=O)Nc2cccnc21,2.522673
COMFMRLAYLUJAZ-AWNIVKPZSA-N,O=C1/C(=C\c2cccnc2)Oc2cc(O)ccc21,2.309775
QDXGSUIEZOMATK-UHFFFAOYSA-N,COCC1(S(=O)(=O)NCc2ccnc(OC)c2)CC1,2.860827
HZGMREAEUJIBPW-UHFFFAOYSA-N,CCc1nsc(N2CCN(CCC(=O)NC)CC2)n1,2.422862
IPPRDEWKIAKMHS-UHFFFAOYSA-N,O=C(Cn1cnc2sccc2c1=O)NCC(F)(F)F,2.402133
WZXORWNWRBHHHL-UHFFFAOYSA-N,COc1cc(OC)c(NC(=O)Cn2nc3c(Oc4ccc(C)cc4)nccn3c2=O)cc1Cl,2.485194
RWUCPSGBANJUPW-UHFFFAOYSA-N,COc1ccccc1NC(=O)c1c(Br)cnn1C,1.998524
RQVCMWLVMQFNNP-UHFFFAOYSA-N,Cc1oc(NC(=O)CSc2cnn[nH]2)c(C#N)c1C,3.411078
WONLKTGALONBHO-UHFFFAOYSA-N,CN(C)c1ccccc1CN1CCCCC1CC(N)=O,2.658759
IWUWRIODPMJYHW-UHFFFAOYSA-N,COc1cccc(-n2ccn3c(SCC(=O)c4ccc(C)cc4)nnc3c2=O)c1,2.340864
NCFHOGNSMHEQMI-UHFFFAOYSA-N,O=c1c2ccccc2cnn1CN1CCCC1,2.002098
LIMCETCKGOYBGP-OBLCOIILSA-N,NC[C@@H]1O[C@H](O[C@H]2[C@@H](O)[C@H](O[C@@H]3[C@@H](O)[C@H](N)C[C@H](N)[C@H]3O[C@H]3O[C@H]4[C@@H](OCCC[C@H]4O)[C@H](O)[C@H]3N)O[C@@H]2CO)[C@H](N)[C@@H](O)[C@@H]1O,5.757806
SFUPEERYCFGQAC-UQRQXUALSA-N,CCn1cc(C(=O)O)c(=O)c2cc(F)c(N3CCN(C/C(=N\OCc4ccccc4)c4nccs4)CC3)cc21,2.953695
BAFZEQIGSGWTCJ-UHFFFAOYSA-N,COc1ccc(C(=O)CSc2nnc3c(=O)n(-c4ccccc4)ccn23)cc1OC,2.332154
XAOAYKBMXLDZNF-UHFFFAOYSA-N,CC(C)c1noc(CC2CCNCC2)n1,2.56676
GAUAMQSHBARGFU-IVQLTOCRSA-N,CN(C)Cc1ccc2c(F)c3c(c(O)c2c1)C(=O)C1=C(O)[C@]2(O)C(=O)C(C(N)=O)=C(O)[C@@H](N(C)C)[C@@H]2C[C@@H]1C3,4.486766
RMXXISWNSRPUDO-UHFFFAOYSA-N,[N-]=[N+]=NCCCN1CCN(c2cc3c(cc2F)c(=O)c(C(=O)O)cn3C2CC2)CC1,2.762594
IBBLRJGOOANPTQ-JKVLGAQCSA-N,CCOC(=O)[C@H](CCc1ccccc1)N[C@@H](C)C(=O)N1Cc2ccccc2C[C@H]1C(=O)O.Cl,3.308975
XYVCHGHVPWGBKW-OLZOCXBDSA-N,CO[C@H]1CN(C(=O)CCc2cccnc2)CC[C@H]1N,2.997119
AYNCPVRIVKIARH-UHFFFAOYSA-N,C#CCNc1[nH]c2ccc(O)cc2c1C#N,3.077265
RKTHUEDHQZHMLF-UHFFFAOYSA-N,Cc1cc(O)c2cc(C(=O)c3ccccc3)ccc2n1,1.957478
ZPRBZQVYKAJCNW-UHFFFAOYSA-N,O=C(c1ccc(Cn2cccn2)cc1)N1CCC1,1.792522
XNNBZPHERLIMML-QGOAFFKASA-N,COc1ccc(-n2cc(COc3cccc(-n4c(/C=C/c5ccc(C#N)cc5)nc5ccccc5c4=O)c3)nn2)cc1,2.701357
WHWWBTYGODSLCL-UHFFFAOYSA-N,Cc1cc(C)cc(S(=O)(=O)NCCCc2c[nH]c(N)n2)c1.Cl,2.85231
NAWUYNCBKDPGRE-UHFFFAOYSA-N,O=C1SC(SCc2ccccc2)=NC1=Cc1ccc2c(c1)OCO2,2.475921
REQKISFNCOUBOF-UHFFFAOYSA-N,CC(C)C(=O)N1CCC(NC(=O)c2ccncc2)CC1,1.979665
IEIBRCPLBPNWSZ-ZTKZIYFRSA-N,CC(C)(C)O/N=C(\CN1CCN(c2cc3c(cc2F)c(=O)c(C(=O)O)cn3C2CC2)CC1)c1nccs1,3.146118
QSATUGXWSZHUKE-UHFFFAOYSA-L,CCCCCCCC[P+](CCCCCCCC)(CCCCCCCC)CCCCCC[P+](CCCCCC)(CCCCCC)CCCCCC.[Br-].[Br-],2.809322
ZYSKBWRPXABPCJ-UHFFFAOYSA-N,O=c1cc(CCl)oc(CN2CCN(C(c3ccccc3)c3ccc(Cl)cc3)CC2)c1O,2.942995
UCGLMKOLJZYTKT-UHFFFAOYSA-N,CCn1cc(C(=O)O)c(=O)c2cc(F)c(N3CCN(CC(=O)c4nccs4)CC3)cc21,2.718091
GTWGSBRNUWWYRK-UHFFFAOYSA-N,O=C(O)c1cccc(NC(=O)c2ccc(Sc3ccc(Cl)c(Cl)c3)c([N+](=O)[O-])c2)c1,2.170331
RTWSGPWKVFKPAM-UHFFFAOYSA-N,CC(C)NCc1cc2cc3c(cc2n1C)OCCc1c-3[nH]c(=O)c(C(=O)O)c1O,3.023918
SDAXYCVHIFEVCL-TURZUDJPSA-N,CCn1cc(C(=O)O)c(=O)c2cc(F)c(N3CCN(C/C(=N\OC(C)(C)C)c4nccs4)CC3)cc21,3.106919
AHFCLLKNPXXHOX-UHFFFAOYSA-N,COc1ccnc(N2CCN(S(C)(=O)=O)CC2)n1,2.219318
AGIGBXGHXHBPNH-UHFFFAOYSA-N,CCSc1ccc(C(=O)NCCc2nnc[nH]2)cn1,2.829946
JXUMGGALOPPZQA-UHFFFAOYSA-N,Cc1cc(Br)cc(C(=O)NCc2nccc(N)n2)c1,2.356231
GRSNPHJETKIVDS-UHFFFAOYSA-N,Cn1c(CO)cc2cc(OCCCC3CCN(Cc4ccccc4)CC3)ccc21,2.294225
PACJCVGQWPAPTF-UHFFFAOYSA-N,CS(=O)(=O)NCCNC(=O)C1CCN(S(C)(=O)=O)CC1,2.183722
IDQQHEKDQLCBBF-ONWFTIQSSA-N,CC(C)(O/N=C(\C(=O)N[C@@H]1C(=O)N(S(=O)(=O)O)[C@@H]1CNC(=O)NCc1cc(=O)c(O)cn1O)c1csc(N)n1)C(=O)NO,4.539087
KMGHISOJNBOPBV-UHFFFAOYSA-N,CC(C)c1nc(CN2CCn3ccnc3C2)no1,2.737765
FIJXPQJCJJGWES-UHFFFAOYSA-N,CCOC(=O)c1cc(CC)n(CCC#N)n1,2.595916
CUPIQTNUWWJZMH-UHFFFAOYSA-N,C=Cc1ccc(CN(c2ccc(F)cc2)S(=O)(=O)c2ccc3nnc(C)n3c2)cc1,2.507947
WRWVHCGTGXOLCC-UHFFFAOYSA-N,COCC(C)NC(=O)CSc1ccc(C(C)=O)cc1F,2.567903
YWDIRGBBIQJSNN-UHFFFAOYSA-N,CCN1CCCN(C(=O)c2cnc3ccccn23)CC1,2.22285
RTCFDZGARDYMHF-JLHYYAGUSA-N,NC(=O)c1cccc(-n2c(/C=C/c3ccc(F)cc3)nc3ccccc3c2=O)c1,2.171195
YRYSCRGZZHWORD-UHFFFAOYSA-N,CN(C)c1cc(CNC(=O)c2cncc(Br)c2)ccn1,2.237179
XZTRILVICKHDAS-MTDXEUNCSA-N,CCO/N=C(\CN1CCN(c2c(F)cc3c(=O)c(C(=O)O)cn(C4CC4)c3c2Cl)CC1)c1nccs1,3.168479
KATOAYKIOSIOHQ-UHFFFAOYSA-N,CCn1ccc(CN2CCCN(S(C)(=O)=O)CC2)n1,2.30953
FITQUUUWEHCOJD-UHFFFAOYSA-N,COc1ccc2ncc(S(C)(=O)=O)c(CCC34CCC(NCc5ccc6c(n5)NC(=O)CO6)(CC3)CO4)c2n1,4.319927
LXKIACCCQXWFGL-UHFFFAOYSA-N,CCN1CCCN(C(=O)Nc2ccccc2)CC1,1.634306
JVRKEEISERMAPV-UHFFFAOYSA-N,O=C(CCn1ccccc1=O)NCc1ccco1,2.053072
TVFHWVYNIXKDIU-KBMIEXCESA-N,CC(C)(O/N=C(\C(=O)N[C@@H]1C(=O)N2C(C(=O)[O-])=C(C[N+]3(C)CCN(C(=O)c4ccc(O)c(O)c4Cl)CC3)CS[C@H]12)c1csc(N)n1)C(=O)O,4.675951
ZRCVYEYHRGVLOC-HYARGMPZSA-N,CO/N=C1\CN(c2nc3c(cc2F)c(=O)c(C(=O)O)cn3C2CC2)CC1CN,3.556039
WSEZUTKGVGMIPL-UHFFFAOYSA-N,CC(C)NC(=O)Nc1cccc(Cl)c1,1.57844
GIICLPRKARRCTF-UHFFFAOYSA-N,O=C(O)c1ccc(S(=O)(=O)Nc2ccc(-c3nc4cc(NS(=O)(=O)c5ccc(C(=O)O)cc5)ccc4o3)cc2)cc1,2.389226
XGBHYWKRLBPQIB-UHFFFAOYSA-N,ClC(Cl)(Cl)C1=Nc2c(nnn2Cc2ccccc2)CN1,3.218775
COEWSDOBJWIGJN-UHFFFAOYSA-N,CCCC(=O)N1CCN(C(=O)NCC)CC1,1.898573
HHHWRCNBDNZMPN-UHFFFAOYSA-N,N#Cc1ccc(-c2nnc3cncc(OCC(O)c4ccc(F)c(F)c4)n23)cc1,3.247853
FMHQFQZTQJURFZ-UHFFFAOYSA-N,Cc1ccc2nc(COC(=O)C3CCC3)cc(=O)n2c1,2.241976
HRRBJVNMSRJFHQ-UHFFFAOYSA-N,COc1ccccc1N1CCN(CC(O)COc2cccc3ccccc23)CC1,2.417421
LQFIBUHFAIVIDJ-UHFFFAOYSA-N,Cc1ccc(C(=O)CSc2nnc3c(=O)n(-c4ccc(F)cc4)ccn23)c(C)c1,2.429141
XYIQKNNUYINGRH-UHFFFAOYSA-N,Cc1cc(NC(=O)NC2CCN(C3CC3)CC2)n(C)n1,2.312099
LHZGVMXMNOLOAZ-UHFFFAOYSA-N,CNC(=O)NC(=O)CCN1CCCC(C)C1,2.526632
BHLVXROEDAXDTF-UHFFFAOYSA-N,Cc1nnc2c(SCC(=O)N3CCN(c4ccccc4F)CC3)nc3ccccc3n12,2.422793
HKEJNATYDZLNIG-UHFFFAOYSA-N,Cc1cccc(C)c1C(=O)Nc1nc(-c2ccccn2)cc2ccccc12,2.165071
IROQJQZPCHLAOD-ARLHGKGLSA-N,CCC1CCCCN1C(=O)CN1CCCC[C@@H]1CO,2.923545
GJQKLOOMOWVREN-PHIMTYICSA-N,CCn1c(CN(C)CCSC)nnc1[C@H]1C[C@@H](N)C1,2.943826
CFXMNOGJHZLCEP-UHFFFAOYSA-N,CNCC(=O)N1CCCC(OCc2ccccn2)C1,2.714158
LJPYWSCUFOFCOO-UHFFFAOYSA-L,CCCCCC[P+](CCCCCC)(CCCCCC)CCCCCCCCCC[P+](CCCCCC)(CCCCCC)CCCCCC.[Cl-].[Cl-],2.805882
MCJXNYBLUQCCRI-UHFFFAOYSA-N,CCN(CC)CC(=O)NCc1cc(O)nc(C)n1,2.505367
SUUKBENANJNUML-ZETCQYMHSA-N,CNC(=O)[C@H](C)NS(=O)(=O)c1ccccc1F,2.393957
HQHWFUZSYQGNCW-IHMPYVIRSA-N,Nc1nc(/C(=N/OCc2cc(=O)c(O)cn2O)C(=O)N[C@@H]2C(=O)N3C(C(=O)O)=C(Cl)CS[C@H]23)cs1,4.249715
ZSUZJBBHPTXKIV-SFHVURJKSA-N,CCCCCCc1c(O)ccc2c1O[C@]1(C2=O)C(Cl)=C(Cl)C(=O)N1C,3.994597
MKHSELZHHFTUDD-XJPHPOFDSA-N,Cl.Cl.Cl.Cl.Cl.NC[C@H]1O[C@H](O[C@H]2[C@H](OCCCCCCCCCCCCN3CCN(c4cc5c(cc4F)c(=O)c(C(=O)O)cn5C4CC4)CC3)[C@@H](O)[C@H](N)C[C@@H]2N)[C@H](N)C[C@@H]1O,5.401695
RVNSHYPVWJSNGQ-UHFFFAOYSA-N,NC(=O)c1cc(-c2ccccc2)nc2c1cnn2Cc1ccncc1,2.149705
ODUAJADARXECIR-GZZLJNBRSA-N,O=C(O)c1cn(C2CC2)c2c(Cl)c(N3CCN(C/C(=N\OCc4ccccc4)c4nccs4)CC3)c(F)cc2c1=O,3.103564
KXJBOXQDWSLHPN-UHFFFAOYSA-N,NS(=O)(=O)c1ccc(CNC(=O)NCC(F)(F)F)cc1,2.033014
IUXGIZBYBCQVPB-WNMGUVTHSA-N,O=C1COc2ccc(CNC34CCC(C[C@]5(O)Cn6c(=O)ccc7nc(Cl)c(F)c5c76)(CC3)OC4)nc2N1,5.03005
XJGRKLMNBUZKJE-UHFFFAOYSA-N,Cc1ccccc1NC(=O)NCCN1CC1,1.566579
PKLHHIKWRAZZSC-UONOGXRCSA-N,CO[C@@H]1CN[C@@H](C(=O)NCCCc2cccc(F)c2)C1,2.928142
BGJZMEVWNBQBFN-UHFFFAOYSA-N,O=C(C1CC=CC1)N(CCCO)Cc1ccccn1,2.494227
MWUXWZJZHPKQHB-NWDGAFQWSA-N,COCCc1noc([C@@H]2CN(CC(C)C)C[C@H]2CO)n1,3.508018
AYUIGKPBXQKYAL-UHFFFAOYSA-N,Cc1nonc1NC(=O)COc1ccc(Cl)cc1,2.053325
HUMQVESBHAREIH-UHFFFAOYSA-N,Cc1ccc(S(=O)(=O)N(C)C)cc1[N+](=O)[O-],1.914252
IIGAKQSBFCYMNX-UHFFFAOYSA-N,CC1CN(C)CCN1CC(=O)NCc1cccs1,2.681672
RRFURBBVXAHVLT-UHFFFAOYSA-N,O=C(CCN1CCCC(O)C1)N1CCc2ccccc21,2.537545
DBIOHLKKPBNWTR-UHFFFAOYSA-N,CC(C)N(C)C(=O)CN1CC(Oc2ccc(F)cc2)C1,2.165534
TZXKOCQBRNJULO-UHFFFAOYSA-N,Cc1c(O)c(=O)ccn1C,2.589524
XGLGKGWYMZJXEW-UHFFFAOYSA-N,Cn1c([N+](=O)[O-])cnc1C(=O)NCc1ccccn1.O=C(O)C(F)(F)F,2.693286
ZNGCVWHFZVQSAN-UHFFFAOYSA-N,CC(C)n1nccc1NC(=O)CN(C)Cc1ccco1,2.353598
DMSBORZSAQJOHC-XNTDXEJSSA-N,Cc1ccc(/C=C/C(=O)c2ccc(Nc3nc4ccccc4o3)cc2)cc1,2.089294
WFZOYMKMYICLNQ-UHDJGPCESA-N,Cn1cc(NC(=O)c2cc(NC(=O)c3ccc(/C=C/c4cccc(F)c4)cc3)cn2C)cc1C(=O)NCCN1CCOCC1.O=C(O)C(F)(F)F,3.076746
QHQYNTADFBCBSQ-VUTHCHCSSA-N,C=CCO/N=C(\CN1CCN(c2c(F)cc3c(=O)c(C(=O)O)cn(C4CC4)c3c2Cl)CC1)c1nccs1,3.269693
KDHWCFCNNGUJCP-UHFFFAOYSA-N,c1ccc(-c2cn3ccccc3n2)cc1,1.778976
BZTUPSZYWLCOIE-OCOZRVBESA-N,Clc1ccc(/N=N/c2c(-c3ccc(Br)cc3)[nH]c3ccccc23)cc1,2.385306
FHZUDPYLYJXKKA-UHFFFAOYSA-N,CC(=O)Nc1cnn(CC2CCCO2)c1,2.680002
DMBZXIJNZTZQRM-UHFFFAOYSA-N,COc1ccc(OCC(=O)NCCN2CCCC2)cc1,1.652293
LWQTTWNVYONJET-XNTDXEJSSA-N,CC(C)(C)c1ccc(-n2c(/C=C/c3ccc(C#N)cc3)nc3ncccc3c2=O)cc1,2.503671
QGQWLLJXBWBUFH-UHFFFAOYSA-N,Cc1ccc(C(=O)N(C)CCCS(C)(=O)=O)cc1,1.910989
BCPZEQVOMLNEQQ-UHFFFAOYSA-N,CC(C)CCc1sc(NC(=O)c2cc(NC(=O)c3cc(NC(=O)c4ccc(C(=O)O)cc4)cn3C)cn2C)nc1C(=O)NCCCN(C)C.O=C(O)C(F)(F)F,3.385198
KGCQHVSLGQDDGN-UHFFFAOYSA-N,c1cncc(CCNCc2cccc3c2OCCO3)c1,2.143573
YRBPUSAZSOXBMT-UHFFFAOYSA-N,O=C(Nc1ccc(Oc2ccc3ccccc3c2Cl)c(Cl)c1)c1cc(I)cc(I)c1O,2.447249
DDWSGKGXDJNGKU-UHFFFAOYSA-N,COc1ccccc1OCCCCn1c(C2CC2)nc2ccccc21,1.938794
PJHYWQHGIKTOMR-MDWZMJQESA-N,N#C/C(=C\c1cccnc1)c1ccc(Br)cc1,2.125658
TZMPIXOXQFETMX-NWDGAFQWSA-N,Cc1c[nH]c(C(=O)N2C[C@@H](N(C)C)[C@H](C(C)C)C2)n1,4.029467
NYPUKAKQYXPRFQ-AZKFDTLVSA-N,COc1c(N2C[C@@H]3CCCN(CCCCCCCCCCCCO[C@@H]4[C@@H](O)[C@H](N)C[C@H](N)[C@H]4O[C@H]4O[C@H](CN)[C@@H](O)C[C@H]4N)[C@@H]3C2)c(F)cc2c(=O)c(C(=O)O)cn(C3CC3)c12.Cl.Cl.Cl.Cl.Cl,5.822917
LJBQUEFIEOBTIK-UHFFFAOYSA-N,COC(=O)Cn1c(=O)oc2ccccc21,1.952939
ZTZQRFWRKSMYNK-UHFFFAOYSA-N,Cc1c[nH]c(C(=O)NC(c2nccn2C)C2CC2)n1,3.610817
VTANFANGXKBCIX-UHFFFAOYSA-N,COCCN(C)C(=O)Nc1ncc(C)s1,2.360607
MMAKATGSYRJQPM-UHFFFAOYSA-N,Cc1cc(CCOc2c(C)cc(-c3nnn(C)n3)cc2C)on1,2.670069
FZJGVZYEGOMSMG-UHFFFAOYSA-N,O=C(O)c1cn(C2CC2)c2cc(-n3cc(CNc4ccc(F)cc4)nn3)c(F)cc2c1=O,2.632623
ABVHXARIFZXXGQ-UHFFFAOYSA-N,Cc1cccc2nc(C(=O)NC(C)C)cn12,2.207776
CEXJARFEUSTNJW-UHFFFAOYSA-N,CCN(CC1CCOC1)C(=O)CN(C)S(C)(=O)=O,2.971628
JHOMCQALRKZDFZ-UHFFFAOYSA-N,CC1=CC(=O)C(C(C)(C)CC(=O)O)=C(C)C1=O,2.893981
UVBMHOYDDNJIIL-UHFFFAOYSA-N,O=C(Cn1nc2nc(Nc3ccc(F)cc3)ccn2c1=O)N1CCCC1,2.45081
BPTCCCTWWAUJRK-UHFFFAOYSA-N,Clc1[nH]cnc2nccc1-2,3.005643
NWVPRCCGEJGFLF-UHFFFAOYSA-N,CCc1cc(O)nc(N2NC(C)=CC2NC(=O)c2ccccc2Cl)n1,3.496962
WTJXVDPDEQKTCV-VQAITOIOSA-N,CN(C)c1ccc(O)c2c1C[C@H]1C[C@H]3[C@H](N(C)C)C(=O)C(C(N)=O)=C(O)[C@@]3(O)C(=O)C1=C2O.Cl,4.178361
FTILWFNDSQHZBI-UHFFFAOYSA-N,Cn1cc(CCN)nn1,2.682776
PFIREKGUTIKHLJ-UHFFFAOYSA-N,Cc1cc(C(=O)NCc2cccnc2OC(C)C)on1,2.291387
PLRUFMILEHPVPP-UHFFFAOYSA-N,NS(=O)(=O)c1ccc(O)c(F)c1,1.939589
KDOZRXVAUNLEMJ-UHFFFAOYSA-N,O=[As](O)(c1ccccc1)c1ccc(O)cc1,3.291661
FBBUQWSLWDCMEZ-DTORHVGOSA-N,O[C@H]1C[C@@H](c2cc(NCCn3cnnn3)ncn2)C1,2.978817
SLMUOIAJMUXIDH-UHFFFAOYSA-N,O=C(NCc1[nH]ncc1Br)Nc1nc2c(s1)COCC2,3.085663
FRVJREYUKOVUTK-UHFFFAOYSA-N,Cc1cccc(S(=O)(=O)NC2CCCNC2)c1C#N,2.889519
GUXHBMASAHGULD-UHFFFAOYSA-N,CN(C)C1C(=O)C(C(N)=O)=C(O)C2(O)C(=O)C3=C(O)c4c(O)ccc(Cl)c4C(O)C3CC12,4.314088
ZHLAKLNFEZYKHL-UHFFFAOYSA-N,Nc1nc(-n2cc(C(=O)O)c(=O)c3cc(F)c(N4CC(N)C4)c(Cl)c32)c(F)cc1F,3.008599
KGMKMLXLRSNIOD-UHFFFAOYSA-N,Cc1ccc(Cl)cc1NC(=O)CSc1nnc2ccc(C(=O)Nc3cccc(F)c3)cn12,2.244684
PWDVHFZKZRVQRP-UHFFFAOYSA-N,Cc1ccc(C(=O)NC2CCN(C(C)C)CC2)o1,2.08136
XIWGHFVNVHQILU-UHFFFAOYSA-N,COc1cc(NC(=O)Cn2nc3c(Sc4cccc(F)c4)nccn3c2=O)cc(OC)c1,2.584064
BLIZWHHBCHRGQU-RPHKQJLFSA-N,CC[C@H]1OC(=O)[C@H](C)[C@@H](OC(=O)Cc2ccccn2)[C@H](C)[C@@H](O[C@@H]2O[C@H](C)C[C@H](N(C)C)[C@H]2O)[C@](C)(OC(=O)CCNCCCNc2cc3c(=O)c(C(=O)O)cn(C4CC4)c3cc2Cl)C[C@@H](C)CN(C)[C@H](C)[C@@H](O)[C@]1(C)O,6.621931
CBXDTOMJRUPCFY-UHFFFAOYSA-N,CSCCC1(C)NCCc2[nH]cnc21,4.001667
URHXQSTYLJNJMT-YFKPBYRVSA-N,CNC(=O)[C@@H]1CCCN1,2.788902
QZUQFBFSCWAFFB-UHFFFAOYSA-N,Cc1ccc(C)c(NC(=O)Cn2nc3ccc(-c4ccc(C)c(C)c4)nn3c2=O)c1,2.324855
RQYZWLKAHFIOAO-UHFFFAOYSA-N,CCOC1CCN(C(=O)C(O)c2ccc(F)cc2)CC1,2.566514
FUAXPOPUJCTYQX-UHFFFAOYSA-N,Cc1ncccc1CN1CCCCC1(C)C(N)=O,3.005367
KSHIXLDQEGUWCW-HRNDJLQDSA-M,C[n+]1cccc(C(=O)/C=C/c2ccc3ccc(C(F)(F)F)cc3n2)c1.[I-],2.859681
MZFILKOHQHVLSO-UHFFFAOYSA-N,Clc1cnc(C2CCNCC2)nc1,2.523262
FBCAMKKSSNNCKU-UHFFFAOYSA-N,COc1ccc2ncc(F)c(CCC34CCC(NCc5nc6c(c(C)c5C)OCC(=O)N6)(CC3)CO4)c2n1,4.421213
NPLXCLIJTPVZEB-UHFFFAOYSA-N,NCc1ccn(-c2ccc(F)cc2)n1,2.043564
SFSSNMNEQKEAPW-UHFFFAOYSA-N,CC(C)c1ccc(CNCCNCCO)cc1,1.91623
AIKKFQKQKUGAQA-AWNIVKPZSA-N,NC(=O)N/N=C/c1c[nH]c2ccccc12,2.263101
GGCDOVDVYACJJZ-UHFFFAOYSA-N,NCc1cccc(N2CC=CC2)c1,2.37459
OYFJQPXVCSSHAI-BMSLDGIRSA-N,CCOC(=O)[C@@H](CCc1ccccc1)N[C@@H](C)C(=O)N1CCC[C@H]1C(=O)O.O=C(O)/C=C\C(=O)O,3.382971
KPJLAEBVUUSWID-UHFFFAOYSA-N,CN1CCCN(C(=O)Nc2cccc(F)c2)CC1,1.785627
RTAPRTBDEFETDM-UHFFFAOYSA-N,CN1N=C(C(=O)NCCn2cccc2)CCC1=O,2.635393
KYRFPKBVTVACMU-VGBMANBOSA-N,CO[C@H]1[C@H](O)C=C2C(=O)c3c(O)cc(C)c(-c4c(C)cc(O)c5c4O[C@]4(C)C(=CC[C@H](OC)[C@H]4O)C5=O)c3O[C@@]2(C)[C@@H]1O,5.508676
LRQQWZQMZSKAQX-UHFFFAOYSA-N,COc1cc(OC)cc(-c2[nH][nH]c(=O)c2CCN)c1,2.568349
KYJWKKFQNLHELV-QMMMGPOBSA-N,CCC[C@H](N)C(=O)NCCc1nc(COC)no1,2.823074
QUYRIDASXGECAO-GDXASINISA-N,CC(C)(CO)[C@@H](O)C(=O)N/C=C/C(=O)NCCc1ccccc1,3.011019
NZIASVXNNARSGP-UHFFFAOYSA-N,CNC(=O)C1CN(c2ccc(F)cn2)CCO1,2.85108
UGQKLNWHTBZGKR-UHFFFAOYSA-N,COc1ccccc1Sc1ccc(C(=O)c2ccccc2C(=O)O)cc1[N+](=O)[O-],2.183212
LGGZYIAQKMNJSH-UHFFFAOYSA-N,O=C(CN1CCN(c2cc3c(cc2F)c(=O)c(C(=O)O)cn3C2CC2)CC1)c1nccs1,2.76496
AIMNTEOHIZGIGP-UHFFFAOYSA-N,NC(=O)COc1cccc(CNC(=O)C2CC=CC2)c1,2.148404
AHDGDBDUWXAFJK-UHFFFAOYSA-N,CCC(C)NC(=O)NCCCC(=O)N(CC)CC,2.505053
RPKPFOKNXKRFTD-LURJTMIESA-N,C[C@@H](C#N)NC(=O)OC(C)(C)C,2.876823
YCSUVCBLDUSNPU-UHFFFAOYSA-N,CC1CN(c2nccnc2C#N)CCN1,3.177594
NKJGHOQDMVOMBJ-VSDHHOSSSA-N,CC(C)[C@@H]1NC(=O)[C@@H](C(C)C)NC(=O)[C@@H](NC(=O)CCCCCCCCCCCNC(=N)N)[C@@H](C)OC(=O)[C@@H](C)NC(=O)[C@@H](CC(N)=O)NC(=O)[C@@H]([C@@H](C)O)NC1=O,5.554962
SAYSCSORRLMMPL-UHFFFAOYSA-N,CC1CN(C)CCN1CC(=O)NC(N)=O,2.785188
ZUTJESUULILVEZ-UHFFFAOYSA-N,CN1CCCC(NC(=O)c2cc3c([nH]c2=O)CCC3)C1,2.8683
GNUITMLWGPQORT-UHFFFAOYSA-N,CCN(Cc1nc(COC)no1)C(=O)c1ccoc1C,2.547231
JUUVHNYKAQCAGU-WKPMAHTOSA-N,CCN(CC)c1ccc2nc3c4ccccc4/c(=N\CCNC(=N)N)cc-3sc2c1.Cl.Cl,3.084757
DBIWZKNOOVCVOB-UHFFFAOYSA-N,COCCn1ccnc1CN1CCN(C)C(CO)C1,2.988232
IKUIZPRXLHXNBX-UHFFFAOYSA-N,CCCCCCCCSSC(=S)N(CC)CC,2.64674
LKQHDGWEUIDOJA-UHFFFAOYSA-N,CCNC(=O)NC(=O)CN(C)Cc1ccccc1,1.786343
OJEHRKSTIFRMHW-UHFFFAOYSA-N,OC(c1cc2n(n1)CCN(Cc1ccoc1)C2)C1CC1,3.483116
QJPDWHBKLXQBSR-UHFFFAOYSA-N,COc1cc(C2NC(=O)C(C#N)=C(Nc3cccc(C)c3)S2)ccc1O,3.197835
RNVNTTLLCWGCJE-UHFFFAOYSA-N,COc1cccn(CC(=O)N2CCCC(N)CC2)c1=O,2.663801
QWWIKWIQIRVSIC-UHFFFAOYSA-N,CN(Cc1ccccc1)C(=O)CN,1.675274
QWINIFNAWMRWCG-UHFFFAOYSA-N,c1ccc(-n2nnnc2CN2CCNCC2)cc1,2.115628
MQRVEISMNLBFNH-UHFFFAOYSA-N,Cn1cc(C(=O)N2CCc3ccc(Br)cc32)ccc1=O,2.260097
FTNBVIIKZHRBTK-UHFFFAOYSA-N,CN1CCCC(CCN)C1,2.6754
ROAAESZXMDMECG-AAEUAGOBSA-N,Cc1ccc(NC(=O)NC[C@@H]2C[C@H](F)CN2)cc1C#N,3.40705
RZXKZSXRSWEJDG-UHFFFAOYSA-N,CN(CCNS(C)(=O)=O)c1ncccn1,2.460246
XLVHYENRLSWLLZ-UHFFFAOYSA-N,CCc1nnc2c(S(=O)(=O)N(Cc3ccc(F)cc3)c3cccc(Cl)c3)cccn12,2.459858
NHUBNGBTNGRPMH-MFOYZWKCSA-N,O=C(/C(=C/c1ccc(Cl)cc1Cl)n1ccnc1)c1ccc(Cl)cc1,2.466671
NHEHYFMPDGGDTD-UHFFFAOYSA-N,Cn1ccnc1CN1CCCCC1CN1CCOCC1,2.815588
ZCJHPTKRISJQTN-UHFFFAOYSA-N,CC1OC(CC(=O)O)CC2=C1C(=O)c1c(O)cccc1C2=O,3.526564
BMSZZEXJLJOURA-NLRVBDNBSA-N,CO/N=C(\CN1CCN(c2cc3c(cc2F)c(=O)c(C(=O)O)cn3C2CC2)CC1)c1nccs1,3.011794
LIYGBFXLAKKIAE-UHFFFAOYSA-N,O=S1(=O)CCN(c2ccnc3ccccc23)CC1,2.229826
HWILDERGMKAXNL-UHFFFAOYSA-N,COc1ccc(NCC(=O)N2CCNC2=O)cc1Cl,2.186623
SPXDRRAPPNTVJZ-UHFFFAOYSA-N,O=C(CCCc1ccccc1)N1CCNCC1,1.774273
PJIUHKYBPMWXEK-LJGSYFOKSA-N,Nc1nc(-n2cc(C(=O)O)c(=O)c3cc(F)c([C@H]4C[C@H](O)C4)c(Cl)c32)c(F)cc1F,3.131907
IMNCQZJEAZBTLA-UHFFFAOYSA-N,CCc1c(C)nc(N2NC(C)=CC2NC(=O)c2ccccc2I)nc1O,3.631223
KQBBNSXOQBOCMY-UHFFFAOYSA-N,CC(=O)NCC1CCN(Cc2cc(C(C)C)no2)C1,2.862605
WRULAWMVKDDIQI-UHFFFAOYSA-N,COc1cccc(CN(c2ccc(F)c(F)c2)S(=O)(=O)c2ccc3nnc(C)n3c2)c1,2.486262
