key,input,probability
NVNJHFQMTSTZRI-UHFFFAOYSA-N,COc1ccc(C(=O)N(C)CCn2cccn2)cc1,0.048822403
YUPZHKUNWOZQRP-XINAWCOVSA-N,O=C1C(Br)=C(Br)[C@@](O)(C(Br)Br)[C@@H]1Br,0.037848443
DNPIBZGZYAPTLF-UHFFFAOYSA-N,CN(C)Cc1nnc(-c2ccccc2)o1,0.06028959
LSJREFUWPCHFTG-UHFFFAOYSA-N,CN(Cc1ccccc1)C(=O)CC1CCNC1,0.3447287
WWDZIUDGOAWEQI-UHFFFAOYSA-N,O=C(c1cnsn1)N1CCN(c2ccccn2)CC1,0.040820062
ZMUGMQOOSSFMJS-UHFFFAOYSA-N,CNC(=O)NC(=O)CN1CCn2ccnc2C1,0.069933295
ZVWHURINXJWEER-UHFFFAOYSA-N,O=C(N(c1ccccc1)c1ccccc1)N(c1ccccc1)c1ccccc1,0.573041
GSWPDYQUMLQZAL-UHFFFAOYSA-N,Cc1cccc(NC(=O)C2CCN(CCCO)CC2)n1,0.088704646
JPWFFQIWLZDLMD-YPONLCDMSA-N,CC1C[C@H]2CNc3c(O)c4c(c(OC(F)(F)F)c3[C@H]2N1C)C[C@H]1C[C@H]2[C@H](N(C)C)C(O)=C(C(N)=O)C(=O)[C@@]2(O)C(O)=C1C4=O,0.051853746
JHZVKQVZBHPRPO-UHFFFAOYSA-N,COc1ccc(-n2ccn3c(SCC(=O)N4CCN(c5ccccc5F)CC4)nnc3c2=O)cc1,0.06780383
YFXSLHYCZQMKRP-UHFFFAOYSA-N,COCCN(CCC#N)Cc1nc2ccccc2n1C,0.4351281
NRPXHCKCZJQVBN-UHFFFAOYSA-N,COCc1ccc(SCC(=O)N(C)C)cc1,0.061399728
ZVMBNIPLWQTADX-UHFFFAOYSA-N,COc1cccc(Nc2ccccc2)c1-c1ccc([N+](=O)[O-])cc1,0.704482
JFRKCSFSTFHDLN-UHFFFAOYSA-N,NC(=O)c1ccc(=O)n(Cc2ccc(Br)s2)n1,0.041428924
QUNLVELMQUZULD-UHFFFAOYSA-N,O=C(NC1CCOCC1)c1cn2ccsc2n1,0.043091685
HNVLVORHMBKFKO-UHFFFAOYSA-N,Cc1nn(C)c(Cl)c1C1CCCN1,0.23451966
VQOUDUVJUBAXKV-UHFFFAOYSA-N,CNC(C)(C)CCO,0.070650816
HPAQMDHJDAJMJQ-UHFFFAOYSA-N,O=C1CC(CBr)N1OS(=O)(=O)c1ccc([N+](=O)[O-])cc1[N+](=O)[O-],0.34928274
UNMJTGUGNFQISJ-UHFFFAOYSA-N,Cl.Nc1nc(-c2ccc(NC(=O)c3ccc(Cl)c(C(F)(F)F)c3)cc2F)c[nH]1,0.7093219
YORLEPUZHBDPSD-MEOZQXGPSA-N,CC(C)C(O/N=C(\C(=O)N[C@@H]1C(=O)N(OS(=O)(=O)O)C1(C)C)c1csc(N)n1)c1cc(=O)c(O)cn1O,0.043930918
NZRBDLCVIPFIPD-UHFFFAOYSA-N,Cn1nnnc1SCCNCc1ccc(Br)cc1,0.38543373
KLHZOKWTTCMZTF-JZBRPHLYSA-N,CCC(O/N=C(\C(=O)N[C@@H]1C(=O)N(OS(=O)(=O)O)C1(C)C)c1csc(N)n1)c1cc(=O)c(O)cn1O,0.03819406
ZMEQUDXFAHZUPR-UHFFFAOYSA-N,NCCOc1ccc2c(c1)OCO2,0.069539875
SQJUWOOEEHEZRW-UHFFFAOYSA-N,Cc1cnn(CC(=O)NC2CCc3c(O)cccc32)c1,0.06684998
NMQXRDXNSSOHBU-UHFFFAOYSA-N,Cn1cc(Br)c(=O)c(NC(=O)Cc2ccc(O)cc2)c1,0.03821811
AOTUVEVKKXNPKA-NALGKMIZSA-N,COC(=O)C[C@H]1[C@H](/C=N\NC(=O)c2ccncc2)[C@@H](O[Si](C)(C)C(C)(C)C)C[C@@H]1Cl,0.06697455
POBSQPUNRFZHBN-UHFFFAOYSA-N,CCCCCc1ccc(C(=O)Nc2ccc3c(c2)nc(N)n3CCCCc2c[nH]c3ccccc23)cc1.Cl,0.43640053
RSTPAIZCANZZGX-GPCUVHDXSA-N,CN(C)[C@@H]1C(O)=C(C(N)=O)C(=O)[C@@]2(O)C(O)=C3C(=O)c4c(O)c5c(c(OC(F)(F)F)c4C[C@H]3C[C@@H]12)[C@@H]1[C@H](CN5)CC2COCCN21,0.037878186
PWXVXSWXNXANGS-KIPUREDTSA-N,CC1(C)[C@H](NC(=O)/C(=N\OC(CO)c2cc(=O)c(O)cn2O)c2csc(N)n2)C(=O)N1OS(=O)(=O)O,0.03784865
DGMPVYSXXIOGJY-UHFFFAOYSA-N,CCCCc1ccc(C(=O)O)nc1,0.061561137
MZUPUIOJKDNYMB-UHFFFAOYSA-N,CCOC(=O)CC1(C)NC(C(=O)O)C(C)(C)S1,0.053276867
RYSIZPRZWKMNOI-NLAVPISJSA-N,CN1CCCCC1c1cc(O)c2c(c1Cl)C[C@H]1C[C@H]3[C@H](N(C)C)C(O)=C(C(N)=O)C(=O)[C@@]3(O)C(O)=C1C2=O,0.060900092
ZDHTUQQKMRZCEY-UHFFFAOYSA-N,CSc1nc2sccc2c(=O)n1C,0.3151049
HDBBFGLBBHOQCL-VXKWHMMOSA-N,N=C(N)NCCC[C@H]1C(=O)N(Cc2ccccc2)[C@@H](CCCNC(=N)N)C(=O)N1Cc1ccccc1,0.35662574
YOBIQSHPBZNOFA-GYXPSCGXSA-N,CC1(C)[C@H](NC(=O)/C(=N\OC(C(=O)O)c2cc(=O)c(O)cn2O)c2csc(N)n2)C(=O)N1OS(=O)(=O)O,0.037852734
UHGSMCVCGLSUOE-UHFFFAOYSA-N,O=C(O)c1cc(-c2ccc(CO)cc2)nc2c1cnn2Cc1ccncc1,0.06287271
CWVKWDRGOXDCGV-HGIBLQKJSA-N,CC(C)C(O/N=C(\C(=O)N[C@@H]1C(=O)N(OS(=O)(=O)O)C1(C)C)c1nc(N)sc1Cl)c1cc(=O)c(O)cn1O,0.03793636
ZXMRSRLKEACDHW-UHFFFAOYSA-N,Cc1nc(CN2CCCNCC2)cs1,0.40805575
YJYCYFFDISXNDH-UHFFFAOYSA-N,O=C(Nc1cncc(Br)c1O)C1=CCCC1,0.038395256
YKELQXIWZFQQQS-UHFFFAOYSA-N,CC1CN(CCCN)CCCO1,0.90308595
DEBNUQDKUXAUQG-ZDUSSCGKSA-N,O=[N+]([O-])c1cn2c(n1)OC[C@@H](OCc1ccc(N3CCSCC3)c(F)c1)C2,0.10448849
ZYDTZCCVAQKZSI-UHFFFAOYSA-N,CCNC(=O)N1CCN(Cc2ccc(OC)nc2)CC1,0.32470733
SDECJBZPADGDIH-UHFFFAOYSA-N,CN(CC(=O)NC1CC1)c1ncnc2c1cnn2C,0.039247543
GINUUJGFHJRLEM-UHFFFAOYSA-N,Cc1ccc(Oc2nc3ccccc3n3c(=O)n(CC(=O)Nc4ccccc4C(F)(F)F)nc23)cc1,0.24455604
HICSNPCZOAQSJR-UHFFFAOYSA-N,CC(=O)NC(C)C(=O)N1CCCC2(CC2)C1,0.049758315
AEUBKXOYMKBMCS-PAOTWTTCSA-N,CC(C)[C@H](O/N=C(\C(=O)N[C@@H]1C(=O)N(OS(=O)(=O)O)C1(C)C)c1nsc(N)n1)c1cc(=O)c(O)cn1O,0.03804919
BTBPFQINNMDCQZ-UHFFFAOYSA-N,CC(=O)c1cccc(NC(=O)c2cn(C)nc2C)c1,0.117114276
XROWYRCXSYKEGG-JHEYCYPBSA-N,C[N+]1(C)CCC[C@@H]1C(=O)N[C@@H](Cc1cc(Br)c(O)c(Br)c1)C(=O)O.O=C([O-])C(F)(F)F,0.08000553
AJLFOPYRIVGYMJ-INTXDZFKSA-N,CC[C@H](C)C(=O)O[C@H]1CCC=C2C=C[C@H](C)[C@H](CC[C@@H]3C[C@@H](O)CC(=O)O3)[C@H]21,0.07951704
OVVHHTFJIGCPNS-UHFFFAOYSA-N,COc1cc(CNC(=O)NC2CCCC2)ccc1O,0.05524808
NLOURWBZABHPTC-YGFGXBMJSA-N,CN(CC(=O)O)NC(=O)C[C@H](N)C[C@@H](O)CNC(CCN)c1ccccc1,0.03791377
JEXXQWDLHIJJPK-UHFFFAOYSA-N,COCCNC(=O)COC(=O)c1ccc2ncsc2c1,0.038795143
IAGCFASKOAWPMW-UHFFFAOYSA-N,CC1(C)CNC(=O)c2nc(CCN3CCCC3)[nH]c2C1,0.043786317
BPULQHRPOIEEOB-UHFFFAOYSA-N,NC(=O)C1CCCN(S(=O)(=O)c2cc(Br)ccc2F)C1,0.18694335
BEHNKMNOBMEIPZ-JRUHLWALSA-N,CCCNc1cc(/C=C/c2ccc(N(C)C)cc2)[n+](C)c2ccccc12.[I-],0.9252094
KZQRAFVPFRLEFX-UHFFFAOYSA-N,CN(CCNC(=O)c1cc[nH]n1)Cc1ccccc1,0.16215715
PYHYGIPVYYRJHU-QWDNBKTCSA-N,CC(C)C[C@@H]1NC(=O)[C@@H](Cc2ccccc2)NC(=O)[C@H](CCN)NC(=O)[C@@H](NC(=O)[C@H](CCN)NC(=O)[C@@H](N)[C@@H](C)O)CCNC(=O)[C@H]([C@@H](C)O)NC(=O)[C@H](CCN)NC(=O)[C@H](CCN)NC1=O,0.039194107
OGBAYGZWFQBRNU-UHFFFAOYSA-N,CS(=O)(=O)CCCNc1ccccc1F,0.35376638
ZNQRSGNGWJMDDB-UHFFFAOYSA-N,Cc1ccoc1C(=O)N(C)C1CCN(C)CC1,0.057682186
XCRMICAIGBAHCP-CMPLNLGQSA-N,Cc1nn(C)cc1C(=O)N1C[C@@H](CO)[C@H](N(C)C)C1,0.038021803
HTSYYQSYMPQXMU-UHFFFAOYSA-N,O=C(NC(CCCc1ccccc1)C(=O)O)c1cccc2ccccc12,0.06419018
BMMWJZDISGDQFB-UHFFFAOYSA-N,N=C(N)NCCCCCCCCN(CCCCCCCCNC(=N)N)C(=O)N(CCCCCCCCN)CCCCCCCCN,0.38738537
ABXFRPQXQHAVQQ-UHFFFAOYSA-N,CC(C)(C)C(O)C(=O)NCCC(=O)NCCc1ccccc1,0.042051643
QORDEQSOEWEGNI-UHFFFAOYSA-N,Cc1cc2nn(CC(=O)Nc3ccc(F)c(F)c3)c(=O)n2c(Nc2ccc(C)c(F)c2)n1,0.4074031
FGEUGVJQIBTCHK-YPXUMCKCSA-N,O=C1c2cccc3c(N/N=C/c4ccc(C(F)(F)F)cc4)ccc(c23)C(=O)N1C(CO)CO,0.4337313
PKKWLMYBLBBXLB-UHFFFAOYSA-N,CCC(O)(CC)CCN,0.047536135
ACGMQPXRVMJTKD-UHFFFAOYSA-N,N#CC1=C(N)Oc2c(ccc3ccccc23)C1c1ccc([N+](=O)[O-])cc1,0.925431
PTEMGJSNACOECE-UHFFFAOYSA-N,CC(=O)Nc1cc(NC(C)=O)ncn1,0.04886958
FYQDFNFEGWQPMJ-UHFFFAOYSA-N,COC(=O)CNC(=O)CCc1nc2ccccc2s1,0.06801814
DBYLMNBUAQQWSD-ZIAGYGMSSA-N,O=C(Cc1c[nH]c2ccccc12)N[C@@H]1CCOC[C@H]1O,0.21732286
OLPPKUAEYSDEMT-UHFFFAOYSA-N,Cc1cccc(N(C(=O)c2cccs2)C(C(=O)NC2CCCCC2)c2ccccc2)c1C,0.36471713
MYXTXHBUFQBCLL-UHFFFAOYSA-N,COc1c(C)cnc(CN2CCOCC2C)c1C,0.0662446
JVQATAAFFIMBHA-UHFFFAOYSA-N,Cc1ccncc1NS(=O)(=O)Cc1ccccc1,0.061873496
APTWLPAAZUSQGW-UHFFFAOYSA-N,COC(=O)c1cc(N2C(=O)C=CC2=O)ccc1Cl,0.29316288
FZCFVGJUKDDSOZ-UHFFFAOYSA-N,O=C(Nc1nncs1)N1CCN(Cc2ccsc2)CC1,0.74492997
SXEBENVACJHTHW-UHFFFAOYSA-N,O=C(Nc1nc(-c2ccccn2)cs1)c1cncn1-c1ccccc1,0.5387238
YORLEPUZHBDPSD-NQAVGREPSA-N,CC(C)[C@H](O/N=C(\C(=O)N[C@@H]1C(=O)N(OS(=O)(=O)O)C1(C)C)c1csc(N)n1)c1cc(=O)c(O)cn1O,0.041255802
DDZCDRUVOUFPSV-UHFFFAOYSA-N,CC1CCCN(C(=O)COc2ccccc2C(N)=O)C1,0.34345323
QDVSSBLJGGKBAP-UHFFFAOYSA-N,CN1CCN(c2ccc3nc(-c4ccc(OCc5cn(CCN=[N+]=[N-])nn5)cc4)[nH]c3c2)CC1,0.69746625
XIYUXMOWSSNSGH-UHFFFAOYSA-N,Cc1cc(C)c(NC(=O)Cn2nc3c(N4CCCC(C)C4)nccn3c2=O)c(C)c1,0.40482944
FABPRXSRWADJSP-MEDUHNTESA-N,COc1c(N2C[C@@H]3CCCN[C@@H]3C2)c(F)cc2c(=O)c(C(=O)O)cn(C3CC3)c12,0.03820926
ZEVFBTPFHHBJMK-UHFFFAOYSA-N,O=C(COC(=O)CN1CCCC1=O)NCc1cccs1,0.047049224
XZTCHRACVNJTBK-RKWRKANPSA-N,O=c1ccc2ncc(F)c3c2n1C[C@@]3(O)CC12CCC(NC/C=C/c3ccccn3)(CC1)CO2,0.9222411
ABNOVCYQWFZTPI-UHFFFAOYSA-N,OCCCNCC(F)(F)F,0.17860451
NZGQJZBAVZMPCC-UHFFFAOYSA-N,CCN(CC)S(=O)(=O)c1cccc(NCC(=O)OC)c1,0.04120466
WKOIZJYKHBVJEF-RPUDKEGQSA-N,COc1cc(/C=N/Nc2nccs2)c2c(c1OCc1ccc(Cl)cc1Cl)CN1CCc3cc4c(cc3C1C2)OCO4,0.87375724
CXTXBEALOFQYFQ-UHFFFAOYSA-N,Cc1ccc(Cn2c(=O)c3ccccc3n3c(=O)n(CC#N)nc23)cc1,0.65268606
XSZAKRSPRAZJKY-UHFFFAOYSA-N,CCOc1ccccc1NC(=O)Cn1nc2c(SC3CCCCC3)nccn2c1=O,0.16284731
FWUVGWJMHYUISN-UHFFFAOYSA-N,Cc1ccc2cc(C3NC(=O)c4ccccc4N3)c(Cl)nc2c1,0.85542905
VSNXXQCIDZDDSG-UHFFFAOYSA-N,COc1cc(NC(=O)CSc2nnc3c(=O)n(-c4ccccc4)ccn23)cc(OC)c1,0.14039293
AEUBKXOYMKBMCS-IOEMPLOMSA-N,CC(C)C(O/N=C(\C(=O)N[C@@H]1C(=O)N(OS(=O)(=O)O)C1(C)C)c1nsc(N)n1)c1cc(=O)c(O)cn1O,0.038060218
UTXUMLHMDDSISB-UHFFFAOYSA-N,CC1=C(N)C(=O)C(C(C)(C)CC(=O)N2CCN(c3cc4c(cc3F)c(=O)c(C(=O)O)cn4C3CC3)CC2)=C(C)C1=O,0.03793356
QMVAMTAXUQODNR-MNOVXSKESA-N,Cc1ccc(C(=O)N2C[C@H](C3CC3)[C@@H](N)C2)s1,0.30552435
AEUBKXOYMKBMCS-LVKILCFZSA-N,CC(C)[C@@H](O/N=C(\C(=O)N[C@@H]1C(=O)N(OS(=O)(=O)O)C1(C)C)c1nsc(N)n1)c1cc(=O)c(O)cn1O,0.038056403
VFIVWSJXCUWHMX-UHFFFAOYSA-N,O=C(NCCn1cc(Cc2c(Br)[nH]c3ccccc23)nn1)c1ccccc1F,0.31960577
STTADZBLEUMJRG-IKNOHUQMSA-N,Br.COc1ccc2c(c1)[C@]13CCCC[C@@H]1[C@H](C2)N(C)CC3.O,0.9259634
VUTHACFGOHTGCP-LTXZJTGJSA-N,CC(O/N=C(\C(=O)N[C@@H]1C(=O)N(OS(=O)(=O)O)C1(C)C)c1nc(N)sc1Cl)c1cc(=O)c(O)cn1O,0.038007557
KJCJORXJBSYUFT-UHFFFAOYSA-N,CN1CCCN(C(=O)c2ccc3ccccc3n2)CC1,0.08365202
BGHIXZRBTDBPSG-UHFFFAOYSA-N,Cc1nnc2c(SCC(=O)Nc3cccc(Br)c3)nc3ccccc3n12,0.13300684
NEEXTJBVIRVOKK-UHFFFAOYSA-N,Cc1ccc(C(N)CF)cc1,0.072078675
JPDWOAOVCHLDTO-UHFFFAOYSA-N,CNCC(C)(CO)CO,0.060662985
LPBVHAMFJLKBCE-UHFFFAOYSA-N,CN(C)C(CNC(=O)c1ccc(O)nc1)c1ccsc1,0.19941318
IMTPCXZHFKCADN-UHFFFAOYSA-N,COc1ccc(C(=O)CSc2nnc3c(=O)n(-c4cccc(OC)c4)ccn23)cc1,0.14485034
KORWOFIKLKGGQH-UHFFFAOYSA-N,COc1ccc2ncc(Cl)c(CCC34CCC(NCc5ccc6c(n5)NC(=O)CO6)(CC3)CO4)c2n1,0.9252325
CVKPWTFZIPWKKW-UHFFFAOYSA-N,CCN(C1CC1)S(=O)(=O)c1ccc2c(c1)OCCO2,0.07390693
CHSUYUPPFHHALU-UHFFFAOYSA-N,CCCCc1ccc(NC(=O)Cn2c(=O)c3nnc(CCC)n3c3ccccc32)cc1,0.52732646
MCAPUDZAASUBBW-NEAAHOCMSA-N,CC(C)[C@@H]1CC[C@@H](C)C[C@H]1OC(=O)N(CCCCCCc1cn(CCCCCc2c[nH]c(N)n2)nn1)CCc1ccccn1.Cl,0.1920014
YPDMZTAHAUZDKO-IUALCLIASA-N,CSC[C@H](O/N=C(\C(=O)N[C@@H]1C(=O)N(OS(=O)(=O)O)C1(C)C)c1csc(N)n1)c1cc(=O)c(O)cn1O,0.03791979
NTQAZLHHSFWLLZ-HZPDHXFCSA-N,CN(C)[C@@H]1CN(Cc2ccccc2C#N)CC[C@@H]1CO,0.074156135
XRMZOIJPZHYGOJ-UHFFFAOYSA-N,N#Cc1c(F)cccc1NCCSCCCO,0.08876553
CWVKWDRGOXDCGV-GEHQGGQLSA-N,CC(C)[C@H](O/N=C(\C(=O)N[C@@H]1C(=O)N(OS(=O)(=O)O)C1(C)C)c1nc(N)sc1Cl)c1cc(=O)c(O)cn1O,0.03793636
HDQXMJDXZKKJOB-BJMVGYQFSA-N,CC/C=C(\C)C(=O)Nc1ccn(CCS(C)(=O)=O)n1,0.040192455
WFAHPZSKZQQOQF-UHFFFAOYSA-N,COc1ccc(C(=O)Nn2cnnc2)cc1OC,0.068421006
VTAVVCJXHUVZGG-UHFFFAOYSA-N,CCC(NC(=O)c1ccc(C#N)nc1)c1ccnn1C,0.06695521
POOZUXUDUOHPIJ-UHFFFAOYSA-N,Cn1cnnc1SCCNC(=O)Cc1cccnc1,0.03850749
IDHKXPRTFRVFMH-SUFGWMAESA-N,CC(C)(O/N=C(\C(=O)N[C@@H]1C(=O)N(S(=O)(=O)O)[C@@H]1Cn1cc(-c2cc(=O)c(O)cn2O)nn1)c1csc(N)n1)C(=O)O,0.038588226
YPEUTQKEMPFPKO-UHFFFAOYSA-N,O=[N+]([O-])c1cc([N+](=O)[O-])c2cccnc2c1O,0.08126691
ZNVNPQCUKCYTFT-UHFFFAOYSA-N,O=C(Cn1nc2c(Oc3ccccc3)nccn2c1=O)Nc1ccc(F)cc1F,0.36478478
UMVZZRIUJVTCLJ-UHFFFAOYSA-N,CCc1nnsc1C(=O)N1CCc2sccc2C1,0.058054835
CTMBGBNDEORTKF-UHFFFAOYSA-N,O=C1CN(C(=O)CCOc2ccc(Cl)cc2)CCN1,0.10732725
BBSBNCMCBPPEIQ-UHFFFAOYSA-N,CN(C)C(=O)C(C)(C)NC(=O)c1cc(N(C)C)ccn1,0.039025337
RQWSCDRFGHLEGJ-NTEUORMPSA-N,COc1ccc(/C(C#N)=C/c2cccnc2)cc1,0.067444175
LEHYAKNQMPDIQG-UHFFFAOYSA-N,O=C(C1CCCN1Cc1ccccn1)N1CCOCC1,0.081267565
KEHXUMVOBZOGSZ-UHFFFAOYSA-N,Cl.Nc1nc(-c2ccc(NC(=O)c3cccc(Cl)c3)cc2)c[nH]1,0.5024607
PSIHAZTYJRELBU-WNMGUVTHSA-N,O=c1ccc2ncc(F)c3c2n1C[C@@]3(O)CC12CCC(NCc3cc(-c4cccs4)on3)(CC1)CO2,0.80267215
QNLPABBMVWEAKT-UHFFFAOYSA-N,CCC(C(=O)NCc1ccc(F)c(F)c1)n1cccn1,0.062278956
KWYSGKBGRUHYCU-RYUDHWBXSA-N,CCN(C(=O)COc1ccccc1Cl)[C@H]1COC[C@@H]1O,0.038425952
GGXFXPGJUGILLF-UHFFFAOYSA-N,Cc1noc(C)c1CC(=O)N1CCN(C(C)(C)C)CC1,0.040862948
OEIIMKREKVDEAO-UHFFFAOYSA-N,COc1cc(CN)ccc1OCC(N)=O,0.07407677
IGQFJFFJSHSLDL-UHFFFAOYSA-N,CCCN1CCN(C2CCNCC2)CC1,0.3470953
HWKYAXTUFUAOBN-UHFFFAOYSA-N,CNC1(CO)CCc2ccccc21,0.060344845
YXLPBPVJWZWWIN-UHFFFAOYSA-N,Cc1nn(C)c(C(=O)NCCCn2ccnc2)c1Cl,0.048107535
HQSLMDSMOMTZGA-UHFFFAOYSA-N,CC1=C(Br)C(=O)C(C(C)(C)CC(=O)N2CCN(c3cc4c(cc3F)c(=O)c(C(=O)O)cn4C3CC3)CC2)=C(C)C1=O,0.040010005
HZXGOYLCWKGQHT-UHFFFAOYSA-N,O=C(CNc1cccc(CO)c1)NCc1ccc(Cl)s1,0.35624814
KEJKDUUDNHQKLQ-UHFFFAOYSA-N,CSCc1nc(CNCC2(O)CCCNC2)cs1,0.35307166
QWTGOIRRRQOFPG-PUYBVPCBSA-N,CC(O/N=C(\C(=O)N[C@@H]1C(=O)N(OS(=O)(=O)O)C1(C)C)c1csc(N)n1)c1cc(=O)c(O)cn1O,0.03831029
LFMYNZPAVPMEGP-PIDGMYBPSA-N,COCCCC/C(=N\OCCN)c1ccc(C(F)(F)F)cc1.O=C(O)/C=C\C(=O)O,0.7888092
QGPKADBNRMWEQR-UHFFFAOYSA-N,NC1CCN(c2c(F)cc3c(=O)c(C(=O)O)cn(C4CC4)c3c2Cl)C1,0.03842327
LQKGAMQOCAUTMO-UHFFFAOYSA-N,CCC(NC(=O)Cc1cnc[nH]c1=O)c1ccncc1,0.0380069
XMJMKUOWUYBALF-LOBODTGGSA-N,CC(O/N=C(\C(=O)N[C@@H]1C(=O)N(OS(=O)(=O)O)C1(C)C)c1nsc(N)n1)c1cc(=O)c(O)cn1O,0.038989723
INQONUZORXTJKZ-UHFFFAOYSA-N,CC1C(=O)N(Cc2ccc(OCCN3CCOCC3)cc2)C1(Cc1ccccc1)C(=O)O,0.26645887
VKTHDZYHYKRMKP-UHFFFAOYSA-N,O=C(Oc1cc(OC(=O)c2cc(O)cc(O)c2)c2ccccc2c1)c1cc(O)c(O)c(O)c1,0.63410264
INGMUCUVBHNUOS-PFVKKRSLSA-N,CC(C)C[C@H](NC(=O)[C@H](CC(C)C)NC(=O)[C@@H](NC(=O)[C@H](CCCCN)NC(=O)[C@H](C)NC(=O)[C@H](CCCNC(=N)N)NC(=O)[C@H](CCCCN)NC(=O)[C@H](C)NC(=O)[C@H](CC(C)C)NC(=O)CN)[C@@H](C)O)C(N)=O,0.042934477
GDLWQZAHSOBFTQ-UHFFFAOYSA-N,C#CCN(C)Cc1cc2cc(OCCCC3CCN(Cc4ccc(C#N)cc4)CC3)ccc2n1C,0.92242336
XQMKQQJWGAQMRM-UHFFFAOYSA-N,Cc1n[nH]cc1CNCc1cccs1,0.067355216
BYRGSGBTBKENHA-UHFFFAOYSA-N,CCOC(=O)C1=C(C)OC(N)=C(C#N)C1c1ccncc1,0.06082189
BOVXFFHTZIGRJP-UHFFFAOYSA-N,Nc1cc(-c2cccnc2)on1,0.086184055
NVJOAINDJBJIKW-UHFFFAOYSA-N,CCC(N)CN(C)CCCN(C)C,0.3427882
IJMLPKNCFTZEFG-UHFFFAOYSA-N,COc1cc2ccc1Oc1cc(ccc1OC)CCCCC(NCCc1ccc(F)cc1)CC2,0.77217877
NCRUAUCUBRNXGY-UHFFFAOYSA-N,COc1ccc(C(=O)Oc2cccnc2O)cc1,0.122724265
YRVMVANALDYBPB-UHFFFAOYSA-N,CCCc1cc(C(=O)N2CCCN(C)CC2)cs1,0.22855195
VNKCGLOWNGXLIS-UHFFFAOYSA-N,O=C1COCc2ccc(Br)cc2N1Cc1ccc(C(F)(F)F)cc1,0.6463558
KONYYTAQVXXQFC-UHFFFAOYSA-N,CN(C)CC(=O)Nc1ccc2c(c1)C(O)CC2(C)C,0.08410263
KGTCXUVNIBOXQA-UHFFFAOYSA-N,CC(=O)c1csc(C)c1,0.055812925
IEQKIMBCJWERMO-UHFFFAOYSA-N,CN(CC(=O)NC(C)(C)C)C(=O)c1cncc(Br)c1,0.038371235
LWZBTOVRCATRRC-UHFFFAOYSA-N,Cc1noc(C(=O)NCCN2CCOCC2)c1Cl,0.03978476
QXXPBTANDBVMNN-MEOZQXGPSA-N,CC1(C)[C@H](NC(=O)/C(=N\OC(c2cc(=O)c(O)cn2O)C2CC2)c2csc(N)n2)C(=O)N1OS(=O)(=O)O,0.03808114
PTWWNVABGKBAQU-YELRBHIYSA-N,CC(C)SCC(O/N=C(\C(=O)N[C@@H]1C(=O)N(OS(=O)(=O)O)C1(C)C)c1csc(N)n1)c1cc(=O)c(O)cn1O,0.03810975
CTQOYESIKDMYGL-UHFFFAOYSA-N,CN(CCCN)C(=O)CCCn1ccnc1,0.041568726
CPQPZEJHVYXXIM-UHFFFAOYSA-N,CCN(CC)CCn1c(=N)n(CC(O)COc2ccc(Cl)cc2Cl)c2ccccc21,0.92654634
NGWJYKDNKARZOP-UHFFFAOYSA-N,COc1cc(CNC(=O)Nc2ccnc(C)c2)ccn1,0.30751777
XAYQDTYBTYHZNN-UHFFFAOYSA-N,CCCCCc1ccc(C(=O)NCCn2cc(CCCCCc3cn(C4CC4)c(N)n3)nn2)cc1.Cl,0.6381863
QYZGTALJPUBPNX-UHFFFAOYSA-N,Cc1ccccc1OCCC(=O)NC1CCS(=O)(=O)C1,0.05455908
VXDUVINZNILVIC-UHFFFAOYSA-N,CN(C)S(=O)(=O)NCCN,0.050934643
ZPXQCVAYZBAFOO-UHFFFAOYSA-N,O=C(CSCCN1C(=O)CCC1=O)Nc1ccccc1,0.044841826
HNCRMFPSKBGCPI-UHFFFAOYSA-N,O=S(=O)(c1ccc2nncn2c1)N(Cc1ccccc1F)c1cccc(F)c1,0.28525025
NJYOZUDVZRYZSV-BQYQJAHWSA-N,CC(=O)Oc1ccccc1/C=C/C(=O)Nc1nonc1C,0.038709372
CKDYLWCGAXEGRS-UHFFFAOYSA-N,CCc1noc(C)c1C(=O)N1CCCN(C)CC1,0.06636381
MMDHAOPFTWINLX-UHFFFAOYSA-N,Cc1nc(C)c(CN2CC3(CCNCC3)OC2=O)s1,0.038146764
FHFYDNQZQSQIAI-UHFFFAOYSA-N,CCn1cc(C(=O)O)c(=O)c2cc(F)c(N3CCN(C)CC3)cc21,0.101771474
KWQYIBRKCMDPKA-UHFFFAOYSA-L,CCCCCC[N+](CCCCCC)(CCCCCC)CCCCCCCCCC[P+](CCCCCC)(CCCCCC)CCCCCC.[Br-].[Br-],0.5181817
VCCAMOTVRSWILY-JSOSNVBQSA-N,CCCCCCCCCCCCCCCCCC(=O)Oc1ccc(C[C@H](C)[C@H](C)Cc2ccc(O)c(OC)c2)cc1OC,0.8259045
ATCFHFPKXRXEKP-JBAQVSMNSA-N,C[C@@H]1C[C@@H](O)[C@H]2O[C@H](O[C@H]3[C@H](O[C@@H]4O[C@H](CO)[C@@H](O[C@H]5O[C@@H](CN)[C@@H](O)[C@H](O)[C@H]5N)[C@H]4O)[C@@H](O)[C@H](N)C[C@@H]3N)[C@H](N)[C@@H](O)[C@@H]2O1,0.049004346
DOCAXBJQEKQLKZ-UHFFFAOYSA-N,NCc1ccc(OCC(F)F)cc1,0.110812336
HQZIOZIHTIZBIL-LSCVHKIXSA-N,CC(=O)Cn1cc(/C=C(/C(C)=O)n2cc([N+](=O)[O-])nc2C)c2ccccc21,0.7050284
TVSXDMPNMGEQFL-UHFFFAOYSA-N,CCN(CC)C(=O)c1ccccc1N(C)S(C)(=O)=O,0.0907315
ZRRHRPJWTXTLTR-UHFFFAOYSA-N,COc1ncccc1C(=O)NCCc1cncn1C,0.040093213
MCEAWKHDYKTSKF-UHFFFAOYSA-N,COc1cccc(-n2cc(N)nn2)c1,0.06839681
DQBWEOAEUFFZEM-UHFFFAOYSA-N,CN(CC(N)=O)C(=O)c1ccc(O)nc1,0.049595296
PBAULEGLRQCXKD-UHFFFAOYSA-N,c1csc(C2CNCCO2)c1,0.3493041
SYZZMPZKZBRDNH-UHFFFAOYSA-N,N#Cc1cccc2c1NC(=O)C2,0.117007494
FKFKFWIZQCBLSY-ANKLPKQLSA-N,CN(C)[C@@H]1C(O)=C(C(N)=O)C(=O)[C@@]2(O)C(O)=C3C(=O)c4c(O)c5c(c(OC(F)(F)F)c4C[C@H]3C[C@@H]12)[C@@H]1[C@H](CN5)CC2CCCCN21,0.037870467
XORQJYUNRQDTMQ-UHFFFAOYSA-N,Cc1ccc(NC(=O)Cn2nc3ccc(SC(C)C)nn3c2=O)c(Cl)c1,0.040439993
HDWRQDAKGPKDFF-IPLWOTINSA-N,COc1cc(O)c2c(c1)C1C[C@H](O)[C@@H](O)C[C@@]1(C)OC2=O,0.050208896
CUGDJBUUTWZPCY-SNVBAGLBSA-N,N[C@@H]1CCCc2c(F)cc(F)cc21,0.30925617
VWRQCJRTHKUVNF-UHFFFAOYSA-N,OC(C#Cc1ccccc1)(c1ccccc1)c1ccccc1,0.8893442
SNJJPRCQEFESIE-UHFFFAOYSA-N,CC(C#N)NC(=O)c1sccc1OC(F)F,0.03972152
DUULYRKQZCMHPF-UHFFFAOYSA-N,O=C1CCC(CO)(c2ccccc2)CN1,0.06589791
KOKHOGOBVSEISM-UHFFFAOYSA-N,Nc1nc(C2CC(O)C2)cc(N2CC(O)C2)n1,0.08084446
YCRUJUNRIOZMKL-VMMCHAFVSA-N,CN(C)[C@@H]1C(O)=C(C(N)=O)C(=O)[C@@]2(O)C(O)=C3C(=O)c4c(O)c5c(c(OC(F)(F)F)c4C[C@H]3C[C@@H]12)C1NCCC1CN5,0.04265678
XXVQFNBYTCFFOV-UHFFFAOYSA-N,CC(C)(C)CC(=O)N1CCN(c2cc3c(cc2F)c(=O)c(C(=O)O)cn3C2CC2)CC1,0.037935555
ZPJSENCIVROLCD-UHFFFAOYSA-N,Cc1noc(C2CCN(C(=O)c3ccoc3)CC2)n1,0.063063174
XNIJBEPGQHDGAV-WDEREUQCSA-N,Cc1nc(N)sc1C(=O)N1C[C@@H](N(C)C)[C@H](C(C)C)C1,0.04546687
DFMQCPTWGBWVDW-UHFFFAOYSA-N,CCOC(=O)C1CCCN(c2nccnc2C#N)C1,0.3104712
MKVLRCBEUIQVCQ-JZBRPHLYSA-N,COCC(O/N=C(\C(=O)N[C@@H]1C(=O)N(OS(=O)(=O)O)C1(C)C)c1csc(N)n1)c1cc(=O)c(O)cn1O,0.037868798
NZJWITSLFKTATC-UHFFFAOYSA-N,N#CCCCNCc1ccccc1,0.8955722
WIWGHUIUMQTPSA-UHFFFAOYSA-N,COc1ccc(OC)c(NC(=O)Cn2nc3c4cc(-c5ccc(F)cc5)nn4ccn3c2=O)c1,0.22349456
KWUIUZNTUGNFOF-UHFFFAOYSA-N,c1coc(CNCC2CCCO2)c1,0.241126
UEOPMFNVWVRVFJ-FLIBITNWSA-N,COC(=O)C1=C(C)NC(=O)/C1=C\c1ccccc1,0.057459235
UFQVBVOIBAJBPA-UHFFFAOYSA-N,CCOC(=O)C1(C)Oc2ccc(CNC34CCC(CCc5c(F)cnc6ccc(OC)nc56)(CC3)OC4)nc2NC1=O,0.8310072
IGGXQCAOBXNXEZ-UHFFFAOYSA-N,CC(C)C(C(=O)Nc1ccc(S(=O)(=O)N(C)C)cc1)c1ccc(Cl)cc1,0.81853163
SPLYXRSUMHFDJS-UHFFFAOYSA-N,Cc1noc(C)c1COc1cccc(C(=O)N=c2[nH]cccc2C)c1,0.085413635
NBPISNRWNOUDEG-UHFFFAOYSA-N,CCCNC(=O)Cn1nc2n(Cc3ccco3)c(=O)c3sccc3n2c1=O,0.34709775
MURKCEKKPHFPGV-UHFFFAOYSA-N,COc1ccc2cc1Oc1cc(ccc1OC)CCC(OC(=O)Cc1ccccc1)CCCC2,0.89371824
AWMITHYMEFWENC-UHFFFAOYSA-N,O=C(CSc1nnc2c(=O)n(-c3ccccc3)ccn12)Nc1cccc(Cl)c1,0.12827745
YBBWTVGRVHTTDD-MOSHPQCFSA-N,Cc1cc(/C=C2\S/C(=N\c3ccccc3)NC2=O)c(C)n1-c1ccc(C(F)(F)F)cc1,0.44670087
QETBJJUDAOYRGL-UHFFFAOYSA-N,CC(C)c1ccc(-c2nc(CN3CCN(c4ccnc5cc(Cl)ccc45)CC3)no2)cc1,0.8393747
KLWRPUFCSYVCQM-UHFFFAOYSA-N,CNC(=O)c1ccc(NC(=O)N(C)CCOC)cc1,0.041848302
JJDHPDREIXSEEH-UHFFFAOYSA-N,Cc1ccc(S(=O)(=O)n2cc(-c3ccnc(N)c3)c3cc(Br)cnc32)cc1,0.34733582
XZJLAMVKYUITNU-UHFFFAOYSA-N,NC1CC(=O)N(Cc2ccccc2C(F)(F)F)C1,0.31989563
WLHGHZCPMPCXDB-UHFFFAOYSA-N,Cc1ccccc1C1(O)CCN(Cc2cccnc2)C1,0.12302098
HZOXVRPWDPJBGA-UHFFFAOYSA-N,c1ccc(CN2CCCCC2CN2CCOCC2)nc1,0.3554048
QDBDOUAQHHPCNC-SOYRVYTOSA-N,C/C=C1/NC(=O)[C@H](C(C)C)NC(=O)[C@H](O)[C@@H]([C@@H](C)CCCCCCCC(Cl)CC)NC(=O)[C@@H]2CCCN2C(=O)[C@H](CC(N)=O)N(C)C(=O)[C@H]([C@@H](C)OC)NC(=O)[C@@H](C)NC(=O)[C@H](CCC(N)=O)NC(=O)[C@H]([C@@H](C)O)NC(=O)[C@H]([C@@H](C)O)NC1=O,
GGCNDTDZDXKCKW-UHFFFAOYSA-N,Cc1cc(C(=O)N2CCCNCC2)c(F)cc1F,0.057058513
YATPWSPDSQPXFJ-UHFFFAOYSA-N,CCNS(=O)(=O)C1CCN(Cc2cc(C#N)cs2)C1,0.21413836
IITKTKLTDSACHJ-WKIKZPBSSA-N,CC(=O)/C(=C/c1cn(CC(=O)N2CCN(Cc3ccc(Cl)cc3Cl)CC2)c2ccccc12)n1cc([N+](=O)[O-])nc1C,0.86343825
RNSSEBFUEJUWPS-ILWABNMSSA-N,CNC(=O)C(O/N=C(\C(=O)N[C@@H]1C(=O)N(OS(=O)(=O)O)C1(C)C)c1csc(N)n1)c1cc(=O)c(O)cn1O,0.037876546
QYZOOZUXCBFMHV-UHFFFAOYSA-N,N#CC1=C(Nc2ccccc2Cl)SC(c2ccncc2)NC1=O,0.27611953
SRTJABHVTIZEBY-UHFFFAOYSA-N,OCCc1cnn(-c2cccc(-n3cnnc3)c2)c1,0.11669579
KMGIUEVURYGDAE-UHFFFAOYSA-N,Cc1ccc(CN)cc1S(C)(=O)=O,0.1409578
IHAXDCHIJWBJFG-UHFFFAOYSA-N,CC(C)C(C)(CO)NC(=O)CN(C)C1CC1,0.039504737
DPQMVUSNQKZSOE-UHFFFAOYSA-M,COc1ccc2cc3[n+](cc2c1OCC(O)CSc1nnnn1C)CCc1cc2c(cc1-3)OCO2.[Br-],0.34311467
ZVCSXSWPMDRIIL-UHFFFAOYSA-N,COc1ccc(OC(=O)Nc2ccc([N+](=O)[O-])cc2OC)cc1,0.35492924
IODYLYHFAMKJQQ-UHFFFAOYSA-N,CN(CC1CCC1)C(=O)C1(c2cccnc2)CC1,0.07103217
KFNIOJLJEWEVSR-UHFFFAOYSA-N,COC(=O)c1ccccc1NC(=O)Cn1nc2c(Oc3ccc(C)cc3)nccn2c1=O,0.1999959
BZRREBXYNZGWPK-UHFFFAOYSA-N,CCN(C(=O)Cc1cccs1)C(C)CS(C)(=O)=O,0.04810375
VMGKQRQGNUCHLD-UHFFFAOYSA-N,CC(C)NC(=O)C(C)N1CCNCC1,0.07826474
TXXGSZUBPHBXRS-CCHMTFDQSA-N,Nc1nc(/C(=N/OC2(C(=O)O)CCC2)C(=O)N[C@@H]2C(=O)N(S(=O)(=O)O)[C@@H]2CNC(=O)NCc2cc(=O)c(O)cn2O)cs1,0.037973374
XPVKRNJOBDEBIH-UHFFFAOYSA-N,CCCNCCc1ccccn1,0.36942738
KBCYUPGQRGLEFY-DBYSDTNQSA-N,CC(C)CCOc1ccc2ccccc2c1-c1c(OCc2cn([C@H](CCCCN)C(=O)N[C@H](CCCNC(=N)N)Cn3cc(CC4CCCCC4)nn3)nn2)ccc2ccccc12.Cl.Cl,0.59615695
RUJXIYLYASMXCR-UHFFFAOYSA-N,Cc1cc(NC(C)CO)nc2ccccc12,0.06574744
GAZRTEHVNZZDPR-UHFFFAOYSA-N,Cc1cccc(C)c1NC(=O)Cn1nc2c(Sc3ccccc3)nccn2c1=O,0.072491825
OQFCLWJONWVEGG-UHFFFAOYSA-N,O=C(CSc1nnc2c(=O)n(-c3ccccc3)ccn12)Nc1ccc(F)cc1,0.06015122
DQMWMUMCNOJLSI-UHFFFAOYSA-N,NC(=S)NC(=O)c1ccccc1,0.29264736
FFUCDNZHTZOCKV-UHFFFAOYSA-N,N#Cc1ccc2c(C(=O)C(=O)NCCCNCCCCNCCCNC(=O)C(=O)c3c[nH]c4cc(C#N)ccc34)c[nH]c2c1.O=C(O)C(F)(F)F.O=C(O)C(F)(F)F,0.066557884
NNSGGLNHMNFSDD-UHFFFAOYSA-N,COc1ccc(Br)c(C(=O)N(CC(N)=O)C(C)C)c1,0.066004306
QWXBVRRUKZHDQL-UHFFFAOYSA-N,CC(C)NC(=O)c1ccc(C(C)C)cc1,0.07143444
MHGZYJCSJAGEDM-UHFFFAOYSA-N,Cc1n[nH]c(C)c1C(NC(N)=O)c1ccccc1,0.06540829
JUEZUFOKLZXUEC-UHFFFAOYSA-N,COCCNS(=O)(=O)c1ccc2c(c1)CCO2,0.14229652
IKTMGLOLBNFYBA-QMRJJIQGSA-N,Nc1nc(/C(=N/Oc2ccccc2)C(=O)N[C@@H]2C(=O)N(S(=O)(=O)O)[C@@H]2CNC(=O)NCc2cc(=O)c(O)cn2O)cs1,0.037866086
FKZIHJDQFHKWEE-UHFFFAOYSA-N,C[Si]1(C)OB(O)c2ccc(C(F)(F)F)cc21,0.09443098
OBDJQQGOWYVQMC-UHFFFAOYSA-N,Cc1nonc1OCCNC(=O)CN1CCOCC1,0.060178936
YORLEPUZHBDPSD-ZOEUBGRQSA-N,CC(C)[C@@H](O/N=C(\C(=O)N[C@@H]1C(=O)N(OS(=O)(=O)O)C1(C)C)c1csc(N)n1)c1cc(=O)c(O)cn1O,0.04298097
HJMXYBNPVQWRDZ-UHFFFAOYSA-N,OC(c1ccccc1)(c1ccccc1)C1CCN(Cc2ccc(-c3ccccc3)cc2)CC1,0.86246693
CZNIRQMVWKWRPN-UHFFFAOYSA-N,CNC1CC(=O)N(Cc2ccccc2)C1=O,0.06615108
NZNHAKSGYVELLB-UHFFFAOYSA-N,CS(=O)(=O)CCSCC(=O)Nc1ccccc1,0.047577173
MWWSFMDVAYGXBV-RUELKSSGSA-N,COc1cccc2c1C(=O)c1c(O)c3c(c(O)c1C2=O)C[C@@](O)(C(=O)CO)C[C@@H]3O[C@H]1C[C@H](N)[C@H](O)[C@H](C)O1.Cl,0.039151847
XVNGJKMSRUYMJF-UHFFFAOYSA-N,CCCCCCCCN1c2ccccc2C(=O)N(O)C1c1ccc(C)cc1,0.8964771
IDGWOWROCIIXQH-UHFFFAOYSA-N,O=C1COCCN1c1ccc(C2CC(c3ccc([N+](=O)[O-])o3)=NO2)cc1,0.49767897
NPBUMVMXXGQOEG-UHFFFAOYSA-N,Cc1noc(CN)n1,0.07917404
